[0m11:40:25.658157 [debug] [MainThread]: Sending event: {'category': 'dbt', 'action': 'invocation', 'label': 'start', 'context': [<snowplow_tracker.self_describing_json.SelfDescribingJson object at 0xffff88c120f0>, <snowplow_tracker.self_describing_json.SelfDescribingJson object at 0xffff888a42f0>, <snowplow_tracker.self_describing_json.SelfDescribingJson object at 0xffff8946a6f0>]}


============================== 11:40:25.663521 | 8cd7b4b6-82ac-40bc-8b64-4c4580c2091d ==============================
[0m11:40:25.663521 [info ] [MainThread]: Running with dbt=1.6.1
[0m11:40:25.664938 [debug] [MainThread]: running dbt with arguments {'write_json': 'True', 'quiet': 'False', 'profiles_dir': '/opt/airflow/dbt', 'cache_selected_only': 'False', 'fail_fast': 'False', 'warn_error_options': 'WarnErrorOptions(include=[], exclude=[])', 'no_print': 'None', 'log_format': 'default', 'warn_error': 'None', 'invocation_command': 'dbt run --select +dm_monthly_bookings', 'target_path': 'None', 'use_colors': 'True', 'log_path': '/opt/airflow/dbt/logs', 'indirect_selection': 'eager', 'printer_width': '80', 'debug': 'False', 'static_parser': 'True', 'partial_parse': 'True', 'log_cache_events': 'False', 'use_experimental_parser': 'False', 'introspect': 'True', 'version_check': 'True', 'send_anonymous_usage_stats': 'True'}
[0m11:40:25.670170 [error] [MainThread]: Encountered an error:
Parsing Error
  Env var required but not provided: 'DBT_DATABRICKS_HOST'
[0m11:40:25.670904 [debug] [MainThread]: Command `dbt run` failed at 11:40:25.670749 after 0.02 seconds
[0m11:40:25.671418 [debug] [MainThread]: Sending event: {'category': 'dbt', 'action': 'invocation', 'label': 'end', 'context': [<snowplow_tracker.self_describing_json.SelfDescribingJson object at 0xffff88fc51c0>, <snowplow_tracker.self_describing_json.SelfDescribingJson object at 0xffff88c0da60>, <snowplow_tracker.self_describing_json.SelfDescribingJson object at 0xffff888ec200>]}
[0m11:40:25.671869 [debug] [MainThread]: Flushing usage events
[0m11:48:52.114741 [debug] [MainThread]: Sending event: {'category': 'dbt', 'action': 'invocation', 'label': 'start', 'context': [<snowplow_tracker.self_describing_json.SelfDescribingJson object at 0xffff81f429c0>, <snowplow_tracker.self_describing_json.SelfDescribingJson object at 0xffff817bda60>, <snowplow_tracker.self_describing_json.SelfDescribingJson object at 0xffff8147bf80>]}


============================== 11:48:52.121249 | f31da05a-bba7-40f0-8c92-8bf03b5f973e ==============================
[0m11:48:52.121249 [info ] [MainThread]: Running with dbt=1.6.1
[0m11:48:52.122163 [debug] [MainThread]: running dbt with arguments {'static_parser': 'True', 'write_json': 'True', 'warn_error': 'None', 'log_path': '/opt/airflow/dbt/logs', 'use_colors': 'True', 'partial_parse': 'True', 'printer_width': '80', 'debug': 'False', 'use_experimental_parser': 'False', 'version_check': 'True', 'quiet': 'False', 'introspect': 'True', 'cache_selected_only': 'False', 'target_path': 'None', 'profiles_dir': '/opt/airflow/dbt', 'log_format': 'default', 'fail_fast': 'False', 'indirect_selection': 'eager', 'invocation_command': 'dbt run --select +dm_monthly_bookings', 'log_cache_events': 'False', 'send_anonymous_usage_stats': 'True', 'no_print': 'None', 'warn_error_options': 'WarnErrorOptions(include=[], exclude=[])'}
[0m11:48:52.127362 [info ] [MainThread]: Error importing adapter: No module named 'dbt.adapters.databricks'
[0m11:48:52.128246 [error] [MainThread]: Encountered an error:
Runtime Error
  Credentials in profile "wanderbricks", target "dev" invalid: Runtime Error
    Could not find adapter type databricks!
[0m11:48:52.128658 [debug] [MainThread]: Command `dbt run` failed at 11:48:52.128596 after 0.04 seconds
[0m11:48:52.129566 [debug] [MainThread]: Sending event: {'category': 'dbt', 'action': 'invocation', 'label': 'end', 'context': [<snowplow_tracker.self_describing_json.SelfDescribingJson object at 0xffff853254f0>, <snowplow_tracker.self_describing_json.SelfDescribingJson object at 0xffff817c0bf0>, <snowplow_tracker.self_describing_json.SelfDescribingJson object at 0xffff81509af0>]}
[0m11:48:52.130666 [debug] [MainThread]: Flushing usage events
[0m11:54:08.304053 [debug] [MainThread]: Sending event: {'category': 'dbt', 'action': 'invocation', 'label': 'start', 'context': [<snowplow_tracker.self_describing_json.SelfDescribingJson object at 0xffff837aa180>, <snowplow_tracker.self_describing_json.SelfDescribingJson object at 0xffff836ba0f0>, <snowplow_tracker.self_describing_json.SelfDescribingJson object at 0xffff836baff0>]}


============================== 11:54:08.310657 | 476df393-a82b-4a15-a0ce-cc9b4a6ba7c7 ==============================
[0m11:54:08.310657 [info ] [MainThread]: Running with dbt=1.6.1
[0m11:54:08.311283 [debug] [MainThread]: running dbt with arguments {'invocation_command': 'dbt run --select +dm_monthly_bookings', 'indirect_selection': 'eager', 'warn_error': 'None', 'use_colors': 'True', 'use_experimental_parser': 'False', 'send_anonymous_usage_stats': 'True', 'introspect': 'True', 'fail_fast': 'False', 'partial_parse': 'True', 'log_format': 'default', 'write_json': 'True', 'log_path': '/opt/airflow/dbt/logs', 'static_parser': 'True', 'no_print': 'None', 'quiet': 'False', 'cache_selected_only': 'False', 'version_check': 'True', 'warn_error_options': 'WarnErrorOptions(include=[], exclude=[])', 'log_cache_events': 'False', 'debug': 'False', 'printer_width': '80', 'profiles_dir': '/opt/airflow/dbt', 'target_path': 'None'}
[0m11:54:08.315978 [info ] [MainThread]: Error importing adapter: No module named 'dbt.adapters.databricks'
[0m11:54:08.316548 [error] [MainThread]: Encountered an error:
Runtime Error
  Credentials in profile "wanderbricks", target "dev" invalid: Runtime Error
    Could not find adapter type databricks!
[0m11:54:08.317084 [debug] [MainThread]: Command `dbt run` failed at 11:54:08.317022 after 0.02 seconds
[0m11:54:08.317451 [debug] [MainThread]: Sending event: {'category': 'dbt', 'action': 'invocation', 'label': 'end', 'context': [<snowplow_tracker.self_describing_json.SelfDescribingJson object at 0xffff875c54c0>, <snowplow_tracker.self_describing_json.SelfDescribingJson object at 0xffff836b9c70>, <snowplow_tracker.self_describing_json.SelfDescribingJson object at 0xffff836cf140>]}
[0m11:54:08.317873 [debug] [MainThread]: Flushing usage events
[0m12:58:24.188108 [debug] [MainThread]: Sending event: {'category': 'dbt', 'action': 'invocation', 'label': 'start', 'context': [<snowplow_tracker.self_describing_json.SelfDescribingJson object at 0xffff9f7538f0>, <snowplow_tracker.self_describing_json.SelfDescribingJson object at 0xffff9d1d1b20>, <snowplow_tracker.self_describing_json.SelfDescribingJson object at 0xffff9b9014c0>]}


============================== 12:58:24.192589 | 28dbdf9e-b72f-464e-ba95-95e446e8b556 ==============================
[0m12:58:24.192589 [info ] [MainThread]: Running with dbt=1.11.2
[0m12:58:24.193022 [debug] [MainThread]: running dbt with arguments {'partial_parse': 'True', 'quiet': 'False', 'write_json': 'True', 'fail_fast': 'False', 'static_parser': 'True', 'use_experimental_parser': 'False', 'send_anonymous_usage_stats': 'True', 'no_print': 'None', 'version_check': 'True', 'printer_width': '80', 'target_path': 'None', 'warn_error': 'None', 'empty': 'False', 'log_cache_events': 'False', 'warn_error_options': 'WarnErrorOptionsV2(error=[], warn=[], silence=[])', 'debug': 'False', 'profiles_dir': '/opt/airflow/dbt', 'cache_selected_only': 'False', 'indirect_selection': 'eager', 'use_colors': 'True', 'introspect': 'True', 'invocation_command': 'dbt run --select +dm_monthly_bookings', 'log_format': 'default', 'log_path': '/opt/airflow/dbt/logs'}
[0m12:58:24.682400 [debug] [MainThread]: Spark adapter: Setting pyhive.hive logging to ERROR
[0m12:58:24.682893 [debug] [MainThread]: Spark adapter: Setting thrift.transport logging to ERROR
[0m12:58:24.683167 [debug] [MainThread]: Spark adapter: Setting thrift.protocol logging to ERROR
[0m12:58:25.264247 [warn ] [MainThread]: [[33mWARNING[0m][MissingPlusPrefixDeprecation]: Deprecated functionality
Missing '+' prefix on `materialized` found at
`wanderbricks.staging.materialized` in file `/opt/airflow/dbt/dbt_project.yml`.
Hierarchical config values without a '+' prefix are deprecated in
dbt_project.yml.
[0m12:58:25.264908 [debug] [MainThread]: Sending event: {'category': 'dbt', 'action': 'deprecation', 'label': '28dbdf9e-b72f-464e-ba95-95e446e8b556', 'property_': 'warn', 'context': [<snowplow_tracker.self_describing_json.SelfDescribingJson object at 0xffff86adb530>]}
[0m12:58:25.326329 [debug] [MainThread]: Sending event: {'category': 'dbt', 'action': 'project_id', 'label': '28dbdf9e-b72f-464e-ba95-95e446e8b556', 'context': [<snowplow_tracker.self_describing_json.SelfDescribingJson object at 0xffff8397d970>]}
[0m12:58:25.356589 [debug] [MainThread]: Sending event: {'category': 'dbt', 'action': 'adapter_info', 'label': '28dbdf9e-b72f-464e-ba95-95e446e8b556', 'context': [<snowplow_tracker.self_describing_json.SelfDescribingJson object at 0xffff83b6a7e0>]}
[0m12:58:25.357211 [info ] [MainThread]: Registered adapter: databricks=1.11.4
[0m12:58:25.425251 [warn ] [MainThread]: [[33mWARNING[0m]: Use managed Iceberg tables when table_format is iceberg. When this flag is disabled, UniForm is used instead.
You may opt into the new behavior sooner by setting `flags.use_managed_iceberg` to `True` in `dbt_project.yml`.
Visit https://docs.getdbt.com/reference/global-configs/behavior-changes for more information.
[0m12:58:25.425737 [debug] [MainThread]: Sending event: {'category': 'dbt', 'action': 'BehaviorChangeEvent', 'label': '28dbdf9e-b72f-464e-ba95-95e446e8b556', 'context': [<snowplow_tracker.self_describing_json.SelfDescribingJson object at 0xffff83a0e030>]}
[0m12:58:25.433137 [debug] [MainThread]: checksum: 3d40d8bbe1bef07db1c24822f2dbfff8bc07f2a48ed4fe2658a40653aec0b54b, vars: {}, profile: , target: , version: 1.11.2
[0m12:58:25.434225 [info ] [MainThread]: Unable to do partial parsing because saved manifest not found. Starting full parse.
[0m12:58:25.434593 [debug] [MainThread]: Sending event: {'category': 'dbt', 'action': 'partial_parser', 'label': '28dbdf9e-b72f-464e-ba95-95e446e8b556', 'context': [<snowplow_tracker.self_describing_json.SelfDescribingJson object at 0xffff839aae40>]}
[0m12:58:26.448258 [warn ] [MainThread]: [[33mWARNING[0m]: Did not find matching node for patch with name 'dm_monthly_bookings' in the 'models' section of file 'models/datamarts/schema.yml'
[0m12:58:26.503373 [warn ] [MainThread]: [[33mWARNING[0m][MissingArgumentsPropertyInGenericTestDeprecation]: Deprecated
functionality
Found top-level arguments to test `relationships` defined on 'stg_bookings' in
package 'wanderbricks' (models/staging/schema.yml). Arguments to generic tests
should be nested under the `arguments` property.
[0m12:58:26.504038 [debug] [MainThread]: Sending event: {'category': 'dbt', 'action': 'deprecation', 'label': '28dbdf9e-b72f-464e-ba95-95e446e8b556', 'property_': 'warn', 'context': [<snowplow_tracker.self_describing_json.SelfDescribingJson object at 0xffff832eef90>]}
[0m12:58:26.688040 [warn ] [MainThread]: [[33mWARNING[0m]: Configuration paths exist in your dbt_project.yml file which do not apply to any resources.
There are 1 unused configuration paths:
- models.wanderbricks.marts
[0m12:58:26.694837 [debug] [MainThread]: Sending event: {'category': 'dbt', 'action': 'load_project', 'label': '28dbdf9e-b72f-464e-ba95-95e446e8b556', 'context': [<snowplow_tracker.self_describing_json.SelfDescribingJson object at 0xffff83456ff0>]}
[0m12:58:26.766860 [debug] [MainThread]: Wrote artifact WritableManifest to /opt/airflow/dbt/target/manifest.json
[0m12:58:26.769721 [debug] [MainThread]: Wrote artifact SemanticManifest to /opt/airflow/dbt/target/semantic_manifest.json
[0m12:58:26.783597 [debug] [MainThread]: Sending event: {'category': 'dbt', 'action': 'resource_counts', 'label': '28dbdf9e-b72f-464e-ba95-95e446e8b556', 'context': [<snowplow_tracker.self_describing_json.SelfDescribingJson object at 0xffff83a69880>]}
[0m12:58:26.784090 [info ] [MainThread]: Found 3 models, 8 data tests, 3 sources, 731 macros
[0m12:58:26.784504 [debug] [MainThread]: Sending event: {'category': 'dbt', 'action': 'runnable_timing', 'label': '28dbdf9e-b72f-464e-ba95-95e446e8b556', 'context': [<snowplow_tracker.self_describing_json.SelfDescribingJson object at 0xffff8356f6e0>]}
[0m12:58:26.785091 [warn ] [MainThread]: The selection criterion '+dm_monthly_bookings' does not match any enabled nodes
[0m12:58:26.786029 [warn ] [MainThread]: Nothing to do. Try checking your model configs and model specification args
[0m12:58:26.786473 [debug] [MainThread]: Command end result
[0m12:58:26.838488 [debug] [MainThread]: Wrote artifact WritableManifest to /opt/airflow/dbt/target/manifest.json
[0m12:58:26.845617 [debug] [MainThread]: Wrote artifact SemanticManifest to /opt/airflow/dbt/target/semantic_manifest.json
[0m12:58:26.848372 [debug] [MainThread]: Wrote artifact RunExecutionResult to /opt/airflow/dbt/target/run_results.json
[0m12:58:26.848973 [warn ] [MainThread]: [[33mWARNING[0m][DeprecationsSummary]: Deprecated functionality
Summary of encountered deprecations:
- MissingPlusPrefixDeprecation: 4 occurrences
- MissingArgumentsPropertyInGenericTestDeprecation: 1 occurrence
To see all deprecation instances instead of just the first occurrence of each,
run command again with the `--show-all-deprecations` flag. You may also need to
run with `--no-partial-parse` as some deprecations are only encountered during
parsing.
[0m12:58:26.849985 [debug] [MainThread]: Resource report: {"command_name": "run", "command_success": true, "command_wall_clock_time": 2.7166934, "process_in_blocks": "244264", "process_kernel_time": 0.335817, "process_mem_max_rss": "242008", "process_out_blocks": "4952", "process_user_time": 3.520178}
[0m12:58:26.850417 [debug] [MainThread]: Command `dbt run` succeeded at 12:58:26.850335 after 2.72 seconds
[0m12:58:26.850798 [debug] [MainThread]: Sending event: {'category': 'dbt', 'action': 'invocation', 'label': 'end', 'context': [<snowplow_tracker.self_describing_json.SelfDescribingJson object at 0xffff9c53f5c0>, <snowplow_tracker.self_describing_json.SelfDescribingJson object at 0xffff835d1520>, <snowplow_tracker.self_describing_json.SelfDescribingJson object at 0xffff832eeab0>]}
[0m12:58:26.851128 [debug] [MainThread]: Flushing usage events
[0m12:58:27.397813 [debug] [MainThread]: An error was encountered while trying to flush usage events
[0m13:09:20.355425 [debug] [MainThread]: Sending event: {'category': 'dbt', 'action': 'invocation', 'label': 'start', 'context': [<snowplow_tracker.self_describing_json.SelfDescribingJson object at 0xffffadf49220>, <snowplow_tracker.self_describing_json.SelfDescribingJson object at 0xffffaebd9b80>, <snowplow_tracker.self_describing_json.SelfDescribingJson object at 0xffffae36d7f0>]}


============================== 13:09:20.363319 | c3dd5259-b3fb-4e98-a003-624f5dbe51e8 ==============================
[0m13:09:20.363319 [info ] [MainThread]: Running with dbt=1.11.2
[0m13:09:20.364532 [debug] [MainThread]: running dbt with arguments {'log_path': '/opt/airflow/dbt/logs', 'log_format': 'default', 'send_anonymous_usage_stats': 'True', 'quiet': 'False', 'profiles_dir': '/opt/airflow/dbt', 'use_colors': 'True', 'partial_parse': 'True', 'cache_selected_only': 'False', 'log_cache_events': 'False', 'warn_error_options': 'WarnErrorOptionsV2(error=[], warn=[], silence=[])', 'use_experimental_parser': 'False', 'empty': 'False', 'fail_fast': 'False', 'no_print': 'None', 'warn_error': 'None', 'indirect_selection': 'eager', 'write_json': 'True', 'invocation_command': 'dbt run --select +dm_monthly_bookings', 'static_parser': 'True', 'target_path': 'None', 'debug': 'False', 'introspect': 'True', 'printer_width': '80', 'version_check': 'True'}
[0m13:09:21.154090 [debug] [MainThread]: Spark adapter: Setting pyhive.hive logging to ERROR
[0m13:09:21.154770 [debug] [MainThread]: Spark adapter: Setting thrift.transport logging to ERROR
[0m13:09:21.155137 [debug] [MainThread]: Spark adapter: Setting thrift.protocol logging to ERROR
[0m13:09:22.070201 [warn ] [MainThread]: [[33mWARNING[0m][MissingPlusPrefixDeprecation]: Deprecated functionality
Missing '+' prefix on `materialized` found at
`wanderbricks.datamarts.materialized` in file
`/opt/airflow/dbt/dbt_project.yml`. Hierarchical config values without a '+'
prefix are deprecated in dbt_project.yml.
[0m13:09:22.071149 [debug] [MainThread]: Sending event: {'category': 'dbt', 'action': 'deprecation', 'label': 'c3dd5259-b3fb-4e98-a003-624f5dbe51e8', 'property_': 'warn', 'context': [<snowplow_tracker.self_describing_json.SelfDescribingJson object at 0xffff9ff4fad0>]}
[0m13:09:22.173161 [debug] [MainThread]: Sending event: {'category': 'dbt', 'action': 'project_id', 'label': 'c3dd5259-b3fb-4e98-a003-624f5dbe51e8', 'context': [<snowplow_tracker.self_describing_json.SelfDescribingJson object at 0xffff962dd970>]}
[0m13:09:22.241800 [debug] [MainThread]: Sending event: {'category': 'dbt', 'action': 'adapter_info', 'label': 'c3dd5259-b3fb-4e98-a003-624f5dbe51e8', 'context': [<snowplow_tracker.self_describing_json.SelfDescribingJson object at 0xffffabc9be90>]}
[0m13:09:22.242892 [info ] [MainThread]: Registered adapter: databricks=1.11.4
[0m13:09:22.349959 [warn ] [MainThread]: [[33mWARNING[0m]: Use managed Iceberg tables when table_format is iceberg. When this flag is disabled, UniForm is used instead.
You may opt into the new behavior sooner by setting `flags.use_managed_iceberg` to `True` in `dbt_project.yml`.
Visit https://docs.getdbt.com/reference/global-configs/behavior-changes for more information.
[0m13:09:22.352257 [debug] [MainThread]: Sending event: {'category': 'dbt', 'action': 'BehaviorChangeEvent', 'label': 'c3dd5259-b3fb-4e98-a003-624f5dbe51e8', 'context': [<snowplow_tracker.self_describing_json.SelfDescribingJson object at 0xffff96330c80>]}
[0m13:09:22.363069 [debug] [MainThread]: checksum: 3d40d8bbe1bef07db1c24822f2dbfff8bc07f2a48ed4fe2658a40653aec0b54b, vars: {}, profile: , target: , version: 1.11.2
[0m13:09:22.451338 [info ] [MainThread]: Unable to do partial parsing because a project config has changed
[0m13:09:22.451915 [debug] [MainThread]: Sending event: {'category': 'dbt', 'action': 'partial_parser', 'label': 'c3dd5259-b3fb-4e98-a003-624f5dbe51e8', 'context': [<snowplow_tracker.self_describing_json.SelfDescribingJson object at 0xffff95e857f0>]}
[0m13:09:23.357078 [warn ] [MainThread]: [[33mWARNING[0m]: Did not find matching node for patch with name 'dm_monthly_bookings' in the 'models' section of file 'models/datamarts/schema.yml'
[0m13:09:23.406646 [warn ] [MainThread]: [[33mWARNING[0m][MissingArgumentsPropertyInGenericTestDeprecation]: Deprecated
functionality
Found top-level arguments to test `relationships` defined on 'stg_bookings' in
package 'wanderbricks' (models/staging/schema.yml). Arguments to generic tests
should be nested under the `arguments` property.
[0m13:09:23.407341 [debug] [MainThread]: Sending event: {'category': 'dbt', 'action': 'deprecation', 'label': 'c3dd5259-b3fb-4e98-a003-624f5dbe51e8', 'property_': 'warn', 'context': [<snowplow_tracker.self_describing_json.SelfDescribingJson object at 0xffff95df0140>]}
[0m13:09:23.552770 [warn ] [MainThread]: [[33mWARNING[0m]: Configuration paths exist in your dbt_project.yml file which do not apply to any resources.
There are 2 unused configuration paths:
- models.wanderbricks.datamarts
- models.wanderbricks.star_schema
[0m13:09:23.559349 [debug] [MainThread]: Sending event: {'category': 'dbt', 'action': 'load_project', 'label': 'c3dd5259-b3fb-4e98-a003-624f5dbe51e8', 'context': [<snowplow_tracker.self_describing_json.SelfDescribingJson object at 0xffffadbca7e0>]}
[0m13:09:23.642184 [debug] [MainThread]: Wrote artifact WritableManifest to /opt/airflow/dbt/target/manifest.json
[0m13:09:23.651962 [debug] [MainThread]: Wrote artifact SemanticManifest to /opt/airflow/dbt/target/semantic_manifest.json
[0m13:09:23.684135 [debug] [MainThread]: Sending event: {'category': 'dbt', 'action': 'resource_counts', 'label': 'c3dd5259-b3fb-4e98-a003-624f5dbe51e8', 'context': [<snowplow_tracker.self_describing_json.SelfDescribingJson object at 0xffff95e711f0>]}
[0m13:09:23.684966 [info ] [MainThread]: Found 3 models, 8 data tests, 3 sources, 731 macros
[0m13:09:23.685575 [debug] [MainThread]: Sending event: {'category': 'dbt', 'action': 'runnable_timing', 'label': 'c3dd5259-b3fb-4e98-a003-624f5dbe51e8', 'context': [<snowplow_tracker.self_describing_json.SelfDescribingJson object at 0xffff95e85dc0>]}
[0m13:09:23.686225 [warn ] [MainThread]: The selection criterion '+dm_monthly_bookings' does not match any enabled nodes
[0m13:09:23.687115 [warn ] [MainThread]: Nothing to do. Try checking your model configs and model specification args
[0m13:09:23.687615 [debug] [MainThread]: Command end result
[0m13:09:23.732422 [debug] [MainThread]: Wrote artifact WritableManifest to /opt/airflow/dbt/target/manifest.json
[0m13:09:23.736165 [debug] [MainThread]: Wrote artifact SemanticManifest to /opt/airflow/dbt/target/semantic_manifest.json
[0m13:09:23.746668 [debug] [MainThread]: Wrote artifact RunExecutionResult to /opt/airflow/dbt/target/run_results.json
[0m13:09:23.747376 [warn ] [MainThread]: [[33mWARNING[0m][DeprecationsSummary]: Deprecated functionality
Summary of encountered deprecations:
- MissingPlusPrefixDeprecation: 6 occurrences
- MissingArgumentsPropertyInGenericTestDeprecation: 1 occurrence
To see all deprecation instances instead of just the first occurrence of each,
run command again with the `--show-all-deprecations` flag. You may also need to
run with `--no-partial-parse` as some deprecations are only encountered during
parsing.
[0m13:09:23.748549 [debug] [MainThread]: Resource report: {"command_name": "run", "command_success": true, "command_wall_clock_time": 3.455376, "process_in_blocks": "45680", "process_kernel_time": 0.687866, "process_mem_max_rss": "243168", "process_out_blocks": "4952", "process_user_time": 4.412744}
[0m13:09:23.748960 [debug] [MainThread]: Command `dbt run` succeeded at 13:09:23.748908 after 3.46 seconds
[0m13:09:23.749330 [debug] [MainThread]: Sending event: {'category': 'dbt', 'action': 'invocation', 'label': 'end', 'context': [<snowplow_tracker.self_describing_json.SelfDescribingJson object at 0xffffae541c70>, <snowplow_tracker.self_describing_json.SelfDescribingJson object at 0xffffae36d7f0>, <snowplow_tracker.self_describing_json.SelfDescribingJson object at 0xffff95f4f260>]}
[0m13:09:23.749654 [debug] [MainThread]: Flushing usage events
[0m13:09:24.298212 [debug] [MainThread]: An error was encountered while trying to flush usage events
[0m14:14:37.958808 [debug] [MainThread]: Sending event: {'category': 'dbt', 'action': 'invocation', 'label': 'start', 'context': [<snowplow_tracker.self_describing_json.SelfDescribingJson object at 0xffff8c9bb9b0>, <snowplow_tracker.self_describing_json.SelfDescribingJson object at 0xffff8f1cc710>, <snowplow_tracker.self_describing_json.SelfDescribingJson object at 0xffff8cd80230>]}


============================== 14:14:37.968324 | 3cc3b75a-9f50-4c11-b7de-5fb5074c66a4 ==============================
[0m14:14:37.968324 [info ] [MainThread]: Running with dbt=1.11.2
[0m14:14:37.973684 [debug] [MainThread]: running dbt with arguments {'log_cache_events': 'False', 'log_path': '/opt/airflow/dbt/logs', 'invocation_command': 'dbt run --select +dm_monthly_bookings', 'log_format': 'default', 'use_experimental_parser': 'False', 'fail_fast': 'False', 'version_check': 'True', 'cache_selected_only': 'False', 'static_parser': 'True', 'quiet': 'False', 'indirect_selection': 'eager', 'warn_error_options': 'WarnErrorOptionsV2(error=[], warn=[], silence=[])', 'no_print': 'None', 'printer_width': '80', 'empty': 'False', 'send_anonymous_usage_stats': 'True', 'use_colors': 'True', 'target_path': 'None', 'warn_error': 'None', 'debug': 'False', 'profiles_dir': '/opt/airflow/dbt', 'introspect': 'True', 'write_json': 'True', 'partial_parse': 'True'}
[0m14:14:38.801697 [debug] [MainThread]: Spark adapter: Setting pyhive.hive logging to ERROR
[0m14:14:38.802550 [debug] [MainThread]: Spark adapter: Setting thrift.transport logging to ERROR
[0m14:14:38.802979 [debug] [MainThread]: Spark adapter: Setting thrift.protocol logging to ERROR
[0m14:14:39.243676 [warn ] [MainThread]: [[33mWARNING[0m][MissingPlusPrefixDeprecation]: Deprecated functionality
Missing '+' prefix on `schema` found at `wanderbricks.staging.schema` in file
`/opt/airflow/dbt/dbt_project.yml`. Hierarchical config values without a '+'
prefix are deprecated in dbt_project.yml.
[0m14:14:39.244410 [debug] [MainThread]: Sending event: {'category': 'dbt', 'action': 'deprecation', 'label': '3cc3b75a-9f50-4c11-b7de-5fb5074c66a4', 'property_': 'warn', 'context': [<snowplow_tracker.self_describing_json.SelfDescribingJson object at 0xffff8c24aa20>]}
[0m14:14:39.311164 [debug] [MainThread]: Sending event: {'category': 'dbt', 'action': 'project_id', 'label': '3cc3b75a-9f50-4c11-b7de-5fb5074c66a4', 'context': [<snowplow_tracker.self_describing_json.SelfDescribingJson object at 0xffff74914230>]}
[0m14:14:39.342512 [debug] [MainThread]: Sending event: {'category': 'dbt', 'action': 'adapter_info', 'label': '3cc3b75a-9f50-4c11-b7de-5fb5074c66a4', 'context': [<snowplow_tracker.self_describing_json.SelfDescribingJson object at 0xffff76d6dd30>]}
[0m14:14:39.343388 [info ] [MainThread]: Registered adapter: databricks=1.11.4
[0m14:14:39.427096 [warn ] [MainThread]: [[33mWARNING[0m]: Use managed Iceberg tables when table_format is iceberg. When this flag is disabled, UniForm is used instead.
You may opt into the new behavior sooner by setting `flags.use_managed_iceberg` to `True` in `dbt_project.yml`.
Visit https://docs.getdbt.com/reference/global-configs/behavior-changes for more information.
[0m14:14:39.427991 [debug] [MainThread]: Sending event: {'category': 'dbt', 'action': 'BehaviorChangeEvent', 'label': '3cc3b75a-9f50-4c11-b7de-5fb5074c66a4', 'context': [<snowplow_tracker.self_describing_json.SelfDescribingJson object at 0xffff7493fd70>]}
[0m14:14:39.442208 [debug] [MainThread]: checksum: 3d40d8bbe1bef07db1c24822f2dbfff8bc07f2a48ed4fe2658a40653aec0b54b, vars: {}, profile: , target: , version: 1.11.2
[0m14:14:39.642895 [debug] [MainThread]: Partial parsing enabled: 0 files deleted, 5 files added, 1 files changed.
[0m14:14:39.646214 [debug] [MainThread]: Partial parsing: added file: wanderbricks://models/datamarts/dm_monthly_bookings.sql
[0m14:14:39.646899 [debug] [MainThread]: Partial parsing: added file: wanderbricks://models/star_schema/dim_users.sql
[0m14:14:39.647530 [debug] [MainThread]: Partial parsing: added file: wanderbricks://models/star_schema/dim_properties.sql
[0m14:14:39.647966 [debug] [MainThread]: Partial parsing: added file: wanderbricks://models/star_schema/schema.yml
[0m14:14:39.648287 [debug] [MainThread]: Partial parsing: added file: wanderbricks://models/star_schema/fct_bookings.sql
[0m14:14:39.648763 [debug] [MainThread]: Partial parsing: updated file: wanderbricks://models/datamarts/schema.yml
[0m14:14:39.850281 [warn ] [MainThread]: [[33mWARNING[0m][MissingArgumentsPropertyInGenericTestDeprecation]: Deprecated
functionality
Found top-level arguments to test `relationships` defined on 'fct_bookings' in
package 'wanderbricks' (models/star_schema/schema.yml). Arguments to generic
tests should be nested under the `arguments` property.
[0m14:14:39.851021 [debug] [MainThread]: Sending event: {'category': 'dbt', 'action': 'deprecation', 'label': '3cc3b75a-9f50-4c11-b7de-5fb5074c66a4', 'property_': 'warn', 'context': [<snowplow_tracker.self_describing_json.SelfDescribingJson object at 0xffff744c7c50>]}
[0m14:14:39.905435 [debug] [MainThread]: Sending event: {'category': 'dbt', 'action': 'load_project', 'label': '3cc3b75a-9f50-4c11-b7de-5fb5074c66a4', 'context': [<snowplow_tracker.self_describing_json.SelfDescribingJson object at 0xffff73b1dbb0>]}
[0m14:14:40.080621 [debug] [MainThread]: Wrote artifact WritableManifest to /opt/airflow/dbt/target/manifest.json
[0m14:14:40.088511 [debug] [MainThread]: Wrote artifact SemanticManifest to /opt/airflow/dbt/target/semantic_manifest.json
[0m14:14:40.117787 [debug] [MainThread]: Sending event: {'category': 'dbt', 'action': 'resource_counts', 'label': '3cc3b75a-9f50-4c11-b7de-5fb5074c66a4', 'context': [<snowplow_tracker.self_describing_json.SelfDescribingJson object at 0xffff73c05670>]}
[0m14:14:40.118377 [info ] [MainThread]: Found 7 models, 18 data tests, 3 sources, 731 macros
[0m14:14:40.118842 [debug] [MainThread]: Sending event: {'category': 'dbt', 'action': 'runnable_timing', 'label': '3cc3b75a-9f50-4c11-b7de-5fb5074c66a4', 'context': [<snowplow_tracker.self_describing_json.SelfDescribingJson object at 0xffff73bf03e0>]}
[0m14:14:40.120280 [info ] [MainThread]: 
[0m14:14:40.120667 [info ] [MainThread]: Concurrency: 4 threads (target='dev')
[0m14:14:40.121049 [info ] [MainThread]: 
[0m14:14:40.121545 [debug] [MainThread]: Databricks adapter: DatabricksDBTConnection(session-id=None, name=master) - Creating connection
[0m14:14:40.121873 [debug] [MainThread]: Acquiring new databricks connection 'master'
[0m14:14:40.126425 [debug] [ThreadPool]: Databricks adapter: DatabricksDBTConnection(session-id=None, name=list_hive_metastore) - Creating connection
[0m14:14:40.126881 [debug] [ThreadPool]: Acquiring new databricks connection 'list_hive_metastore'
[0m14:14:40.127194 [debug] [ThreadPool]: Databricks adapter: DatabricksDBTConnection(session-id=None, name=list_hive_metastore) - Creating connection
[0m14:14:40.133028 [debug] [ThreadPool]: Databricks adapter: DatabricksDBTConnection(session-id=None, name=list_hive_metastore) - Creating connection
[0m14:14:40.134958 [debug] [ThreadPool]: Using databricks connection "list_hive_metastore"
[0m14:14:40.135432 [debug] [ThreadPool]: Acquiring new databricks connection 'list_hive_metastore'
[0m14:14:40.135825 [debug] [ThreadPool]: Acquiring new databricks connection 'list_hive_metastore'
[0m14:14:40.136259 [debug] [ThreadPool]: On list_hive_metastore: /* {"app": "dbt", "dbt_version": "1.11.2", "dbt_databricks_version": "1.11.4", "databricks_sql_connector_version": "4.1.3", "profile_name": "wanderbricks", "target_name": "dev", "connection_name": "list_hive_metastore"} */

    

  SHOW SCHEMAS IN `hive_metastore`


  
[0m14:14:40.138367 [debug] [ThreadPool]: Using databricks connection "list_hive_metastore"
[0m14:14:40.139776 [debug] [ThreadPool]: Using databricks connection "list_hive_metastore"
[0m14:14:40.140226 [debug] [ThreadPool]: Opening a new connection, currently in state init
[0m14:14:40.140639 [debug] [ThreadPool]: On list_hive_metastore: /* {"app": "dbt", "dbt_version": "1.11.2", "dbt_databricks_version": "1.11.4", "databricks_sql_connector_version": "4.1.3", "profile_name": "wanderbricks", "target_name": "dev", "connection_name": "list_hive_metastore"} */

    

  SHOW SCHEMAS IN `hive_metastore`


  
[0m14:14:40.141134 [debug] [ThreadPool]: On list_hive_metastore: /* {"app": "dbt", "dbt_version": "1.11.2", "dbt_databricks_version": "1.11.4", "databricks_sql_connector_version": "4.1.3", "profile_name": "wanderbricks", "target_name": "dev", "connection_name": "list_hive_metastore"} */

    

  SHOW SCHEMAS IN `hive_metastore`


  
[0m14:14:40.141880 [debug] [ThreadPool]: Opening a new connection, currently in state init
[0m14:14:40.142888 [debug] [ThreadPool]: Opening a new connection, currently in state init
[0m14:14:40.652275 [debug] [ThreadPool]: Databricks adapter: Connection(session-id=01f0f08a-334c-187a-ba78-1e79e825069d) - Created
[0m14:14:40.657259 [debug] [ThreadPool]: Databricks adapter: Connection(session-id=01f0f08a-334b-1ec7-bf2a-983b7e87227a) - Created
[0m14:14:40.672708 [debug] [ThreadPool]: Databricks adapter: Connection(session-id=01f0f08a-334d-1b31-b584-cb512df4f5fe) - Created
[0m14:14:51.378139 [debug] [ThreadPool]: SQL status: OK in 11.240 seconds
[0m14:14:51.380121 [debug] [ThreadPool]: SQL status: OK in 11.240 seconds
[0m14:14:51.380485 [debug] [ThreadPool]: SQL status: OK in 11.240 seconds
[0m14:14:51.435071 [debug] [ThreadPool]: Databricks adapter: Cursor(session-id=01f0f08a-334c-187a-ba78-1e79e825069d, command-id=01f0f08a-3363-1df0-b2b2-cd4eefd2a77a) - Closing
[0m14:14:51.436115 [debug] [ThreadPool]: Databricks adapter: Cursor(session-id=01f0f08a-334d-1b31-b584-cb512df4f5fe, command-id=01f0f08a-3365-18cd-9441-898989411e7a) - Closing
[0m14:14:51.436853 [debug] [ThreadPool]: Databricks adapter: Cursor(session-id=01f0f08a-334b-1ec7-bf2a-983b7e87227a, command-id=01f0f08a-3363-1a21-990e-10fe40b22208) - Closing
[0m14:14:51.545466 [debug] [ThreadPool]: On list_hive_metastore: Close
[0m14:14:51.565728 [debug] [ThreadPool]: Databricks adapter: Connection(session-id=01f0f08a-334d-1b31-b584-cb512df4f5fe) - Closing
[0m14:14:51.643451 [debug] [ThreadPool]: On list_hive_metastore: Close
[0m14:14:51.644151 [debug] [ThreadPool]: Databricks adapter: Connection(session-id=01f0f08a-334c-187a-ba78-1e79e825069d) - Closing
[0m14:14:51.718564 [debug] [ThreadPool]: On list_hive_metastore: Close
[0m14:14:51.719524 [debug] [ThreadPool]: Databricks adapter: Connection(session-id=01f0f08a-334b-1ec7-bf2a-983b7e87227a) - Closing
[0m14:14:51.792069 [debug] [ThreadPool]: Databricks adapter: DatabricksDBTConnection(session-id=None, name=create_hive_metastore_dbt_dev_schema_staging) - Creating connection
[0m14:14:51.792872 [debug] [ThreadPool]: Databricks adapter: DatabricksDBTConnection(session-id=None, name=create_hive_metastore_dbt_dev_schema_datamarts) - Creating connection
[0m14:14:51.793403 [debug] [ThreadPool]: Databricks adapter: DatabricksDBTConnection(session-id=None, name=create_hive_metastore_dbt_dev_schema_star_schema) - Creating connection
[0m14:14:51.793751 [debug] [ThreadPool]: Acquiring new databricks connection 'create_hive_metastore_dbt_dev_schema_staging'
[0m14:14:51.794194 [debug] [ThreadPool]: Acquiring new databricks connection 'create_hive_metastore_dbt_dev_schema_datamarts'
[0m14:14:51.801975 [debug] [ThreadPool]: Acquiring new databricks connection 'create_hive_metastore_dbt_dev_schema_star_schema'
[0m14:14:51.803367 [debug] [ThreadPool]: Creating schema "database: "hive_metastore"
schema: "dbt_dev_schema_staging"
"
[0m14:14:51.804015 [debug] [ThreadPool]: Creating schema "database: "hive_metastore"
schema: "dbt_dev_schema_datamarts"
"
[0m14:14:51.804451 [debug] [ThreadPool]: Creating schema "database: "hive_metastore"
schema: "dbt_dev_schema_star_schema"
"
[0m14:14:51.813482 [debug] [ThreadPool]: Using databricks connection "create_hive_metastore_dbt_dev_schema_staging"
[0m14:14:51.822671 [debug] [ThreadPool]: Using databricks connection "create_hive_metastore_dbt_dev_schema_star_schema"
[0m14:14:51.845124 [debug] [ThreadPool]: On create_hive_metastore_dbt_dev_schema_star_schema: /* {"app": "dbt", "dbt_version": "1.11.2", "dbt_databricks_version": "1.11.4", "databricks_sql_connector_version": "4.1.3", "profile_name": "wanderbricks", "target_name": "dev", "connection_name": "create_hive_metastore_dbt_dev_schema_star_schema"} */
create schema if not exists `hive_metastore`.`dbt_dev_schema_star_schema`
  
[0m14:14:51.838266 [debug] [ThreadPool]: On create_hive_metastore_dbt_dev_schema_staging: /* {"app": "dbt", "dbt_version": "1.11.2", "dbt_databricks_version": "1.11.4", "databricks_sql_connector_version": "4.1.3", "profile_name": "wanderbricks", "target_name": "dev", "connection_name": "create_hive_metastore_dbt_dev_schema_staging"} */
create schema if not exists `hive_metastore`.`dbt_dev_schema_staging`
  
[0m14:14:51.846572 [debug] [ThreadPool]: Using databricks connection "create_hive_metastore_dbt_dev_schema_datamarts"
[0m14:14:51.849228 [debug] [ThreadPool]: On create_hive_metastore_dbt_dev_schema_datamarts: /* {"app": "dbt", "dbt_version": "1.11.2", "dbt_databricks_version": "1.11.4", "databricks_sql_connector_version": "4.1.3", "profile_name": "wanderbricks", "target_name": "dev", "connection_name": "create_hive_metastore_dbt_dev_schema_datamarts"} */
create schema if not exists `hive_metastore`.`dbt_dev_schema_datamarts`
  
[0m14:14:51.849766 [debug] [ThreadPool]: Opening a new connection, currently in state init
[0m14:14:51.847104 [debug] [ThreadPool]: Opening a new connection, currently in state init
[0m14:14:51.848146 [debug] [ThreadPool]: Opening a new connection, currently in state init
[0m14:14:52.185978 [debug] [ThreadPool]: Databricks adapter: Connection(session-id=01f0f08a-3a3b-104a-8724-5075f2b9c01c) - Created
[0m14:14:52.191767 [debug] [ThreadPool]: Databricks adapter: Connection(session-id=01f0f08a-3a3b-13f6-a255-20523060906a) - Created
[0m14:14:52.193071 [debug] [ThreadPool]: Databricks adapter: Connection(session-id=01f0f08a-3a37-1b06-9a36-a437db53727b) - Created
[0m14:14:53.009138 [debug] [ThreadPool]: SQL status: OK in 1.160 seconds
[0m14:14:53.010291 [debug] [ThreadPool]: Databricks adapter: Cursor(session-id=01f0f08a-3a3b-104a-8724-5075f2b9c01c, command-id=01f0f08a-3a42-1422-ba53-9d965be8e195) - Closing
[0m14:14:53.010808 [debug] [ThreadPool]: On create_hive_metastore_dbt_dev_schema_star_schema: Close
[0m14:14:53.011235 [debug] [ThreadPool]: Databricks adapter: Connection(session-id=01f0f08a-3a3b-104a-8724-5075f2b9c01c) - Closing
[0m14:14:53.014107 [debug] [ThreadPool]: SQL status: OK in 1.170 seconds
[0m14:14:53.015025 [debug] [ThreadPool]: Databricks adapter: Cursor(session-id=01f0f08a-3a37-1b06-9a36-a437db53727b, command-id=01f0f08a-3a43-1f79-82a5-2b108a99a259) - Closing
[0m14:14:53.038335 [debug] [ThreadPool]: SQL status: OK in 1.190 seconds
[0m14:14:53.039274 [debug] [ThreadPool]: Databricks adapter: Cursor(session-id=01f0f08a-3a3b-13f6-a255-20523060906a, command-id=01f0f08a-3a43-19dc-815a-cbbb6df90e32) - Closing
[0m14:14:53.078949 [debug] [ThreadPool]: On create_hive_metastore_dbt_dev_schema_staging: Close
[0m14:14:53.079609 [debug] [ThreadPool]: Databricks adapter: Connection(session-id=01f0f08a-3a37-1b06-9a36-a437db53727b) - Closing
[0m14:14:53.148810 [debug] [ThreadPool]: On create_hive_metastore_dbt_dev_schema_datamarts: Close
[0m14:14:53.149350 [debug] [ThreadPool]: Databricks adapter: Connection(session-id=01f0f08a-3a3b-13f6-a255-20523060906a) - Closing
[0m14:14:53.217037 [debug] [ThreadPool]: Databricks adapter: DatabricksDBTConnection(session-id=None, name=list_hive_metastore_dbt_dev_schema_staging) - Creating connection
[0m14:14:53.218008 [debug] [ThreadPool]: Databricks adapter: DatabricksDBTConnection(session-id=None, name=list_hive_metastore_dbt_dev_schema_datamarts) - Creating connection
[0m14:14:53.218435 [debug] [ThreadPool]: Acquiring new databricks connection 'list_hive_metastore_dbt_dev_schema_staging'
[0m14:14:53.219053 [debug] [ThreadPool]: Databricks adapter: DatabricksDBTConnection(session-id=None, name=list_hive_metastore_dbt_dev_schema_star_schema) - Creating connection
[0m14:14:53.219433 [debug] [ThreadPool]: Acquiring new databricks connection 'list_hive_metastore_dbt_dev_schema_datamarts'
[0m14:14:53.220036 [debug] [ThreadPool]: Using databricks connection "list_hive_metastore_dbt_dev_schema_staging"
[0m14:14:53.220500 [debug] [ThreadPool]: Acquiring new databricks connection 'list_hive_metastore_dbt_dev_schema_star_schema'
[0m14:14:53.220919 [debug] [ThreadPool]: Using databricks connection "list_hive_metastore_dbt_dev_schema_datamarts"
[0m14:14:53.221331 [debug] [ThreadPool]: On list_hive_metastore_dbt_dev_schema_staging: GetTables(database=hive_metastore, schema=dbt_dev_schema_staging)
[0m14:14:53.221744 [debug] [ThreadPool]: Using databricks connection "list_hive_metastore_dbt_dev_schema_star_schema"
[0m14:14:53.222171 [debug] [ThreadPool]: On list_hive_metastore_dbt_dev_schema_datamarts: GetTables(database=hive_metastore, schema=dbt_dev_schema_datamarts)
[0m14:14:53.222589 [debug] [ThreadPool]: Opening a new connection, currently in state init
[0m14:14:53.222940 [debug] [ThreadPool]: On list_hive_metastore_dbt_dev_schema_star_schema: GetTables(database=hive_metastore, schema=dbt_dev_schema_star_schema)
[0m14:14:53.223341 [debug] [ThreadPool]: Opening a new connection, currently in state init
[0m14:14:53.224362 [debug] [ThreadPool]: Opening a new connection, currently in state init
[0m14:14:53.482411 [debug] [ThreadPool]: Databricks adapter: Connection(session-id=01f0f08a-3b00-1337-82b3-66648f84e8b7) - Created
[0m14:14:53.507677 [debug] [ThreadPool]: Databricks adapter: Connection(session-id=01f0f08a-3b00-1b56-ba6c-7d3c07e40d2b) - Created
[0m14:14:53.509036 [debug] [ThreadPool]: Databricks adapter: Connection(session-id=01f0f08a-3b01-1046-aaec-b64b56ad56ac) - Created
[0m14:14:53.878907 [debug] [ThreadPool]: SQL status: OK in 0.660 seconds
[0m14:14:53.883490 [debug] [ThreadPool]: Databricks adapter: Cursor(session-id=01f0f08a-3b00-1b56-ba6c-7d3c07e40d2b, command-id=01f0f08a-3b0c-172c-95e1-8c046c721fc7) - Closing
[0m14:14:53.884138 [debug] [ThreadPool]: On list_hive_metastore_dbt_dev_schema_staging: Close
[0m14:14:53.880851 [debug] [ThreadPool]: SQL status: OK in 0.660 seconds
[0m14:14:53.881384 [debug] [ThreadPool]: SQL status: OK in 0.660 seconds
[0m14:14:53.884506 [debug] [ThreadPool]: Databricks adapter: Connection(session-id=01f0f08a-3b00-1b56-ba6c-7d3c07e40d2b) - Closing
[0m14:14:53.885366 [debug] [ThreadPool]: Databricks adapter: Cursor(session-id=01f0f08a-3b01-1046-aaec-b64b56ad56ac, command-id=01f0f08a-3b0d-12a7-80a1-e47e8b9ab91a) - Closing
[0m14:14:53.886800 [debug] [ThreadPool]: Databricks adapter: Cursor(session-id=01f0f08a-3b00-1337-82b3-66648f84e8b7, command-id=01f0f08a-3b08-161a-b39f-e986f799fe64) - Closing
[0m14:14:53.951941 [debug] [ThreadPool]: On list_hive_metastore_dbt_dev_schema_star_schema: Close
[0m14:14:53.952560 [debug] [ThreadPool]: Databricks adapter: Connection(session-id=01f0f08a-3b01-1046-aaec-b64b56ad56ac) - Closing
[0m14:14:54.015525 [debug] [ThreadPool]: On list_hive_metastore_dbt_dev_schema_datamarts: Close
[0m14:14:54.016091 [debug] [ThreadPool]: Databricks adapter: Connection(session-id=01f0f08a-3b00-1337-82b3-66648f84e8b7) - Closing
[0m14:14:54.080898 [debug] [MainThread]: Sending event: {'category': 'dbt', 'action': 'runnable_timing', 'label': '3cc3b75a-9f50-4c11-b7de-5fb5074c66a4', 'context': [<snowplow_tracker.self_describing_json.SelfDescribingJson object at 0xffff76d07dd0>]}
[0m14:14:54.092908 [debug] [Thread-4 (]: Began running node model.wanderbricks.stg_bookings
[0m14:14:54.093403 [debug] [Thread-5 (]: Began running node model.wanderbricks.stg_properties
[0m14:14:54.094066 [debug] [Thread-6 (]: Began running node model.wanderbricks.stg_users
[0m14:14:54.094613 [info ] [Thread-4 (]: 1 of 7 START sql view model dbt_dev_schema_staging.stg_bookings ................ [RUN]
[0m14:14:54.096152 [info ] [Thread-5 (]: 2 of 7 START sql view model dbt_dev_schema_staging.stg_properties .............. [RUN]
[0m14:14:54.096754 [info ] [Thread-6 (]: 3 of 7 START sql view model dbt_dev_schema_staging.stg_users ................... [RUN]
[0m14:14:54.097481 [debug] [Thread-4 (]: Databricks adapter: DatabricksDBTConnection(session-id=None, name=model.wanderbricks.stg_bookings) - Creating connection
[0m14:14:54.098182 [debug] [Thread-5 (]: Databricks adapter: DatabricksDBTConnection(session-id=None, name=model.wanderbricks.stg_properties) - Creating connection
[0m14:14:54.099935 [debug] [Thread-5 (]: Acquiring new databricks connection 'model.wanderbricks.stg_properties'
[0m14:14:54.099404 [debug] [Thread-4 (]: Acquiring new databricks connection 'model.wanderbricks.stg_bookings'
[0m14:14:54.098803 [debug] [Thread-6 (]: Databricks adapter: DatabricksDBTConnection(session-id=None, name=model.wanderbricks.stg_users) - Creating connection
[0m14:14:54.102614 [debug] [Thread-6 (]: Acquiring new databricks connection 'model.wanderbricks.stg_users'
[0m14:14:54.102978 [debug] [Thread-6 (]: Began compiling node model.wanderbricks.stg_users
[0m14:14:54.100683 [debug] [Thread-5 (]: Began compiling node model.wanderbricks.stg_properties
[0m14:14:54.102113 [debug] [Thread-4 (]: Began compiling node model.wanderbricks.stg_bookings
[0m14:14:54.111613 [debug] [Thread-6 (]: Writing injected SQL for node "model.wanderbricks.stg_users"
[0m14:14:54.114167 [debug] [Thread-5 (]: Writing injected SQL for node "model.wanderbricks.stg_properties"
[0m14:14:54.116911 [debug] [Thread-4 (]: Writing injected SQL for node "model.wanderbricks.stg_bookings"
[0m14:14:54.127328 [debug] [Thread-5 (]: Began executing node model.wanderbricks.stg_properties
[0m14:14:54.134717 [debug] [Thread-4 (]: Began executing node model.wanderbricks.stg_bookings
[0m14:14:54.156014 [debug] [Thread-6 (]: Began executing node model.wanderbricks.stg_users
[0m14:14:54.163058 [debug] [Thread-5 (]: MATERIALIZING VIEW
[0m14:14:54.175327 [debug] [Thread-4 (]: MATERIALIZING VIEW
[0m14:14:54.177311 [warn ] [Thread-5 (]: [[33mWARNING[0m]: Use revamped materializations based on separating create and insert.  This allows more performant column comments, as well as new column features.
You may opt into the new behavior sooner by setting `flags.use_materialization_v2` to `True` in `dbt_project.yml`.
Visit https://docs.getdbt.com/reference/global-configs/behavior-changes for more information.
[0m14:14:54.182340 [debug] [Thread-6 (]: MATERIALIZING VIEW
[0m14:14:54.182799 [warn ] [Thread-4 (]: [[33mWARNING[0m]: Use revamped materializations based on separating create and insert.  This allows more performant column comments, as well as new column features.
You may opt into the new behavior sooner by setting `flags.use_materialization_v2` to `True` in `dbt_project.yml`.
Visit https://docs.getdbt.com/reference/global-configs/behavior-changes for more information.
[0m14:14:54.183484 [debug] [Thread-5 (]: Sending event: {'category': 'dbt', 'action': 'BehaviorChangeEvent', 'label': '3cc3b75a-9f50-4c11-b7de-5fb5074c66a4', 'context': [<snowplow_tracker.self_describing_json.SelfDescribingJson object at 0xffff8c243290>]}
[0m14:14:54.184002 [warn ] [Thread-6 (]: [[33mWARNING[0m]: Use revamped materializations based on separating create and insert.  This allows more performant column comments, as well as new column features.
You may opt into the new behavior sooner by setting `flags.use_materialization_v2` to `True` in `dbt_project.yml`.
Visit https://docs.getdbt.com/reference/global-configs/behavior-changes for more information.
[0m14:14:54.184538 [debug] [Thread-4 (]: Sending event: {'category': 'dbt', 'action': 'BehaviorChangeEvent', 'label': '3cc3b75a-9f50-4c11-b7de-5fb5074c66a4', 'context': [<snowplow_tracker.self_describing_json.SelfDescribingJson object at 0xffff8c240e90>]}
[0m14:14:54.200967 [debug] [Thread-6 (]: Sending event: {'category': 'dbt', 'action': 'BehaviorChangeEvent', 'label': '3cc3b75a-9f50-4c11-b7de-5fb5074c66a4', 'context': [<snowplow_tracker.self_describing_json.SelfDescribingJson object at 0xffff749174d0>]}
[0m14:14:54.205033 [debug] [Thread-5 (]: Creating view `hive_metastore`.`dbt_dev_schema_staging`.`stg_properties`
[0m14:14:54.207434 [debug] [Thread-4 (]: Creating view `hive_metastore`.`dbt_dev_schema_staging`.`stg_bookings`
[0m14:14:54.209407 [debug] [Thread-6 (]: Creating view `hive_metastore`.`dbt_dev_schema_staging`.`stg_users`
[0m14:14:54.220712 [debug] [Thread-5 (]: Writing runtime sql for node "model.wanderbricks.stg_properties"
[0m14:14:54.221675 [debug] [Thread-4 (]: Writing runtime sql for node "model.wanderbricks.stg_bookings"
[0m14:14:54.222637 [debug] [Thread-6 (]: Writing runtime sql for node "model.wanderbricks.stg_users"
[0m14:14:54.227423 [debug] [Thread-4 (]: Using databricks connection "model.wanderbricks.stg_bookings"
[0m14:14:54.227928 [debug] [Thread-4 (]: On model.wanderbricks.stg_bookings: /* {"app": "dbt", "dbt_version": "1.11.2", "dbt_databricks_version": "1.11.4", "databricks_sql_connector_version": "4.1.3", "profile_name": "wanderbricks", "target_name": "dev", "node_id": "model.wanderbricks.stg_bookings"} */

  
  
  create or replace view `hive_metastore`.`dbt_dev_schema_staging`.`stg_bookings`
  
  as (
    with source as (
    select * from `wanderbricks`.`raw_data`.`bookings`
),

renamed as (
    select
        id as booking_id,
        user_id,
        property_id,
        start_date,
        end_date,
        amount
    from source
)

select * from renamed
  )

[0m14:14:54.228411 [debug] [Thread-5 (]: Using databricks connection "model.wanderbricks.stg_properties"
[0m14:14:54.228776 [debug] [Thread-4 (]: Opening a new connection, currently in state init
[0m14:14:54.229261 [debug] [Thread-6 (]: Using databricks connection "model.wanderbricks.stg_users"
[0m14:14:54.229881 [debug] [Thread-5 (]: On model.wanderbricks.stg_properties: /* {"app": "dbt", "dbt_version": "1.11.2", "dbt_databricks_version": "1.11.4", "databricks_sql_connector_version": "4.1.3", "profile_name": "wanderbricks", "target_name": "dev", "node_id": "model.wanderbricks.stg_properties"} */

  
  
  create or replace view `hive_metastore`.`dbt_dev_schema_staging`.`stg_properties`
  
  as (
    with source as (
    select * from `wanderbricks`.`raw_data`.`properties`
),

renamed as (
    select
        id as property_id,
        name,
        city,
        country,
        price_per_night
    from source
)

select * from renamed
  )

[0m14:14:54.231087 [debug] [Thread-6 (]: On model.wanderbricks.stg_users: /* {"app": "dbt", "dbt_version": "1.11.2", "dbt_databricks_version": "1.11.4", "databricks_sql_connector_version": "4.1.3", "profile_name": "wanderbricks", "target_name": "dev", "node_id": "model.wanderbricks.stg_users"} */

  
  
  create or replace view `hive_metastore`.`dbt_dev_schema_staging`.`stg_users`
  
  as (
    with source as (
    select * from `wanderbricks`.`raw_data`.`users`
),

renamed as (
    select
        id as user_id,
        email,
        created_at
    from source
)

select * from renamed
  )

[0m14:14:54.233308 [debug] [Thread-5 (]: Opening a new connection, currently in state init
[0m14:14:54.234139 [debug] [Thread-6 (]: Opening a new connection, currently in state init
[0m14:14:54.492621 [debug] [Thread-5 (]: Databricks adapter: Connection(session-id=01f0f08a-3b9a-15b5-a617-acbe0daa723e) - Created
[0m14:14:54.493066 [debug] [Thread-6 (]: Databricks adapter: Connection(session-id=01f0f08a-3b9a-135c-acea-ac1505e71b4b) - Created
[0m14:14:54.493711 [debug] [Thread-4 (]: Databricks adapter: Connection(session-id=01f0f08a-3b9a-184d-985d-ba2715d6a958) - Created
[0m14:14:55.265823 [debug] [Thread-6 (]: Databricks adapter: Exception while trying to execute query
/* {"app": "dbt", "dbt_version": "1.11.2", "dbt_databricks_version": "1.11.4", "databricks_sql_connector_version": "4.1.3", "profile_name": "wanderbricks", "target_name": "dev", "node_id": "model.wanderbricks.stg_users"} */

  
  
  create or replace view `hive_metastore`.`dbt_dev_schema_staging`.`stg_users`
  
  as (
    with source as (
    select * from `wanderbricks`.`raw_data`.`users`
),

renamed as (
    select
        id as user_id,
        email,
        created_at
    from source
)

select * from renamed
  )

: [TABLE_OR_VIEW_NOT_FOUND] The table or view `wanderbricks`.`raw_data`.`users` cannot be found. Verify the spelling and correctness of the schema and catalog.
If you did not qualify the name with a schema, verify the current_schema() output, or qualify the name with the correct schema and catalog.
To tolerate the error on drop use DROP VIEW IF EXISTS or DROP TABLE IF EXISTS. SQLSTATE: 42P01; line 9 pos 18
Error properties: diagnostic-info=org.apache.hive.service.cli.HiveSQLException: Error running query: [TABLE_OR_VIEW_NOT_FOUND] org.apache.spark.sql.catalyst.ExtendedAnalysisException: [TABLE_OR_VIEW_NOT_FOUND] The table or view `wanderbricks`.`raw_data`.`users` cannot be found. Verify the spelling and correctness of the schema and catalog.
If you did not qualify the name with a schema, verify the current_schema() output, or qualify the name with the correct schema and catalog.
To tolerate the error on drop use DROP VIEW IF EXISTS or DROP TABLE IF EXISTS. SQLSTATE: 42P01; line 9 pos 18
	at org.apache.spark.sql.hive.thriftserver.HiveThriftServerErrors$.runningQueryError(HiveThriftServerErrors.scala:49)
	at org.apache.spark.sql.hive.thriftserver.SparkExecuteStatementOperation.$anonfun$execute$1(SparkExecuteStatementOperation.scala:1050)
	at scala.runtime.java8.JFunction0$mcV$sp.apply(JFunction0$mcV$sp.scala:18)
	at com.databricks.unity.UCSEphemeralState$Handle.runWith(UCSEphemeralState.scala:51)
	at com.databricks.unity.HandleImpl.runWith(UCSHandle.scala:104)
	at org.apache.spark.sql.hive.thriftserver.SparkExecuteStatementOperation.org$apache$spark$sql$hive$thriftserver$SparkExecuteStatementOperation$$execute(SparkExecuteStatementOperation.scala:787)
	at org.apache.spark.sql.hive.thriftserver.SparkExecuteStatementOperation$$anon$2$$anon$3.$anonfun$run$5(SparkExecuteStatementOperation.scala:578)
	at scala.runtime.java8.JFunction0$mcV$sp.apply(JFunction0$mcV$sp.scala:18)
	at org.apache.spark.sql.execution.SQLExecution$.withRootExecution(SQLExecution.scala:869)
	at org.apache.spark.sql.hive.thriftserver.SparkExecuteStatementOperation$$anon$2$$anon$3.$anonfun$run$2(SparkExecuteStatementOperation.scala:578)
	at scala.runtime.java8.JFunction0$mcV$sp.apply(JFunction0$mcV$sp.scala:18)
	at com.databricks.logging.AttributionContextTracing.$anonfun$withAttributionContext$1(AttributionContextTracing.scala:80)
	at com.databricks.logging.AttributionContext$.$anonfun$withValue$1(AttributionContext.scala:348)
	at scala.util.DynamicVariable.withValue(DynamicVariable.scala:59)
	at com.databricks.logging.AttributionContext$.withValue(AttributionContext.scala:344)
	at com.databricks.logging.AttributionContextTracing.withAttributionContext(AttributionContextTracing.scala:78)
	at com.databricks.logging.AttributionContextTracing.withAttributionContext$(AttributionContextTracing.scala:75)
	at com.databricks.spark.util.DatabricksTracingHelper.withAttributionContext(DatabricksSparkTracingHelper.scala:62)
	at com.databricks.spark.util.DatabricksTracingHelper.withSpanFromRequest(DatabricksSparkTracingHelper.scala:89)
	at com.databricks.spark.util.DBRTracing$.withSpanFromRequest(DBRTracing.scala:43)
	at org.apache.spark.sql.hive.thriftserver.ThriftLocalProperties.$anonfun$withLocalProperties$15(ThriftLocalProperties.scala:238)
	at com.databricks.logging.AttributionContextTracing.$anonfun$withAttributionContext$1(AttributionContextTracing.scala:80)
	at com.databricks.logging.AttributionContext$.$anonfun$withValue$1(AttributionContext.scala:348)
	at scala.util.DynamicVariable.withValue(DynamicVariable.scala:59)
	at com.databricks.logging.AttributionContext$.withValue(AttributionContext.scala:344)
	at com.databricks.logging.AttributionContextTracing.withAttributionContext(AttributionContextTracing.scala:78)
	at com.databricks.logging.AttributionContextTracing.withAttributionContext$(AttributionContextTracing.scala:75)
	at com.databricks.spark.util.PublicDBLogging.withAttributionContext(DatabricksSparkUsageLogger.scala:29)
	at com.databricks.logging.AttributionContextTracing.withAttributionTags(AttributionContextTracing.scala:127)
	at com.databricks.logging.AttributionContextTracing.withAttributionTags$(AttributionContextTracing.scala:108)
	at com.databricks.spark.util.PublicDBLogging.withAttributionTags(DatabricksSparkUsageLogger.scala:29)
	at com.databricks.spark.util.PublicDBLogging.withAttributionTags0(DatabricksSparkUsageLogger.scala:108)
	at com.databricks.spark.util.DatabricksSparkUsageLogger.withAttributionTags(DatabricksSparkUsageLogger.scala:216)
	at com.databricks.spark.util.UsageLogging.$anonfun$withAttributionTags$1(UsageLogger.scala:668)
	at com.databricks.spark.util.UsageLogging$.withAttributionTags(UsageLogger.scala:780)
	at com.databricks.spark.util.UsageLogging$.withAttributionTags(UsageLogger.scala:789)
	at com.databricks.spark.util.UsageLogging.withAttributionTags(UsageLogger.scala:668)
	at com.databricks.spark.util.UsageLogging.withAttributionTags$(UsageLogger.scala:666)
	at org.apache.spark.sql.hive.thriftserver.SparkExecuteStatementOperation.withAttributionTags(SparkExecuteStatementOperation.scala:76)
	at org.apache.spark.sql.hive.thriftserver.ThriftLocalProperties.$anonfun$withLocalProperties$12(ThriftLocalProperties.scala:233)
	at com.databricks.spark.util.IdentityClaim$.withClaim(IdentityClaim.scala:48)
	at org.apache.spark.sql.hive.thriftserver.ThriftLocalProperties.withLocalProperties(ThriftLocalProperties.scala:229)
	at org.apache.spark.sql.hive.thriftserver.ThriftLocalProperties.withLocalProperties$(ThriftLocalProperties.scala:89)
	at org.apache.spark.sql.hive.thriftserver.SparkExecuteStatementOperation.withLocalProperties(SparkExecuteStatementOperation.scala:76)
	at org.apache.spark.sql.hive.thriftserver.SparkExecuteStatementOperation$$anon$2$$anon$3.run(SparkExecuteStatementOperation.scala:555)
	at org.apache.spark.sql.hive.thriftserver.SparkExecuteStatementOperation$$anon$2$$anon$3.run(SparkExecuteStatementOperation.scala:541)
	at java.base/java.security.AccessController.doPrivileged(AccessController.java:712)
	at java.base/javax.security.auth.Subject.doAs(Subject.java:439)
	at org.apache.hadoop.security.UserGroupInformation.doAs(UserGroupInformation.java:1953)
	at org.apache.spark.sql.hive.thriftserver.SparkExecuteStatementOperation$$anon$2.run(SparkExecuteStatementOperation.scala:591)
	at java.base/java.util.concurrent.Executors$RunnableAdapter.call(Executors.java:539)
	at java.base/java.util.concurrent.FutureTask.run(FutureTask.java:264)
	at java.base/java.util.concurrent.ThreadPoolExecutor.runWorker(ThreadPoolExecutor.java:1136)
	at java.base/java.util.concurrent.ThreadPoolExecutor$Worker.run(ThreadPoolExecutor.java:635)
	at java.base/java.lang.Thread.run(Thread.java:840)
Caused by: org.apache.spark.sql.catalyst.ExtendedAnalysisException: [TABLE_OR_VIEW_NOT_FOUND] The table or view `wanderbricks`.`raw_data`.`users` cannot be found. Verify the spelling and correctness of the schema and catalog.
If you did not qualify the name with a schema, verify the current_schema() output, or qualify the name with the correct schema and catalog.
To tolerate the error on drop use DROP VIEW IF EXISTS or DROP TABLE IF EXISTS. SQLSTATE: 42P01; line 9 pos 18
	at org.apache.spark.sql.catalyst.ExtendedAnalysisException.copyPlan(ExtendedAnalysisException.scala:96)
	at org.apache.spark.sql.hive.thriftserver.SparkExecuteStatementOperation.$anonfun$execute$1(SparkExecuteStatementOperation.scala:1011)
	... 53 more
, operation-id=01f0f08a-3ba2-1c18-b030-16c4e3355989
[0m14:14:55.267764 [debug] [Thread-4 (]: Databricks adapter: Exception while trying to execute query
/* {"app": "dbt", "dbt_version": "1.11.2", "dbt_databricks_version": "1.11.4", "databricks_sql_connector_version": "4.1.3", "profile_name": "wanderbricks", "target_name": "dev", "node_id": "model.wanderbricks.stg_bookings"} */

  
  
  create or replace view `hive_metastore`.`dbt_dev_schema_staging`.`stg_bookings`
  
  as (
    with source as (
    select * from `wanderbricks`.`raw_data`.`bookings`
),

renamed as (
    select
        id as booking_id,
        user_id,
        property_id,
        start_date,
        end_date,
        amount
    from source
)

select * from renamed
  )

: [TABLE_OR_VIEW_NOT_FOUND] The table or view `wanderbricks`.`raw_data`.`bookings` cannot be found. Verify the spelling and correctness of the schema and catalog.
If you did not qualify the name with a schema, verify the current_schema() output, or qualify the name with the correct schema and catalog.
To tolerate the error on drop use DROP VIEW IF EXISTS or DROP TABLE IF EXISTS. SQLSTATE: 42P01; line 9 pos 18
Error properties: diagnostic-info=org.apache.hive.service.cli.HiveSQLException: Error running query: [TABLE_OR_VIEW_NOT_FOUND] org.apache.spark.sql.catalyst.ExtendedAnalysisException: [TABLE_OR_VIEW_NOT_FOUND] The table or view `wanderbricks`.`raw_data`.`bookings` cannot be found. Verify the spelling and correctness of the schema and catalog.
If you did not qualify the name with a schema, verify the current_schema() output, or qualify the name with the correct schema and catalog.
To tolerate the error on drop use DROP VIEW IF EXISTS or DROP TABLE IF EXISTS. SQLSTATE: 42P01; line 9 pos 18
	at org.apache.spark.sql.hive.thriftserver.HiveThriftServerErrors$.runningQueryError(HiveThriftServerErrors.scala:49)
	at org.apache.spark.sql.hive.thriftserver.SparkExecuteStatementOperation.$anonfun$execute$1(SparkExecuteStatementOperation.scala:1050)
	at scala.runtime.java8.JFunction0$mcV$sp.apply(JFunction0$mcV$sp.scala:18)
	at com.databricks.unity.UCSEphemeralState$Handle.runWith(UCSEphemeralState.scala:51)
	at com.databricks.unity.HandleImpl.runWith(UCSHandle.scala:104)
	at org.apache.spark.sql.hive.thriftserver.SparkExecuteStatementOperation.org$apache$spark$sql$hive$thriftserver$SparkExecuteStatementOperation$$execute(SparkExecuteStatementOperation.scala:787)
	at org.apache.spark.sql.hive.thriftserver.SparkExecuteStatementOperation$$anon$2$$anon$3.$anonfun$run$5(SparkExecuteStatementOperation.scala:578)
	at scala.runtime.java8.JFunction0$mcV$sp.apply(JFunction0$mcV$sp.scala:18)
	at org.apache.spark.sql.execution.SQLExecution$.withRootExecution(SQLExecution.scala:869)
	at org.apache.spark.sql.hive.thriftserver.SparkExecuteStatementOperation$$anon$2$$anon$3.$anonfun$run$2(SparkExecuteStatementOperation.scala:578)
	at scala.runtime.java8.JFunction0$mcV$sp.apply(JFunction0$mcV$sp.scala:18)
	at com.databricks.logging.AttributionContextTracing.$anonfun$withAttributionContext$1(AttributionContextTracing.scala:80)
	at com.databricks.logging.AttributionContext$.$anonfun$withValue$1(AttributionContext.scala:348)
	at scala.util.DynamicVariable.withValue(DynamicVariable.scala:59)
	at com.databricks.logging.AttributionContext$.withValue(AttributionContext.scala:344)
	at com.databricks.logging.AttributionContextTracing.withAttributionContext(AttributionContextTracing.scala:78)
	at com.databricks.logging.AttributionContextTracing.withAttributionContext$(AttributionContextTracing.scala:75)
	at com.databricks.spark.util.DatabricksTracingHelper.withAttributionContext(DatabricksSparkTracingHelper.scala:62)
	at com.databricks.spark.util.DatabricksTracingHelper.withSpanFromRequest(DatabricksSparkTracingHelper.scala:89)
	at com.databricks.spark.util.DBRTracing$.withSpanFromRequest(DBRTracing.scala:43)
	at org.apache.spark.sql.hive.thriftserver.ThriftLocalProperties.$anonfun$withLocalProperties$15(ThriftLocalProperties.scala:238)
	at com.databricks.logging.AttributionContextTracing.$anonfun$withAttributionContext$1(AttributionContextTracing.scala:80)
	at com.databricks.logging.AttributionContext$.$anonfun$withValue$1(AttributionContext.scala:348)
	at scala.util.DynamicVariable.withValue(DynamicVariable.scala:59)
	at com.databricks.logging.AttributionContext$.withValue(AttributionContext.scala:344)
	at com.databricks.logging.AttributionContextTracing.withAttributionContext(AttributionContextTracing.scala:78)
	at com.databricks.logging.AttributionContextTracing.withAttributionContext$(AttributionContextTracing.scala:75)
	at com.databricks.spark.util.PublicDBLogging.withAttributionContext(DatabricksSparkUsageLogger.scala:29)
	at com.databricks.logging.AttributionContextTracing.withAttributionTags(AttributionContextTracing.scala:127)
	at com.databricks.logging.AttributionContextTracing.withAttributionTags$(AttributionContextTracing.scala:108)
	at com.databricks.spark.util.PublicDBLogging.withAttributionTags(DatabricksSparkUsageLogger.scala:29)
	at com.databricks.spark.util.PublicDBLogging.withAttributionTags0(DatabricksSparkUsageLogger.scala:108)
	at com.databricks.spark.util.DatabricksSparkUsageLogger.withAttributionTags(DatabricksSparkUsageLogger.scala:216)
	at com.databricks.spark.util.UsageLogging.$anonfun$withAttributionTags$1(UsageLogger.scala:668)
	at com.databricks.spark.util.UsageLogging$.withAttributionTags(UsageLogger.scala:780)
	at com.databricks.spark.util.UsageLogging$.withAttributionTags(UsageLogger.scala:789)
	at com.databricks.spark.util.UsageLogging.withAttributionTags(UsageLogger.scala:668)
	at com.databricks.spark.util.UsageLogging.withAttributionTags$(UsageLogger.scala:666)
	at org.apache.spark.sql.hive.thriftserver.SparkExecuteStatementOperation.withAttributionTags(SparkExecuteStatementOperation.scala:76)
	at org.apache.spark.sql.hive.thriftserver.ThriftLocalProperties.$anonfun$withLocalProperties$12(ThriftLocalProperties.scala:233)
	at com.databricks.spark.util.IdentityClaim$.withClaim(IdentityClaim.scala:48)
	at org.apache.spark.sql.hive.thriftserver.ThriftLocalProperties.withLocalProperties(ThriftLocalProperties.scala:229)
	at org.apache.spark.sql.hive.thriftserver.ThriftLocalProperties.withLocalProperties$(ThriftLocalProperties.scala:89)
	at org.apache.spark.sql.hive.thriftserver.SparkExecuteStatementOperation.withLocalProperties(SparkExecuteStatementOperation.scala:76)
	at org.apache.spark.sql.hive.thriftserver.SparkExecuteStatementOperation$$anon$2$$anon$3.run(SparkExecuteStatementOperation.scala:555)
	at org.apache.spark.sql.hive.thriftserver.SparkExecuteStatementOperation$$anon$2$$anon$3.run(SparkExecuteStatementOperation.scala:541)
	at java.base/java.security.AccessController.doPrivileged(AccessController.java:712)
	at java.base/javax.security.auth.Subject.doAs(Subject.java:439)
	at org.apache.hadoop.security.UserGroupInformation.doAs(UserGroupInformation.java:1953)
	at org.apache.spark.sql.hive.thriftserver.SparkExecuteStatementOperation$$anon$2.run(SparkExecuteStatementOperation.scala:591)
	at java.base/java.util.concurrent.Executors$RunnableAdapter.call(Executors.java:539)
	at java.base/java.util.concurrent.FutureTask.run(FutureTask.java:264)
	at java.base/java.util.concurrent.ThreadPoolExecutor.runWorker(ThreadPoolExecutor.java:1136)
	at java.base/java.util.concurrent.ThreadPoolExecutor$Worker.run(ThreadPoolExecutor.java:635)
	at java.base/java.lang.Thread.run(Thread.java:840)
Caused by: org.apache.spark.sql.catalyst.ExtendedAnalysisException: [TABLE_OR_VIEW_NOT_FOUND] The table or view `wanderbricks`.`raw_data`.`bookings` cannot be found. Verify the spelling and correctness of the schema and catalog.
If you did not qualify the name with a schema, verify the current_schema() output, or qualify the name with the correct schema and catalog.
To tolerate the error on drop use DROP VIEW IF EXISTS or DROP TABLE IF EXISTS. SQLSTATE: 42P01; line 9 pos 18
	at org.apache.spark.sql.catalyst.ExtendedAnalysisException.copyPlan(ExtendedAnalysisException.scala:96)
	at org.apache.spark.sql.hive.thriftserver.SparkExecuteStatementOperation.$anonfun$execute$1(SparkExecuteStatementOperation.scala:1011)
	... 53 more
, operation-id=01f0f08a-3ba2-1a74-85ce-ad013fc1b7e3
[0m14:14:55.276287 [debug] [Thread-5 (]: Databricks adapter: Exception while trying to execute query
/* {"app": "dbt", "dbt_version": "1.11.2", "dbt_databricks_version": "1.11.4", "databricks_sql_connector_version": "4.1.3", "profile_name": "wanderbricks", "target_name": "dev", "node_id": "model.wanderbricks.stg_properties"} */

  
  
  create or replace view `hive_metastore`.`dbt_dev_schema_staging`.`stg_properties`
  
  as (
    with source as (
    select * from `wanderbricks`.`raw_data`.`properties`
),

renamed as (
    select
        id as property_id,
        name,
        city,
        country,
        price_per_night
    from source
)

select * from renamed
  )

: [TABLE_OR_VIEW_NOT_FOUND] The table or view `wanderbricks`.`raw_data`.`properties` cannot be found. Verify the spelling and correctness of the schema and catalog.
If you did not qualify the name with a schema, verify the current_schema() output, or qualify the name with the correct schema and catalog.
To tolerate the error on drop use DROP VIEW IF EXISTS or DROP TABLE IF EXISTS. SQLSTATE: 42P01; line 9 pos 18
Error properties: diagnostic-info=org.apache.hive.service.cli.HiveSQLException: Error running query: [TABLE_OR_VIEW_NOT_FOUND] org.apache.spark.sql.catalyst.ExtendedAnalysisException: [TABLE_OR_VIEW_NOT_FOUND] The table or view `wanderbricks`.`raw_data`.`properties` cannot be found. Verify the spelling and correctness of the schema and catalog.
If you did not qualify the name with a schema, verify the current_schema() output, or qualify the name with the correct schema and catalog.
To tolerate the error on drop use DROP VIEW IF EXISTS or DROP TABLE IF EXISTS. SQLSTATE: 42P01; line 9 pos 18
	at org.apache.spark.sql.hive.thriftserver.HiveThriftServerErrors$.runningQueryError(HiveThriftServerErrors.scala:49)
	at org.apache.spark.sql.hive.thriftserver.SparkExecuteStatementOperation.$anonfun$execute$1(SparkExecuteStatementOperation.scala:1050)
	at scala.runtime.java8.JFunction0$mcV$sp.apply(JFunction0$mcV$sp.scala:18)
	at com.databricks.unity.UCSEphemeralState$Handle.runWith(UCSEphemeralState.scala:51)
	at com.databricks.unity.HandleImpl.runWith(UCSHandle.scala:104)
	at org.apache.spark.sql.hive.thriftserver.SparkExecuteStatementOperation.org$apache$spark$sql$hive$thriftserver$SparkExecuteStatementOperation$$execute(SparkExecuteStatementOperation.scala:787)
	at org.apache.spark.sql.hive.thriftserver.SparkExecuteStatementOperation$$anon$2$$anon$3.$anonfun$run$5(SparkExecuteStatementOperation.scala:578)
	at scala.runtime.java8.JFunction0$mcV$sp.apply(JFunction0$mcV$sp.scala:18)
	at org.apache.spark.sql.execution.SQLExecution$.withRootExecution(SQLExecution.scala:869)
	at org.apache.spark.sql.hive.thriftserver.SparkExecuteStatementOperation$$anon$2$$anon$3.$anonfun$run$2(SparkExecuteStatementOperation.scala:578)
	at scala.runtime.java8.JFunction0$mcV$sp.apply(JFunction0$mcV$sp.scala:18)
	at com.databricks.logging.AttributionContextTracing.$anonfun$withAttributionContext$1(AttributionContextTracing.scala:80)
	at com.databricks.logging.AttributionContext$.$anonfun$withValue$1(AttributionContext.scala:348)
	at scala.util.DynamicVariable.withValue(DynamicVariable.scala:59)
	at com.databricks.logging.AttributionContext$.withValue(AttributionContext.scala:344)
	at com.databricks.logging.AttributionContextTracing.withAttributionContext(AttributionContextTracing.scala:78)
	at com.databricks.logging.AttributionContextTracing.withAttributionContext$(AttributionContextTracing.scala:75)
	at com.databricks.spark.util.DatabricksTracingHelper.withAttributionContext(DatabricksSparkTracingHelper.scala:62)
	at com.databricks.spark.util.DatabricksTracingHelper.withSpanFromRequest(DatabricksSparkTracingHelper.scala:89)
	at com.databricks.spark.util.DBRTracing$.withSpanFromRequest(DBRTracing.scala:43)
	at org.apache.spark.sql.hive.thriftserver.ThriftLocalProperties.$anonfun$withLocalProperties$15(ThriftLocalProperties.scala:238)
	at com.databricks.logging.AttributionContextTracing.$anonfun$withAttributionContext$1(AttributionContextTracing.scala:80)
	at com.databricks.logging.AttributionContext$.$anonfun$withValue$1(AttributionContext.scala:348)
	at scala.util.DynamicVariable.withValue(DynamicVariable.scala:59)
	at com.databricks.logging.AttributionContext$.withValue(AttributionContext.scala:344)
	at com.databricks.logging.AttributionContextTracing.withAttributionContext(AttributionContextTracing.scala:78)
	at com.databricks.logging.AttributionContextTracing.withAttributionContext$(AttributionContextTracing.scala:75)
	at com.databricks.spark.util.PublicDBLogging.withAttributionContext(DatabricksSparkUsageLogger.scala:29)
	at com.databricks.logging.AttributionContextTracing.withAttributionTags(AttributionContextTracing.scala:127)
	at com.databricks.logging.AttributionContextTracing.withAttributionTags$(AttributionContextTracing.scala:108)
	at com.databricks.spark.util.PublicDBLogging.withAttributionTags(DatabricksSparkUsageLogger.scala:29)
	at com.databricks.spark.util.PublicDBLogging.withAttributionTags0(DatabricksSparkUsageLogger.scala:108)
	at com.databricks.spark.util.DatabricksSparkUsageLogger.withAttributionTags(DatabricksSparkUsageLogger.scala:216)
	at com.databricks.spark.util.UsageLogging.$anonfun$withAttributionTags$1(UsageLogger.scala:668)
	at com.databricks.spark.util.UsageLogging$.withAttributionTags(UsageLogger.scala:780)
	at com.databricks.spark.util.UsageLogging$.withAttributionTags(UsageLogger.scala:789)
	at com.databricks.spark.util.UsageLogging.withAttributionTags(UsageLogger.scala:668)
	at com.databricks.spark.util.UsageLogging.withAttributionTags$(UsageLogger.scala:666)
	at org.apache.spark.sql.hive.thriftserver.SparkExecuteStatementOperation.withAttributionTags(SparkExecuteStatementOperation.scala:76)
	at org.apache.spark.sql.hive.thriftserver.ThriftLocalProperties.$anonfun$withLocalProperties$12(ThriftLocalProperties.scala:233)
	at com.databricks.spark.util.IdentityClaim$.withClaim(IdentityClaim.scala:48)
	at org.apache.spark.sql.hive.thriftserver.ThriftLocalProperties.withLocalProperties(ThriftLocalProperties.scala:229)
	at org.apache.spark.sql.hive.thriftserver.ThriftLocalProperties.withLocalProperties$(ThriftLocalProperties.scala:89)
	at org.apache.spark.sql.hive.thriftserver.SparkExecuteStatementOperation.withLocalProperties(SparkExecuteStatementOperation.scala:76)
	at org.apache.spark.sql.hive.thriftserver.SparkExecuteStatementOperation$$anon$2$$anon$3.run(SparkExecuteStatementOperation.scala:555)
	at org.apache.spark.sql.hive.thriftserver.SparkExecuteStatementOperation$$anon$2$$anon$3.run(SparkExecuteStatementOperation.scala:541)
	at java.base/java.security.AccessController.doPrivileged(AccessController.java:712)
	at java.base/javax.security.auth.Subject.doAs(Subject.java:439)
	at org.apache.hadoop.security.UserGroupInformation.doAs(UserGroupInformation.java:1953)
	at org.apache.spark.sql.hive.thriftserver.SparkExecuteStatementOperation$$anon$2.run(SparkExecuteStatementOperation.scala:591)
	at java.base/java.util.concurrent.Executors$RunnableAdapter.call(Executors.java:539)
	at java.base/java.util.concurrent.FutureTask.run(FutureTask.java:264)
	at java.base/java.util.concurrent.ThreadPoolExecutor.runWorker(ThreadPoolExecutor.java:1136)
	at java.base/java.util.concurrent.ThreadPoolExecutor$Worker.run(ThreadPoolExecutor.java:635)
	at java.base/java.lang.Thread.run(Thread.java:840)
Caused by: org.apache.spark.sql.catalyst.ExtendedAnalysisException: [TABLE_OR_VIEW_NOT_FOUND] The table or view `wanderbricks`.`raw_data`.`properties` cannot be found. Verify the spelling and correctness of the schema and catalog.
If you did not qualify the name with a schema, verify the current_schema() output, or qualify the name with the correct schema and catalog.
To tolerate the error on drop use DROP VIEW IF EXISTS or DROP TABLE IF EXISTS. SQLSTATE: 42P01; line 9 pos 18
	at org.apache.spark.sql.catalyst.ExtendedAnalysisException.copyPlan(ExtendedAnalysisException.scala:96)
	at org.apache.spark.sql.hive.thriftserver.SparkExecuteStatementOperation.$anonfun$execute$1(SparkExecuteStatementOperation.scala:1011)
	... 53 more
, operation-id=01f0f08a-3ba2-1cda-bd2b-110a10f9422c
[0m14:14:55.284252 [debug] [Thread-4 (]: On model.wanderbricks.stg_bookings: Close
[0m14:14:55.285348 [debug] [Thread-4 (]: Databricks adapter: Connection(session-id=01f0f08a-3b9a-184d-985d-ba2715d6a958) - Closing
[0m14:14:55.353957 [debug] [Thread-6 (]: On model.wanderbricks.stg_users: Close
[0m14:14:55.361969 [debug] [Thread-6 (]: Databricks adapter: Connection(session-id=01f0f08a-3b9a-135c-acea-ac1505e71b4b) - Closing
[0m14:14:55.378632 [debug] [Thread-4 (]: Database Error in model stg_bookings (models/staging/stg_bookings.sql)
  [TABLE_OR_VIEW_NOT_FOUND] The table or view `wanderbricks`.`raw_data`.`bookings` cannot be found. Verify the spelling and correctness of the schema and catalog.
  If you did not qualify the name with a schema, verify the current_schema() output, or qualify the name with the correct schema and catalog.
  To tolerate the error on drop use DROP VIEW IF EXISTS or DROP TABLE IF EXISTS. SQLSTATE: 42P01; line 9 pos 18
  compiled code at target/run/wanderbricks/models/staging/stg_bookings.sql
[0m14:14:55.429133 [debug] [Thread-5 (]: On model.wanderbricks.stg_properties: Close
[0m14:14:55.430269 [debug] [Thread-5 (]: Databricks adapter: Connection(session-id=01f0f08a-3b9a-15b5-a617-acbe0daa723e) - Closing
[0m14:14:55.431820 [debug] [Thread-6 (]: Database Error in model stg_users (models/staging/stg_users.sql)
  [TABLE_OR_VIEW_NOT_FOUND] The table or view `wanderbricks`.`raw_data`.`users` cannot be found. Verify the spelling and correctness of the schema and catalog.
  If you did not qualify the name with a schema, verify the current_schema() output, or qualify the name with the correct schema and catalog.
  To tolerate the error on drop use DROP VIEW IF EXISTS or DROP TABLE IF EXISTS. SQLSTATE: 42P01; line 9 pos 18
  compiled code at target/run/wanderbricks/models/staging/stg_users.sql
[0m14:14:55.497790 [debug] [Thread-5 (]: Database Error in model stg_properties (models/staging/stg_properties.sql)
  [TABLE_OR_VIEW_NOT_FOUND] The table or view `wanderbricks`.`raw_data`.`properties` cannot be found. Verify the spelling and correctness of the schema and catalog.
  If you did not qualify the name with a schema, verify the current_schema() output, or qualify the name with the correct schema and catalog.
  To tolerate the error on drop use DROP VIEW IF EXISTS or DROP TABLE IF EXISTS. SQLSTATE: 42P01; line 9 pos 18
  compiled code at target/run/wanderbricks/models/staging/stg_properties.sql
[0m14:14:55.498601 [debug] [Thread-4 (]: Sending event: {'category': 'dbt', 'action': 'run_model', 'label': '3cc3b75a-9f50-4c11-b7de-5fb5074c66a4', 'context': [<snowplow_tracker.self_describing_json.SelfDescribingJson object at 0xffff8d0d8080>]}
[0m14:14:55.499063 [debug] [Thread-6 (]: Sending event: {'category': 'dbt', 'action': 'run_model', 'label': '3cc3b75a-9f50-4c11-b7de-5fb5074c66a4', 'context': [<snowplow_tracker.self_describing_json.SelfDescribingJson object at 0xffff8c3b6090>]}
[0m14:14:55.499625 [debug] [Thread-5 (]: Sending event: {'category': 'dbt', 'action': 'run_model', 'label': '3cc3b75a-9f50-4c11-b7de-5fb5074c66a4', 'context': [<snowplow_tracker.self_describing_json.SelfDescribingJson object at 0xffff74a91850>]}
[0m14:14:55.501224 [error] [Thread-4 (]: 1 of 7 ERROR creating sql view model dbt_dev_schema_staging.stg_bookings ....... [[31mERROR[0m in 1.40s]
[0m14:14:55.502284 [error] [Thread-6 (]: 3 of 7 ERROR creating sql view model dbt_dev_schema_staging.stg_users .......... [[31mERROR[0m in 1.40s]
[0m14:14:55.503285 [error] [Thread-5 (]: 2 of 7 ERROR creating sql view model dbt_dev_schema_staging.stg_properties ..... [[31mERROR[0m in 1.40s]
[0m14:14:55.504387 [debug] [Thread-4 (]: Finished running node model.wanderbricks.stg_bookings
[0m14:14:55.505384 [debug] [Thread-6 (]: Finished running node model.wanderbricks.stg_users
[0m14:14:55.506294 [debug] [Thread-5 (]: Finished running node model.wanderbricks.stg_properties
[0m14:14:55.507712 [debug] [Thread-10 ]: Marking all children of 'model.wanderbricks.stg_bookings' to be skipped because of status 'error'.  Reason: Database Error in model stg_bookings (models/staging/stg_bookings.sql)
  [TABLE_OR_VIEW_NOT_FOUND] The table or view `wanderbricks`.`raw_data`.`bookings` cannot be found. Verify the spelling and correctness of the schema and catalog.
  If you did not qualify the name with a schema, verify the current_schema() output, or qualify the name with the correct schema and catalog.
  To tolerate the error on drop use DROP VIEW IF EXISTS or DROP TABLE IF EXISTS. SQLSTATE: 42P01; line 9 pos 18
  compiled code at target/run/wanderbricks/models/staging/stg_bookings.sql.
[0m14:14:55.511919 [debug] [Thread-10 ]: Marking all children of 'model.wanderbricks.stg_users' to be skipped because of status 'error'.  Reason: Database Error in model stg_users (models/staging/stg_users.sql)
  [TABLE_OR_VIEW_NOT_FOUND] The table or view `wanderbricks`.`raw_data`.`users` cannot be found. Verify the spelling and correctness of the schema and catalog.
  If you did not qualify the name with a schema, verify the current_schema() output, or qualify the name with the correct schema and catalog.
  To tolerate the error on drop use DROP VIEW IF EXISTS or DROP TABLE IF EXISTS. SQLSTATE: 42P01; line 9 pos 18
  compiled code at target/run/wanderbricks/models/staging/stg_users.sql.
[0m14:14:55.513231 [debug] [Thread-10 ]: Marking all children of 'model.wanderbricks.stg_properties' to be skipped because of status 'error'.  Reason: Database Error in model stg_properties (models/staging/stg_properties.sql)
  [TABLE_OR_VIEW_NOT_FOUND] The table or view `wanderbricks`.`raw_data`.`properties` cannot be found. Verify the spelling and correctness of the schema and catalog.
  If you did not qualify the name with a schema, verify the current_schema() output, or qualify the name with the correct schema and catalog.
  To tolerate the error on drop use DROP VIEW IF EXISTS or DROP TABLE IF EXISTS. SQLSTATE: 42P01; line 9 pos 18
  compiled code at target/run/wanderbricks/models/staging/stg_properties.sql.
[0m14:14:55.513929 [debug] [Thread-7 (]: Began running node model.wanderbricks.fct_bookings
[0m14:14:55.515178 [debug] [Thread-6 (]: Began running node model.wanderbricks.dim_users
[0m14:14:55.515693 [debug] [Thread-5 (]: Began running node model.wanderbricks.dim_properties
[0m14:14:55.516331 [info ] [Thread-7 (]: 4 of 7 SKIP relation dbt_dev_schema_star_schema.fct_bookings ................... [[33mSKIP[0m]
[0m14:14:55.517200 [info ] [Thread-6 (]: 5 of 7 SKIP relation dbt_dev_schema_star_schema.dim_users ...................... [[33mSKIP[0m]
[0m14:14:55.519330 [info ] [Thread-5 (]: 6 of 7 SKIP relation dbt_dev_schema_star_schema.dim_properties ................. [[33mSKIP[0m]
[0m14:14:55.520270 [debug] [Thread-7 (]: Finished running node model.wanderbricks.fct_bookings
[0m14:14:55.521100 [debug] [Thread-6 (]: Finished running node model.wanderbricks.dim_users
[0m14:14:55.521947 [debug] [Thread-5 (]: Finished running node model.wanderbricks.dim_properties
[0m14:14:55.524201 [debug] [Thread-4 (]: Began running node model.wanderbricks.dm_monthly_bookings
[0m14:14:55.525249 [info ] [Thread-4 (]: 7 of 7 SKIP relation dbt_dev_schema_datamarts.dm_monthly_bookings .............. [[33mSKIP[0m]
[0m14:14:55.525899 [debug] [Thread-4 (]: Finished running node model.wanderbricks.dm_monthly_bookings
[0m14:14:55.528071 [debug] [MainThread]: Databricks adapter: DatabricksDBTConnection(session-id=None, name=master) - Creating connection
[0m14:14:55.528688 [debug] [MainThread]: Acquiring new databricks connection 'master'
[0m14:14:55.529765 [info ] [MainThread]: 
[0m14:14:55.530400 [info ] [MainThread]: Finished running 4 table models, 3 view models in 0 hours 0 minutes and 15.41 seconds (15.41s).
[0m14:14:55.532064 [debug] [MainThread]: Command end result
[0m14:14:55.587581 [debug] [MainThread]: Wrote artifact WritableManifest to /opt/airflow/dbt/target/manifest.json
[0m14:14:55.598886 [debug] [MainThread]: Wrote artifact SemanticManifest to /opt/airflow/dbt/target/semantic_manifest.json
[0m14:14:55.616746 [debug] [MainThread]: Wrote artifact RunExecutionResult to /opt/airflow/dbt/target/run_results.json
[0m14:14:55.617354 [info ] [MainThread]: 
[0m14:14:55.617925 [info ] [MainThread]: [31mCompleted with 3 errors, 0 partial successes, and 0 warnings:[0m
[0m14:14:55.618412 [info ] [MainThread]: 
[0m14:14:55.618976 [error] [MainThread]: [31mFailure in model stg_bookings (models/staging/stg_bookings.sql)[0m
[0m14:14:55.619495 [error] [MainThread]:   Database Error in model stg_bookings (models/staging/stg_bookings.sql)
  [TABLE_OR_VIEW_NOT_FOUND] The table or view `wanderbricks`.`raw_data`.`bookings` cannot be found. Verify the spelling and correctness of the schema and catalog.
  If you did not qualify the name with a schema, verify the current_schema() output, or qualify the name with the correct schema and catalog.
  To tolerate the error on drop use DROP VIEW IF EXISTS or DROP TABLE IF EXISTS. SQLSTATE: 42P01; line 9 pos 18
  compiled code at target/run/wanderbricks/models/staging/stg_bookings.sql
[0m14:14:55.620214 [info ] [MainThread]: 
[0m14:14:55.620665 [info ] [MainThread]:   compiled code at target/compiled/wanderbricks/models/staging/stg_bookings.sql
[0m14:14:55.621036 [info ] [MainThread]: 
[0m14:14:55.621369 [error] [MainThread]: [31mFailure in model stg_users (models/staging/stg_users.sql)[0m
[0m14:14:55.621744 [error] [MainThread]:   Database Error in model stg_users (models/staging/stg_users.sql)
  [TABLE_OR_VIEW_NOT_FOUND] The table or view `wanderbricks`.`raw_data`.`users` cannot be found. Verify the spelling and correctness of the schema and catalog.
  If you did not qualify the name with a schema, verify the current_schema() output, or qualify the name with the correct schema and catalog.
  To tolerate the error on drop use DROP VIEW IF EXISTS or DROP TABLE IF EXISTS. SQLSTATE: 42P01; line 9 pos 18
  compiled code at target/run/wanderbricks/models/staging/stg_users.sql
[0m14:14:55.622193 [info ] [MainThread]: 
[0m14:14:55.622624 [info ] [MainThread]:   compiled code at target/compiled/wanderbricks/models/staging/stg_users.sql
[0m14:14:55.623046 [info ] [MainThread]: 
[0m14:14:55.623450 [error] [MainThread]: [31mFailure in model stg_properties (models/staging/stg_properties.sql)[0m
[0m14:14:55.623844 [error] [MainThread]:   Database Error in model stg_properties (models/staging/stg_properties.sql)
  [TABLE_OR_VIEW_NOT_FOUND] The table or view `wanderbricks`.`raw_data`.`properties` cannot be found. Verify the spelling and correctness of the schema and catalog.
  If you did not qualify the name with a schema, verify the current_schema() output, or qualify the name with the correct schema and catalog.
  To tolerate the error on drop use DROP VIEW IF EXISTS or DROP TABLE IF EXISTS. SQLSTATE: 42P01; line 9 pos 18
  compiled code at target/run/wanderbricks/models/staging/stg_properties.sql
[0m14:14:55.624283 [info ] [MainThread]: 
[0m14:14:55.624642 [info ] [MainThread]:   compiled code at target/compiled/wanderbricks/models/staging/stg_properties.sql
[0m14:14:55.624922 [info ] [MainThread]: 
[0m14:14:55.625300 [info ] [MainThread]: Done. PASS=0 WARN=0 ERROR=3 SKIP=4 NO-OP=0 TOTAL=7
[0m14:14:55.626160 [warn ] [MainThread]: [[33mWARNING[0m][DeprecationsSummary]: Deprecated functionality
Summary of encountered deprecations:
- MissingPlusPrefixDeprecation: 6 occurrences
- MissingArgumentsPropertyInGenericTestDeprecation: 2 occurrences
To see all deprecation instances instead of just the first occurrence of each,
run command again with the `--show-all-deprecations` flag. You may also need to
run with `--no-partial-parse` as some deprecations are only encountered during
parsing.
[0m14:14:55.628208 [debug] [MainThread]: Resource report: {"command_name": "run", "command_success": false, "command_wall_clock_time": 17.753569, "process_in_blocks": "9400", "process_kernel_time": 0.587417, "process_mem_max_rss": "262320", "process_out_blocks": "5317", "process_user_time": 5.248206}
[0m14:14:55.629138 [debug] [MainThread]: Command `dbt run` failed at 14:14:55.628974 after 17.75 seconds
[0m14:14:55.629970 [debug] [MainThread]: Sending event: {'category': 'dbt', 'action': 'invocation', 'label': 'end', 'context': [<snowplow_tracker.self_describing_json.SelfDescribingJson object at 0xffff8c88cc20>, <snowplow_tracker.self_describing_json.SelfDescribingJson object at 0xffff8c88c950>, <snowplow_tracker.self_describing_json.SelfDescribingJson object at 0xffff8ce59370>]}
[0m14:14:55.630395 [debug] [MainThread]: Flushing usage events
[0m14:14:56.311823 [debug] [MainThread]: An error was encountered while trying to flush usage events
[0m14:20:00.199600 [debug] [MainThread]: Sending event: {'category': 'dbt', 'action': 'invocation', 'label': 'start', 'context': [<snowplow_tracker.self_describing_json.SelfDescribingJson object at 0xffffb636b860>, <snowplow_tracker.self_describing_json.SelfDescribingJson object at 0xffffb6084290>, <snowplow_tracker.self_describing_json.SelfDescribingJson object at 0xffffb67ba2a0>]}


============================== 14:20:00.208813 | d422ebaa-d100-4fd2-860d-4dccc0ef9bbc ==============================
[0m14:20:00.208813 [info ] [MainThread]: Running with dbt=1.11.2
[0m14:20:00.212268 [debug] [MainThread]: running dbt with arguments {'printer_width': '80', 'fail_fast': 'False', 'write_json': 'True', 'version_check': 'True', 'log_format': 'default', 'indirect_selection': 'eager', 'partial_parse': 'True', 'static_parser': 'True', 'use_experimental_parser': 'False', 'cache_selected_only': 'False', 'introspect': 'True', 'empty': 'False', 'target_path': 'None', 'debug': 'False', 'profiles_dir': '/opt/airflow/dbt', 'invocation_command': 'dbt run --select +dm_monthly_bookings', 'log_path': '/opt/airflow/dbt/logs', 'log_cache_events': 'False', 'quiet': 'False', 'use_colors': 'True', 'send_anonymous_usage_stats': 'True', 'no_print': 'None', 'warn_error_options': 'WarnErrorOptionsV2(error=[], warn=[], silence=[])', 'warn_error': 'None'}
[0m14:20:01.270951 [debug] [MainThread]: Spark adapter: Setting pyhive.hive logging to ERROR
[0m14:20:01.271726 [debug] [MainThread]: Spark adapter: Setting thrift.transport logging to ERROR
[0m14:20:01.272157 [debug] [MainThread]: Spark adapter: Setting thrift.protocol logging to ERROR
[0m14:20:02.431925 [warn ] [MainThread]: [[33mWARNING[0m][MissingPlusPrefixDeprecation]: Deprecated functionality
Missing '+' prefix on `materialized` found at
`wanderbricks.datamarts.materialized` in file
`/opt/airflow/dbt/dbt_project.yml`. Hierarchical config values without a '+'
prefix are deprecated in dbt_project.yml.
[0m14:20:02.437762 [debug] [MainThread]: Sending event: {'category': 'dbt', 'action': 'deprecation', 'label': 'd422ebaa-d100-4fd2-860d-4dccc0ef9bbc', 'property_': 'warn', 'context': [<snowplow_tracker.self_describing_json.SelfDescribingJson object at 0xffff9e2642c0>]}
[0m14:20:02.537219 [debug] [MainThread]: Sending event: {'category': 'dbt', 'action': 'project_id', 'label': 'd422ebaa-d100-4fd2-860d-4dccc0ef9bbc', 'context': [<snowplow_tracker.self_describing_json.SelfDescribingJson object at 0xffffb5a276e0>]}
[0m14:20:02.579395 [debug] [MainThread]: Sending event: {'category': 'dbt', 'action': 'adapter_info', 'label': 'd422ebaa-d100-4fd2-860d-4dccc0ef9bbc', 'context': [<snowplow_tracker.self_describing_json.SelfDescribingJson object at 0xffffa04cdd30>]}
[0m14:20:02.580279 [info ] [MainThread]: Registered adapter: databricks=1.11.4
[0m14:20:02.702100 [warn ] [MainThread]: [[33mWARNING[0m]: Use managed Iceberg tables when table_format is iceberg. When this flag is disabled, UniForm is used instead.
You may opt into the new behavior sooner by setting `flags.use_managed_iceberg` to `True` in `dbt_project.yml`.
Visit https://docs.getdbt.com/reference/global-configs/behavior-changes for more information.
[0m14:20:02.703078 [debug] [MainThread]: Sending event: {'category': 'dbt', 'action': 'BehaviorChangeEvent', 'label': 'd422ebaa-d100-4fd2-860d-4dccc0ef9bbc', 'context': [<snowplow_tracker.self_describing_json.SelfDescribingJson object at 0xffffb68efce0>]}
[0m14:20:02.712522 [debug] [MainThread]: checksum: 3d40d8bbe1bef07db1c24822f2dbfff8bc07f2a48ed4fe2658a40653aec0b54b, vars: {}, profile: , target: , version: 1.11.2
[0m14:20:02.830519 [debug] [MainThread]: Partial parsing enabled: 0 files deleted, 0 files added, 1 files changed.
[0m14:20:02.831418 [debug] [MainThread]: Partial parsing: updated file: wanderbricks://models/staging/stg_bookings.sql
[0m14:20:02.831983 [debug] [MainThread]: Partial parsing: updated file: wanderbricks://models/star_schema/fct_bookings.sql
[0m14:20:02.832607 [debug] [MainThread]: Partial parsing: updated file: wanderbricks://models/staging/schema.yml
[0m14:20:03.037166 [warn ] [MainThread]: [[33mWARNING[0m][MissingArgumentsPropertyInGenericTestDeprecation]: Deprecated
functionality
Found top-level arguments to test `relationships` defined on 'stg_bookings' in
package 'wanderbricks' (models/staging/schema.yml). Arguments to generic tests
should be nested under the `arguments` property.
[0m14:20:03.038030 [debug] [MainThread]: Sending event: {'category': 'dbt', 'action': 'deprecation', 'label': 'd422ebaa-d100-4fd2-860d-4dccc0ef9bbc', 'property_': 'warn', 'context': [<snowplow_tracker.self_describing_json.SelfDescribingJson object at 0xffff9e030c50>]}
[0m14:20:03.280989 [debug] [MainThread]: Sending event: {'category': 'dbt', 'action': 'load_project', 'label': 'd422ebaa-d100-4fd2-860d-4dccc0ef9bbc', 'context': [<snowplow_tracker.self_describing_json.SelfDescribingJson object at 0xffffb38703e0>]}
[0m14:20:03.360270 [debug] [MainThread]: Wrote artifact WritableManifest to /opt/airflow/dbt/target/manifest.json
[0m14:20:03.363996 [debug] [MainThread]: Wrote artifact SemanticManifest to /opt/airflow/dbt/target/semantic_manifest.json
[0m14:20:03.385147 [debug] [MainThread]: Sending event: {'category': 'dbt', 'action': 'resource_counts', 'label': 'd422ebaa-d100-4fd2-860d-4dccc0ef9bbc', 'context': [<snowplow_tracker.self_describing_json.SelfDescribingJson object at 0xffff9db91eb0>]}
[0m14:20:03.385900 [info ] [MainThread]: Found 7 models, 18 data tests, 3 sources, 731 macros
[0m14:20:03.386546 [debug] [MainThread]: Sending event: {'category': 'dbt', 'action': 'runnable_timing', 'label': 'd422ebaa-d100-4fd2-860d-4dccc0ef9bbc', 'context': [<snowplow_tracker.self_describing_json.SelfDescribingJson object at 0xffff9dac69c0>]}
[0m14:20:03.388235 [info ] [MainThread]: 
[0m14:20:03.388644 [info ] [MainThread]: Concurrency: 4 threads (target='dev')
[0m14:20:03.391074 [info ] [MainThread]: 
[0m14:20:03.391806 [debug] [MainThread]: Databricks adapter: DatabricksDBTConnection(session-id=None, name=master) - Creating connection
[0m14:20:03.392295 [debug] [MainThread]: Acquiring new databricks connection 'master'
[0m14:20:03.400035 [debug] [ThreadPool]: Databricks adapter: DatabricksDBTConnection(session-id=None, name=list_hive_metastore) - Creating connection
[0m14:20:03.400889 [debug] [ThreadPool]: Databricks adapter: DatabricksDBTConnection(session-id=None, name=list_hive_metastore) - Creating connection
[0m14:20:03.401577 [debug] [ThreadPool]: Acquiring new databricks connection 'list_hive_metastore'
[0m14:20:03.402062 [debug] [ThreadPool]: Databricks adapter: DatabricksDBTConnection(session-id=None, name=list_hive_metastore) - Creating connection
[0m14:20:03.402544 [debug] [ThreadPool]: Acquiring new databricks connection 'list_hive_metastore'
[0m14:20:03.413094 [debug] [ThreadPool]: Using databricks connection "list_hive_metastore"
[0m14:20:03.413390 [debug] [ThreadPool]: Acquiring new databricks connection 'list_hive_metastore'
[0m14:20:03.415138 [debug] [ThreadPool]: Using databricks connection "list_hive_metastore"
[0m14:20:03.415640 [debug] [ThreadPool]: On list_hive_metastore: /* {"app": "dbt", "dbt_version": "1.11.2", "dbt_databricks_version": "1.11.4", "databricks_sql_connector_version": "4.1.3", "profile_name": "wanderbricks", "target_name": "dev", "connection_name": "list_hive_metastore"} */

    

  SHOW SCHEMAS IN `hive_metastore`


  
[0m14:20:03.417220 [debug] [ThreadPool]: Using databricks connection "list_hive_metastore"
[0m14:20:03.417686 [debug] [ThreadPool]: On list_hive_metastore: /* {"app": "dbt", "dbt_version": "1.11.2", "dbt_databricks_version": "1.11.4", "databricks_sql_connector_version": "4.1.3", "profile_name": "wanderbricks", "target_name": "dev", "connection_name": "list_hive_metastore"} */

    

  SHOW SCHEMAS IN `hive_metastore`


  
[0m14:20:03.418171 [debug] [ThreadPool]: Opening a new connection, currently in state init
[0m14:20:03.418579 [debug] [ThreadPool]: On list_hive_metastore: /* {"app": "dbt", "dbt_version": "1.11.2", "dbt_databricks_version": "1.11.4", "databricks_sql_connector_version": "4.1.3", "profile_name": "wanderbricks", "target_name": "dev", "connection_name": "list_hive_metastore"} */

    

  SHOW SCHEMAS IN `hive_metastore`


  
[0m14:20:03.418988 [debug] [ThreadPool]: Opening a new connection, currently in state init
[0m14:20:03.419792 [debug] [ThreadPool]: Opening a new connection, currently in state init
[0m14:20:03.695262 [debug] [ThreadPool]: Databricks adapter: Connection(session-id=01f0f08a-f3e6-1330-bf48-34ba2c226432) - Created
[0m14:20:03.700648 [debug] [ThreadPool]: Databricks adapter: Connection(session-id=01f0f08a-f3e6-183d-a132-7b0a47cac7bf) - Created
[0m14:20:03.701466 [debug] [ThreadPool]: Databricks adapter: Connection(session-id=01f0f08a-f3e6-1980-a94a-8edf6ae0a1d8) - Created
[0m14:20:04.169931 [debug] [ThreadPool]: SQL status: OK in 0.750 seconds
[0m14:20:04.184362 [debug] [ThreadPool]: SQL status: OK in 0.770 seconds
[0m14:20:04.188157 [debug] [ThreadPool]: Databricks adapter: Cursor(session-id=01f0f08a-f3e6-1330-bf48-34ba2c226432, command-id=01f0f08a-f3ee-1f21-8753-4bf142331a1f) - Closing
[0m14:20:04.191912 [debug] [ThreadPool]: Databricks adapter: Cursor(session-id=01f0f08a-f3e6-1980-a94a-8edf6ae0a1d8, command-id=01f0f08a-f3ef-1fc0-82d6-6ccd3bb2373b) - Closing
[0m14:20:04.194929 [debug] [ThreadPool]: SQL status: OK in 0.780 seconds
[0m14:20:04.196767 [debug] [ThreadPool]: On list_hive_metastore: Close
[0m14:20:04.200335 [debug] [ThreadPool]: Databricks adapter: Connection(session-id=01f0f08a-f3e6-1330-bf48-34ba2c226432) - Closing
[0m14:20:04.199904 [debug] [ThreadPool]: Databricks adapter: Cursor(session-id=01f0f08a-f3e6-183d-a132-7b0a47cac7bf, command-id=01f0f08a-f3f0-128b-87ad-0b6e39bd64b9) - Closing
[0m14:20:04.270107 [debug] [ThreadPool]: On list_hive_metastore: Close
[0m14:20:04.270920 [debug] [ThreadPool]: Databricks adapter: Connection(session-id=01f0f08a-f3e6-1980-a94a-8edf6ae0a1d8) - Closing
[0m14:20:04.339812 [debug] [ThreadPool]: On list_hive_metastore: Close
[0m14:20:04.340639 [debug] [ThreadPool]: Databricks adapter: Connection(session-id=01f0f08a-f3e6-183d-a132-7b0a47cac7bf) - Closing
[0m14:20:04.412069 [debug] [ThreadPool]: Databricks adapter: DatabricksDBTConnection(session-id=None, name=list_hive_metastore_dbt_dev_schema_datamarts) - Creating connection
[0m14:20:04.413788 [debug] [ThreadPool]: Databricks adapter: DatabricksDBTConnection(session-id=None, name=list_hive_metastore_dbt_dev_schema_star_schema) - Creating connection
[0m14:20:04.415256 [debug] [ThreadPool]: Databricks adapter: DatabricksDBTConnection(session-id=None, name=list_hive_metastore_dbt_dev_schema_staging) - Creating connection
[0m14:20:04.415758 [debug] [ThreadPool]: Acquiring new databricks connection 'list_hive_metastore_dbt_dev_schema_datamarts'
[0m14:20:04.416911 [debug] [ThreadPool]: Acquiring new databricks connection 'list_hive_metastore_dbt_dev_schema_star_schema'
[0m14:20:04.417539 [debug] [ThreadPool]: Acquiring new databricks connection 'list_hive_metastore_dbt_dev_schema_staging'
[0m14:20:04.419145 [debug] [ThreadPool]: Using databricks connection "list_hive_metastore_dbt_dev_schema_staging"
[0m14:20:04.418720 [debug] [ThreadPool]: Using databricks connection "list_hive_metastore_dbt_dev_schema_star_schema"
[0m14:20:04.418146 [debug] [ThreadPool]: Using databricks connection "list_hive_metastore_dbt_dev_schema_datamarts"
[0m14:20:04.419539 [debug] [ThreadPool]: On list_hive_metastore_dbt_dev_schema_staging: GetTables(database=hive_metastore, schema=dbt_dev_schema_staging)
[0m14:20:04.419872 [debug] [ThreadPool]: On list_hive_metastore_dbt_dev_schema_star_schema: GetTables(database=hive_metastore, schema=dbt_dev_schema_star_schema)
[0m14:20:04.421004 [debug] [ThreadPool]: Opening a new connection, currently in state init
[0m14:20:04.420561 [debug] [ThreadPool]: Opening a new connection, currently in state init
[0m14:20:04.420205 [debug] [ThreadPool]: On list_hive_metastore_dbt_dev_schema_datamarts: GetTables(database=hive_metastore, schema=dbt_dev_schema_datamarts)
[0m14:20:04.426412 [debug] [ThreadPool]: Opening a new connection, currently in state init
[0m14:20:04.627013 [debug] [ThreadPool]: Databricks adapter: Connection(session-id=01f0f08a-f475-1a2f-adfd-55cd5f38f007) - Created
[0m14:20:04.659142 [debug] [ThreadPool]: Databricks adapter: Connection(session-id=01f0f08a-f47a-1b33-9983-3f68a55af5d9) - Created
[0m14:20:04.675794 [debug] [ThreadPool]: Databricks adapter: Connection(session-id=01f0f08a-f47c-1303-b5da-98e36eec4e5d) - Created
[0m14:20:04.813483 [debug] [ThreadPool]: SQL status: OK in 0.390 seconds
[0m14:20:04.815816 [debug] [ThreadPool]: Databricks adapter: Cursor(session-id=01f0f08a-f475-1a2f-adfd-55cd5f38f007, command-id=01f0f08a-f47d-1123-8d26-0b2046ff608b) - Closing
[0m14:20:04.816397 [debug] [ThreadPool]: On list_hive_metastore_dbt_dev_schema_staging: Close
[0m14:20:04.816891 [debug] [ThreadPool]: Databricks adapter: Connection(session-id=01f0f08a-f475-1a2f-adfd-55cd5f38f007) - Closing
[0m14:20:04.827150 [debug] [ThreadPool]: SQL status: OK in 0.400 seconds
[0m14:20:04.828336 [debug] [ThreadPool]: Databricks adapter: Cursor(session-id=01f0f08a-f47a-1b33-9983-3f68a55af5d9, command-id=01f0f08a-f482-13a2-83c0-5b1dcd04d91c) - Closing
[0m14:20:04.841659 [debug] [ThreadPool]: SQL status: OK in 0.420 seconds
[0m14:20:04.843807 [debug] [ThreadPool]: Databricks adapter: Cursor(session-id=01f0f08a-f47c-1303-b5da-98e36eec4e5d, command-id=01f0f08a-f484-1b4f-86fd-d84d781cc107) - Closing
[0m14:20:04.874712 [debug] [ThreadPool]: On list_hive_metastore_dbt_dev_schema_datamarts: Close
[0m14:20:04.875344 [debug] [ThreadPool]: Databricks adapter: Connection(session-id=01f0f08a-f47a-1b33-9983-3f68a55af5d9) - Closing
[0m14:20:04.955169 [debug] [ThreadPool]: On list_hive_metastore_dbt_dev_schema_star_schema: Close
[0m14:20:04.968679 [debug] [ThreadPool]: Databricks adapter: Connection(session-id=01f0f08a-f47c-1303-b5da-98e36eec4e5d) - Closing
[0m14:20:05.061104 [debug] [MainThread]: Sending event: {'category': 'dbt', 'action': 'runnable_timing', 'label': 'd422ebaa-d100-4fd2-860d-4dccc0ef9bbc', 'context': [<snowplow_tracker.self_describing_json.SelfDescribingJson object at 0xffff9daec260>]}
[0m14:20:05.140757 [debug] [Thread-5 (]: Began running node model.wanderbricks.stg_users
[0m14:20:05.130337 [debug] [Thread-3 (]: Began running node model.wanderbricks.stg_bookings
[0m14:20:05.132229 [debug] [Thread-4 (]: Began running node model.wanderbricks.stg_properties
[0m14:20:05.147798 [info ] [Thread-4 (]: 2 of 7 START sql view model dbt_dev_schema_staging.stg_properties .............. [RUN]
[0m14:20:05.146359 [info ] [Thread-3 (]: 1 of 7 START sql view model dbt_dev_schema_staging.stg_bookings ................ [RUN]
[0m14:20:05.145050 [info ] [Thread-5 (]: 3 of 7 START sql view model dbt_dev_schema_staging.stg_users ................... [RUN]
[0m14:20:05.155579 [debug] [Thread-5 (]: Databricks adapter: DatabricksDBTConnection(session-id=None, name=model.wanderbricks.stg_users) - Creating connection
[0m14:20:05.157159 [debug] [Thread-5 (]: Acquiring new databricks connection 'model.wanderbricks.stg_users'
[0m14:20:05.151962 [debug] [Thread-4 (]: Databricks adapter: DatabricksDBTConnection(session-id=None, name=model.wanderbricks.stg_properties) - Creating connection
[0m14:20:05.153740 [debug] [Thread-3 (]: Databricks adapter: DatabricksDBTConnection(session-id=None, name=model.wanderbricks.stg_bookings) - Creating connection
[0m14:20:05.169280 [debug] [Thread-3 (]: Acquiring new databricks connection 'model.wanderbricks.stg_bookings'
[0m14:20:05.166394 [debug] [Thread-4 (]: Acquiring new databricks connection 'model.wanderbricks.stg_properties'
[0m14:20:05.161211 [debug] [Thread-5 (]: Began compiling node model.wanderbricks.stg_users
[0m14:20:05.172311 [debug] [Thread-3 (]: Began compiling node model.wanderbricks.stg_bookings
[0m14:20:05.175656 [debug] [Thread-4 (]: Began compiling node model.wanderbricks.stg_properties
[0m14:20:05.207029 [debug] [Thread-3 (]: Writing injected SQL for node "model.wanderbricks.stg_bookings"
[0m14:20:05.214994 [debug] [Thread-4 (]: Writing injected SQL for node "model.wanderbricks.stg_properties"
[0m14:20:05.228999 [debug] [Thread-5 (]: Writing injected SQL for node "model.wanderbricks.stg_users"
[0m14:20:05.239810 [debug] [Thread-4 (]: Began executing node model.wanderbricks.stg_properties
[0m14:20:05.240141 [debug] [Thread-3 (]: Began executing node model.wanderbricks.stg_bookings
[0m14:20:05.240551 [debug] [Thread-5 (]: Began executing node model.wanderbricks.stg_users
[0m14:20:05.295600 [debug] [Thread-4 (]: MATERIALIZING VIEW
[0m14:20:05.296338 [debug] [Thread-3 (]: MATERIALIZING VIEW
[0m14:20:05.303661 [warn ] [Thread-3 (]: [[33mWARNING[0m]: Use revamped materializations based on separating create and insert.  This allows more performant column comments, as well as new column features.
You may opt into the new behavior sooner by setting `flags.use_materialization_v2` to `True` in `dbt_project.yml`.
Visit https://docs.getdbt.com/reference/global-configs/behavior-changes for more information.
[0m14:20:05.307323 [debug] [Thread-3 (]: Sending event: {'category': 'dbt', 'action': 'BehaviorChangeEvent', 'label': 'd422ebaa-d100-4fd2-860d-4dccc0ef9bbc', 'context': [<snowplow_tracker.self_describing_json.SelfDescribingJson object at 0xffff9db82d80>]}
[0m14:20:05.299151 [debug] [Thread-5 (]: MATERIALIZING VIEW
[0m14:20:05.302447 [warn ] [Thread-4 (]: [[33mWARNING[0m]: Use revamped materializations based on separating create and insert.  This allows more performant column comments, as well as new column features.
You may opt into the new behavior sooner by setting `flags.use_materialization_v2` to `True` in `dbt_project.yml`.
Visit https://docs.getdbt.com/reference/global-configs/behavior-changes for more information.
[0m14:20:05.350007 [debug] [Thread-4 (]: Sending event: {'category': 'dbt', 'action': 'BehaviorChangeEvent', 'label': 'd422ebaa-d100-4fd2-860d-4dccc0ef9bbc', 'context': [<snowplow_tracker.self_describing_json.SelfDescribingJson object at 0xffff9d3f5220>]}
[0m14:20:05.349695 [debug] [Thread-5 (]: Creating view `hive_metastore`.`dbt_dev_schema_staging`.`stg_users`
[0m14:20:05.351187 [debug] [Thread-4 (]: Creating view `hive_metastore`.`dbt_dev_schema_staging`.`stg_properties`
[0m14:20:05.347720 [debug] [Thread-3 (]: Creating view `hive_metastore`.`dbt_dev_schema_staging`.`stg_bookings`
[0m14:20:05.373739 [debug] [Thread-3 (]: Writing runtime sql for node "model.wanderbricks.stg_bookings"
[0m14:20:05.368768 [debug] [Thread-4 (]: Writing runtime sql for node "model.wanderbricks.stg_properties"
[0m14:20:05.372864 [debug] [Thread-5 (]: Writing runtime sql for node "model.wanderbricks.stg_users"
[0m14:20:05.380169 [debug] [Thread-3 (]: Using databricks connection "model.wanderbricks.stg_bookings"
[0m14:20:05.383380 [debug] [Thread-3 (]: On model.wanderbricks.stg_bookings: /* {"app": "dbt", "dbt_version": "1.11.2", "dbt_databricks_version": "1.11.4", "databricks_sql_connector_version": "4.1.3", "profile_name": "wanderbricks", "target_name": "dev", "node_id": "model.wanderbricks.stg_bookings"} */

  
  
  create or replace view `hive_metastore`.`dbt_dev_schema_staging`.`stg_bookings`
  
  as (
    with source as (
    select * from `samples`.`wanderbricks`.`bookings`
),

renamed as (
    select
        id as booking_id,
        user_id,
        property_id,
        start_date,
        end_date,
        amount
    from source
)

select * from renamed
  )

[0m14:20:05.381570 [debug] [Thread-5 (]: Using databricks connection "model.wanderbricks.stg_users"
[0m14:20:05.381290 [debug] [Thread-4 (]: Using databricks connection "model.wanderbricks.stg_properties"
[0m14:20:05.387415 [debug] [Thread-4 (]: On model.wanderbricks.stg_properties: /* {"app": "dbt", "dbt_version": "1.11.2", "dbt_databricks_version": "1.11.4", "databricks_sql_connector_version": "4.1.3", "profile_name": "wanderbricks", "target_name": "dev", "node_id": "model.wanderbricks.stg_properties"} */

  
  
  create or replace view `hive_metastore`.`dbt_dev_schema_staging`.`stg_properties`
  
  as (
    with source as (
    select * from `samples`.`wanderbricks`.`properties`
),

renamed as (
    select
        id as property_id,
        name,
        city,
        country,
        price_per_night
    from source
)

select * from renamed
  )

[0m14:20:05.388899 [debug] [Thread-4 (]: Opening a new connection, currently in state init
[0m14:20:05.384542 [debug] [Thread-3 (]: Opening a new connection, currently in state init
[0m14:20:05.386811 [debug] [Thread-5 (]: On model.wanderbricks.stg_users: /* {"app": "dbt", "dbt_version": "1.11.2", "dbt_databricks_version": "1.11.4", "databricks_sql_connector_version": "4.1.3", "profile_name": "wanderbricks", "target_name": "dev", "node_id": "model.wanderbricks.stg_users"} */

  
  
  create or replace view `hive_metastore`.`dbt_dev_schema_staging`.`stg_users`
  
  as (
    with source as (
    select * from `samples`.`wanderbricks`.`users`
),

renamed as (
    select
        id as user_id,
        email,
        created_at
    from source
)

select * from renamed
  )

[0m14:20:05.396491 [debug] [Thread-5 (]: Opening a new connection, currently in state init
[0m14:20:05.647397 [debug] [Thread-3 (]: Databricks adapter: Connection(session-id=01f0f08a-f510-1002-9aa5-0e59dad9714e) - Created
[0m14:20:05.666498 [debug] [Thread-4 (]: Databricks adapter: Connection(session-id=01f0f08a-f513-18c1-9a20-86d82191d54d) - Created
[0m14:20:05.701612 [debug] [Thread-5 (]: Databricks adapter: Connection(session-id=01f0f08a-f518-1699-89de-5782300b9872) - Created
[0m14:20:07.571543 [debug] [Thread-3 (]: Databricks adapter: Exception while trying to execute query
/* {"app": "dbt", "dbt_version": "1.11.2", "dbt_databricks_version": "1.11.4", "databricks_sql_connector_version": "4.1.3", "profile_name": "wanderbricks", "target_name": "dev", "node_id": "model.wanderbricks.stg_bookings"} */

  
  
  create or replace view `hive_metastore`.`dbt_dev_schema_staging`.`stg_bookings`
  
  as (
    with source as (
    select * from `samples`.`wanderbricks`.`bookings`
),

renamed as (
    select
        id as booking_id,
        user_id,
        property_id,
        start_date,
        end_date,
        amount
    from source
)

select * from renamed
  )

: [UNRESOLVED_COLUMN.WITH_SUGGESTION] A column, variable, or function parameter with name `id` cannot be resolved. Did you mean one of the following? [`user_id`, `status`, `check_in`, `booking_id`, `check_out`]. SQLSTATE: 42703; line 14 pos 8
Error properties: diagnostic-info=org.apache.hive.service.cli.HiveSQLException: Error running query: [UNRESOLVED_COLUMN.WITH_SUGGESTION] org.apache.spark.sql.catalyst.ExtendedAnalysisException: [UNRESOLVED_COLUMN.WITH_SUGGESTION] A column, variable, or function parameter with name `id` cannot be resolved. Did you mean one of the following? [`user_id`, `status`, `check_in`, `booking_id`, `check_out`]. SQLSTATE: 42703; line 14 pos 8
	at org.apache.spark.sql.hive.thriftserver.HiveThriftServerErrors$.runningQueryError(HiveThriftServerErrors.scala:49)
	at org.apache.spark.sql.hive.thriftserver.SparkExecuteStatementOperation.$anonfun$execute$1(SparkExecuteStatementOperation.scala:1050)
	at scala.runtime.java8.JFunction0$mcV$sp.apply(JFunction0$mcV$sp.scala:18)
	at com.databricks.unity.UCSEphemeralState$Handle.runWith(UCSEphemeralState.scala:51)
	at com.databricks.unity.HandleImpl.runWith(UCSHandle.scala:104)
	at org.apache.spark.sql.hive.thriftserver.SparkExecuteStatementOperation.org$apache$spark$sql$hive$thriftserver$SparkExecuteStatementOperation$$execute(SparkExecuteStatementOperation.scala:787)
	at org.apache.spark.sql.hive.thriftserver.SparkExecuteStatementOperation$$anon$2$$anon$3.$anonfun$run$5(SparkExecuteStatementOperation.scala:578)
	at scala.runtime.java8.JFunction0$mcV$sp.apply(JFunction0$mcV$sp.scala:18)
	at org.apache.spark.sql.execution.SQLExecution$.withRootExecution(SQLExecution.scala:869)
	at org.apache.spark.sql.hive.thriftserver.SparkExecuteStatementOperation$$anon$2$$anon$3.$anonfun$run$2(SparkExecuteStatementOperation.scala:578)
	at scala.runtime.java8.JFunction0$mcV$sp.apply(JFunction0$mcV$sp.scala:18)
	at com.databricks.logging.AttributionContextTracing.$anonfun$withAttributionContext$1(AttributionContextTracing.scala:80)
	at com.databricks.logging.AttributionContext$.$anonfun$withValue$1(AttributionContext.scala:348)
	at scala.util.DynamicVariable.withValue(DynamicVariable.scala:59)
	at com.databricks.logging.AttributionContext$.withValue(AttributionContext.scala:344)
	at com.databricks.logging.AttributionContextTracing.withAttributionContext(AttributionContextTracing.scala:78)
	at com.databricks.logging.AttributionContextTracing.withAttributionContext$(AttributionContextTracing.scala:75)
	at com.databricks.spark.util.DatabricksTracingHelper.withAttributionContext(DatabricksSparkTracingHelper.scala:62)
	at com.databricks.spark.util.DatabricksTracingHelper.withSpanFromRequest(DatabricksSparkTracingHelper.scala:89)
	at com.databricks.spark.util.DBRTracing$.withSpanFromRequest(DBRTracing.scala:43)
	at org.apache.spark.sql.hive.thriftserver.ThriftLocalProperties.$anonfun$withLocalProperties$15(ThriftLocalProperties.scala:238)
	at com.databricks.logging.AttributionContextTracing.$anonfun$withAttributionContext$1(AttributionContextTracing.scala:80)
	at com.databricks.logging.AttributionContext$.$anonfun$withValue$1(AttributionContext.scala:348)
	at scala.util.DynamicVariable.withValue(DynamicVariable.scala:59)
	at com.databricks.logging.AttributionContext$.withValue(AttributionContext.scala:344)
	at com.databricks.logging.AttributionContextTracing.withAttributionContext(AttributionContextTracing.scala:78)
	at com.databricks.logging.AttributionContextTracing.withAttributionContext$(AttributionContextTracing.scala:75)
	at com.databricks.spark.util.PublicDBLogging.withAttributionContext(DatabricksSparkUsageLogger.scala:29)
	at com.databricks.logging.AttributionContextTracing.withAttributionTags(AttributionContextTracing.scala:127)
	at com.databricks.logging.AttributionContextTracing.withAttributionTags$(AttributionContextTracing.scala:108)
	at com.databricks.spark.util.PublicDBLogging.withAttributionTags(DatabricksSparkUsageLogger.scala:29)
	at com.databricks.spark.util.PublicDBLogging.withAttributionTags0(DatabricksSparkUsageLogger.scala:108)
	at com.databricks.spark.util.DatabricksSparkUsageLogger.withAttributionTags(DatabricksSparkUsageLogger.scala:216)
	at com.databricks.spark.util.UsageLogging.$anonfun$withAttributionTags$1(UsageLogger.scala:668)
	at com.databricks.spark.util.UsageLogging$.withAttributionTags(UsageLogger.scala:780)
	at com.databricks.spark.util.UsageLogging$.withAttributionTags(UsageLogger.scala:789)
	at com.databricks.spark.util.UsageLogging.withAttributionTags(UsageLogger.scala:668)
	at com.databricks.spark.util.UsageLogging.withAttributionTags$(UsageLogger.scala:666)
	at org.apache.spark.sql.hive.thriftserver.SparkExecuteStatementOperation.withAttributionTags(SparkExecuteStatementOperation.scala:76)
	at org.apache.spark.sql.hive.thriftserver.ThriftLocalProperties.$anonfun$withLocalProperties$12(ThriftLocalProperties.scala:233)
	at com.databricks.spark.util.IdentityClaim$.withClaim(IdentityClaim.scala:48)
	at org.apache.spark.sql.hive.thriftserver.ThriftLocalProperties.withLocalProperties(ThriftLocalProperties.scala:229)
	at org.apache.spark.sql.hive.thriftserver.ThriftLocalProperties.withLocalProperties$(ThriftLocalProperties.scala:89)
	at org.apache.spark.sql.hive.thriftserver.SparkExecuteStatementOperation.withLocalProperties(SparkExecuteStatementOperation.scala:76)
	at org.apache.spark.sql.hive.thriftserver.SparkExecuteStatementOperation$$anon$2$$anon$3.run(SparkExecuteStatementOperation.scala:555)
	at org.apache.spark.sql.hive.thriftserver.SparkExecuteStatementOperation$$anon$2$$anon$3.run(SparkExecuteStatementOperation.scala:541)
	at java.base/java.security.AccessController.doPrivileged(AccessController.java:712)
	at java.base/javax.security.auth.Subject.doAs(Subject.java:439)
	at org.apache.hadoop.security.UserGroupInformation.doAs(UserGroupInformation.java:1953)
	at org.apache.spark.sql.hive.thriftserver.SparkExecuteStatementOperation$$anon$2.run(SparkExecuteStatementOperation.scala:591)
	at java.base/java.util.concurrent.Executors$RunnableAdapter.call(Executors.java:539)
	at java.base/java.util.concurrent.FutureTask.run(FutureTask.java:264)
	at java.base/java.util.concurrent.ThreadPoolExecutor.runWorker(ThreadPoolExecutor.java:1136)
	at java.base/java.util.concurrent.ThreadPoolExecutor$Worker.run(ThreadPoolExecutor.java:635)
	at java.base/java.lang.Thread.run(Thread.java:840)
Caused by: org.apache.spark.sql.catalyst.ExtendedAnalysisException: [UNRESOLVED_COLUMN.WITH_SUGGESTION] A column, variable, or function parameter with name `id` cannot be resolved. Did you mean one of the following? [`user_id`, `status`, `check_in`, `booking_id`, `check_out`]. SQLSTATE: 42703; line 14 pos 8
	at org.apache.spark.sql.catalyst.ExtendedAnalysisException.copyPlan(ExtendedAnalysisException.scala:96)
	at org.apache.spark.sql.hive.thriftserver.SparkExecuteStatementOperation.$anonfun$execute$1(SparkExecuteStatementOperation.scala:1011)
	... 53 more
, operation-id=01f0f08a-f519-11c1-9411-b5ae956b964e
[0m14:20:07.573222 [debug] [Thread-5 (]: Databricks adapter: Exception while trying to execute query
/* {"app": "dbt", "dbt_version": "1.11.2", "dbt_databricks_version": "1.11.4", "databricks_sql_connector_version": "4.1.3", "profile_name": "wanderbricks", "target_name": "dev", "node_id": "model.wanderbricks.stg_users"} */

  
  
  create or replace view `hive_metastore`.`dbt_dev_schema_staging`.`stg_users`
  
  as (
    with source as (
    select * from `samples`.`wanderbricks`.`users`
),

renamed as (
    select
        id as user_id,
        email,
        created_at
    from source
)

select * from renamed
  )

: [UNRESOLVED_COLUMN.WITH_SUGGESTION] A column, variable, or function parameter with name `id` cannot be resolved. Did you mean one of the following? [`email`, `name`, `user_id`, `country`, `created_at`]. SQLSTATE: 42703; line 14 pos 8
Error properties: diagnostic-info=org.apache.hive.service.cli.HiveSQLException: Error running query: [UNRESOLVED_COLUMN.WITH_SUGGESTION] org.apache.spark.sql.catalyst.ExtendedAnalysisException: [UNRESOLVED_COLUMN.WITH_SUGGESTION] A column, variable, or function parameter with name `id` cannot be resolved. Did you mean one of the following? [`email`, `name`, `user_id`, `country`, `created_at`]. SQLSTATE: 42703; line 14 pos 8
	at org.apache.spark.sql.hive.thriftserver.HiveThriftServerErrors$.runningQueryError(HiveThriftServerErrors.scala:49)
	at org.apache.spark.sql.hive.thriftserver.SparkExecuteStatementOperation.$anonfun$execute$1(SparkExecuteStatementOperation.scala:1050)
	at scala.runtime.java8.JFunction0$mcV$sp.apply(JFunction0$mcV$sp.scala:18)
	at com.databricks.unity.UCSEphemeralState$Handle.runWith(UCSEphemeralState.scala:51)
	at com.databricks.unity.HandleImpl.runWith(UCSHandle.scala:104)
	at org.apache.spark.sql.hive.thriftserver.SparkExecuteStatementOperation.org$apache$spark$sql$hive$thriftserver$SparkExecuteStatementOperation$$execute(SparkExecuteStatementOperation.scala:787)
	at org.apache.spark.sql.hive.thriftserver.SparkExecuteStatementOperation$$anon$2$$anon$3.$anonfun$run$5(SparkExecuteStatementOperation.scala:578)
	at scala.runtime.java8.JFunction0$mcV$sp.apply(JFunction0$mcV$sp.scala:18)
	at org.apache.spark.sql.execution.SQLExecution$.withRootExecution(SQLExecution.scala:869)
	at org.apache.spark.sql.hive.thriftserver.SparkExecuteStatementOperation$$anon$2$$anon$3.$anonfun$run$2(SparkExecuteStatementOperation.scala:578)
	at scala.runtime.java8.JFunction0$mcV$sp.apply(JFunction0$mcV$sp.scala:18)
	at com.databricks.logging.AttributionContextTracing.$anonfun$withAttributionContext$1(AttributionContextTracing.scala:80)
	at com.databricks.logging.AttributionContext$.$anonfun$withValue$1(AttributionContext.scala:348)
	at scala.util.DynamicVariable.withValue(DynamicVariable.scala:59)
	at com.databricks.logging.AttributionContext$.withValue(AttributionContext.scala:344)
	at com.databricks.logging.AttributionContextTracing.withAttributionContext(AttributionContextTracing.scala:78)
	at com.databricks.logging.AttributionContextTracing.withAttributionContext$(AttributionContextTracing.scala:75)
	at com.databricks.spark.util.DatabricksTracingHelper.withAttributionContext(DatabricksSparkTracingHelper.scala:62)
	at com.databricks.spark.util.DatabricksTracingHelper.withSpanFromRequest(DatabricksSparkTracingHelper.scala:89)
	at com.databricks.spark.util.DBRTracing$.withSpanFromRequest(DBRTracing.scala:43)
	at org.apache.spark.sql.hive.thriftserver.ThriftLocalProperties.$anonfun$withLocalProperties$15(ThriftLocalProperties.scala:238)
	at com.databricks.logging.AttributionContextTracing.$anonfun$withAttributionContext$1(AttributionContextTracing.scala:80)
	at com.databricks.logging.AttributionContext$.$anonfun$withValue$1(AttributionContext.scala:348)
	at scala.util.DynamicVariable.withValue(DynamicVariable.scala:59)
	at com.databricks.logging.AttributionContext$.withValue(AttributionContext.scala:344)
	at com.databricks.logging.AttributionContextTracing.withAttributionContext(AttributionContextTracing.scala:78)
	at com.databricks.logging.AttributionContextTracing.withAttributionContext$(AttributionContextTracing.scala:75)
	at com.databricks.spark.util.PublicDBLogging.withAttributionContext(DatabricksSparkUsageLogger.scala:29)
	at com.databricks.logging.AttributionContextTracing.withAttributionTags(AttributionContextTracing.scala:127)
	at com.databricks.logging.AttributionContextTracing.withAttributionTags$(AttributionContextTracing.scala:108)
	at com.databricks.spark.util.PublicDBLogging.withAttributionTags(DatabricksSparkUsageLogger.scala:29)
	at com.databricks.spark.util.PublicDBLogging.withAttributionTags0(DatabricksSparkUsageLogger.scala:108)
	at com.databricks.spark.util.DatabricksSparkUsageLogger.withAttributionTags(DatabricksSparkUsageLogger.scala:216)
	at com.databricks.spark.util.UsageLogging.$anonfun$withAttributionTags$1(UsageLogger.scala:668)
	at com.databricks.spark.util.UsageLogging$.withAttributionTags(UsageLogger.scala:780)
	at com.databricks.spark.util.UsageLogging$.withAttributionTags(UsageLogger.scala:789)
	at com.databricks.spark.util.UsageLogging.withAttributionTags(UsageLogger.scala:668)
	at com.databricks.spark.util.UsageLogging.withAttributionTags$(UsageLogger.scala:666)
	at org.apache.spark.sql.hive.thriftserver.SparkExecuteStatementOperation.withAttributionTags(SparkExecuteStatementOperation.scala:76)
	at org.apache.spark.sql.hive.thriftserver.ThriftLocalProperties.$anonfun$withLocalProperties$12(ThriftLocalProperties.scala:233)
	at com.databricks.spark.util.IdentityClaim$.withClaim(IdentityClaim.scala:48)
	at org.apache.spark.sql.hive.thriftserver.ThriftLocalProperties.withLocalProperties(ThriftLocalProperties.scala:229)
	at org.apache.spark.sql.hive.thriftserver.ThriftLocalProperties.withLocalProperties$(ThriftLocalProperties.scala:89)
	at org.apache.spark.sql.hive.thriftserver.SparkExecuteStatementOperation.withLocalProperties(SparkExecuteStatementOperation.scala:76)
	at org.apache.spark.sql.hive.thriftserver.SparkExecuteStatementOperation$$anon$2$$anon$3.run(SparkExecuteStatementOperation.scala:555)
	at org.apache.spark.sql.hive.thriftserver.SparkExecuteStatementOperation$$anon$2$$anon$3.run(SparkExecuteStatementOperation.scala:541)
	at java.base/java.security.AccessController.doPrivileged(AccessController.java:712)
	at java.base/javax.security.auth.Subject.doAs(Subject.java:439)
	at org.apache.hadoop.security.UserGroupInformation.doAs(UserGroupInformation.java:1953)
	at org.apache.spark.sql.hive.thriftserver.SparkExecuteStatementOperation$$anon$2.run(SparkExecuteStatementOperation.scala:591)
	at java.base/java.util.concurrent.Executors$RunnableAdapter.call(Executors.java:539)
	at java.base/java.util.concurrent.FutureTask.run(FutureTask.java:264)
	at java.base/java.util.concurrent.ThreadPoolExecutor.runWorker(ThreadPoolExecutor.java:1136)
	at java.base/java.util.concurrent.ThreadPoolExecutor$Worker.run(ThreadPoolExecutor.java:635)
	at java.base/java.lang.Thread.run(Thread.java:840)
Caused by: org.apache.spark.sql.catalyst.ExtendedAnalysisException: [UNRESOLVED_COLUMN.WITH_SUGGESTION] A column, variable, or function parameter with name `id` cannot be resolved. Did you mean one of the following? [`email`, `name`, `user_id`, `country`, `created_at`]. SQLSTATE: 42703; line 14 pos 8
	at org.apache.spark.sql.catalyst.ExtendedAnalysisException.copyPlan(ExtendedAnalysisException.scala:96)
	at org.apache.spark.sql.hive.thriftserver.SparkExecuteStatementOperation.$anonfun$execute$1(SparkExecuteStatementOperation.scala:1011)
	... 53 more
, operation-id=01f0f08a-f521-10a3-97f4-c4c725216285
[0m14:20:07.569911 [debug] [Thread-4 (]: Databricks adapter: Exception while trying to execute query
/* {"app": "dbt", "dbt_version": "1.11.2", "dbt_databricks_version": "1.11.4", "databricks_sql_connector_version": "4.1.3", "profile_name": "wanderbricks", "target_name": "dev", "node_id": "model.wanderbricks.stg_properties"} */

  
  
  create or replace view `hive_metastore`.`dbt_dev_schema_staging`.`stg_properties`
  
  as (
    with source as (
    select * from `samples`.`wanderbricks`.`properties`
),

renamed as (
    select
        id as property_id,
        name,
        city,
        country,
        price_per_night
    from source
)

select * from renamed
  )

: [UNRESOLVED_COLUMN.WITH_SUGGESTION] A column, variable, or function parameter with name `id` cannot be resolved. Did you mean one of the following? [`title`, `host_id`, `bedrooms`, `base_price`, `bathrooms`]. SQLSTATE: 42703; line 14 pos 8
Error properties: diagnostic-info=org.apache.hive.service.cli.HiveSQLException: Error running query: [UNRESOLVED_COLUMN.WITH_SUGGESTION] org.apache.spark.sql.catalyst.ExtendedAnalysisException: [UNRESOLVED_COLUMN.WITH_SUGGESTION] A column, variable, or function parameter with name `id` cannot be resolved. Did you mean one of the following? [`title`, `host_id`, `bedrooms`, `base_price`, `bathrooms`]. SQLSTATE: 42703; line 14 pos 8
	at org.apache.spark.sql.hive.thriftserver.HiveThriftServerErrors$.runningQueryError(HiveThriftServerErrors.scala:49)
	at org.apache.spark.sql.hive.thriftserver.SparkExecuteStatementOperation.$anonfun$execute$1(SparkExecuteStatementOperation.scala:1050)
	at scala.runtime.java8.JFunction0$mcV$sp.apply(JFunction0$mcV$sp.scala:18)
	at com.databricks.unity.UCSEphemeralState$Handle.runWith(UCSEphemeralState.scala:51)
	at com.databricks.unity.HandleImpl.runWith(UCSHandle.scala:104)
	at org.apache.spark.sql.hive.thriftserver.SparkExecuteStatementOperation.org$apache$spark$sql$hive$thriftserver$SparkExecuteStatementOperation$$execute(SparkExecuteStatementOperation.scala:787)
	at org.apache.spark.sql.hive.thriftserver.SparkExecuteStatementOperation$$anon$2$$anon$3.$anonfun$run$5(SparkExecuteStatementOperation.scala:578)
	at scala.runtime.java8.JFunction0$mcV$sp.apply(JFunction0$mcV$sp.scala:18)
	at org.apache.spark.sql.execution.SQLExecution$.withRootExecution(SQLExecution.scala:869)
	at org.apache.spark.sql.hive.thriftserver.SparkExecuteStatementOperation$$anon$2$$anon$3.$anonfun$run$2(SparkExecuteStatementOperation.scala:578)
	at scala.runtime.java8.JFunction0$mcV$sp.apply(JFunction0$mcV$sp.scala:18)
	at com.databricks.logging.AttributionContextTracing.$anonfun$withAttributionContext$1(AttributionContextTracing.scala:80)
	at com.databricks.logging.AttributionContext$.$anonfun$withValue$1(AttributionContext.scala:348)
	at scala.util.DynamicVariable.withValue(DynamicVariable.scala:59)
	at com.databricks.logging.AttributionContext$.withValue(AttributionContext.scala:344)
	at com.databricks.logging.AttributionContextTracing.withAttributionContext(AttributionContextTracing.scala:78)
	at com.databricks.logging.AttributionContextTracing.withAttributionContext$(AttributionContextTracing.scala:75)
	at com.databricks.spark.util.DatabricksTracingHelper.withAttributionContext(DatabricksSparkTracingHelper.scala:62)
	at com.databricks.spark.util.DatabricksTracingHelper.withSpanFromRequest(DatabricksSparkTracingHelper.scala:89)
	at com.databricks.spark.util.DBRTracing$.withSpanFromRequest(DBRTracing.scala:43)
	at org.apache.spark.sql.hive.thriftserver.ThriftLocalProperties.$anonfun$withLocalProperties$15(ThriftLocalProperties.scala:238)
	at com.databricks.logging.AttributionContextTracing.$anonfun$withAttributionContext$1(AttributionContextTracing.scala:80)
	at com.databricks.logging.AttributionContext$.$anonfun$withValue$1(AttributionContext.scala:348)
	at scala.util.DynamicVariable.withValue(DynamicVariable.scala:59)
	at com.databricks.logging.AttributionContext$.withValue(AttributionContext.scala:344)
	at com.databricks.logging.AttributionContextTracing.withAttributionContext(AttributionContextTracing.scala:78)
	at com.databricks.logging.AttributionContextTracing.withAttributionContext$(AttributionContextTracing.scala:75)
	at com.databricks.spark.util.PublicDBLogging.withAttributionContext(DatabricksSparkUsageLogger.scala:29)
	at com.databricks.logging.AttributionContextTracing.withAttributionTags(AttributionContextTracing.scala:127)
	at com.databricks.logging.AttributionContextTracing.withAttributionTags$(AttributionContextTracing.scala:108)
	at com.databricks.spark.util.PublicDBLogging.withAttributionTags(DatabricksSparkUsageLogger.scala:29)
	at com.databricks.spark.util.PublicDBLogging.withAttributionTags0(DatabricksSparkUsageLogger.scala:108)
	at com.databricks.spark.util.DatabricksSparkUsageLogger.withAttributionTags(DatabricksSparkUsageLogger.scala:216)
	at com.databricks.spark.util.UsageLogging.$anonfun$withAttributionTags$1(UsageLogger.scala:668)
	at com.databricks.spark.util.UsageLogging$.withAttributionTags(UsageLogger.scala:780)
	at com.databricks.spark.util.UsageLogging$.withAttributionTags(UsageLogger.scala:789)
	at com.databricks.spark.util.UsageLogging.withAttributionTags(UsageLogger.scala:668)
	at com.databricks.spark.util.UsageLogging.withAttributionTags$(UsageLogger.scala:666)
	at org.apache.spark.sql.hive.thriftserver.SparkExecuteStatementOperation.withAttributionTags(SparkExecuteStatementOperation.scala:76)
	at org.apache.spark.sql.hive.thriftserver.ThriftLocalProperties.$anonfun$withLocalProperties$12(ThriftLocalProperties.scala:233)
	at com.databricks.spark.util.IdentityClaim$.withClaim(IdentityClaim.scala:48)
	at org.apache.spark.sql.hive.thriftserver.ThriftLocalProperties.withLocalProperties(ThriftLocalProperties.scala:229)
	at org.apache.spark.sql.hive.thriftserver.ThriftLocalProperties.withLocalProperties$(ThriftLocalProperties.scala:89)
	at org.apache.spark.sql.hive.thriftserver.SparkExecuteStatementOperation.withLocalProperties(SparkExecuteStatementOperation.scala:76)
	at org.apache.spark.sql.hive.thriftserver.SparkExecuteStatementOperation$$anon$2$$anon$3.run(SparkExecuteStatementOperation.scala:555)
	at org.apache.spark.sql.hive.thriftserver.SparkExecuteStatementOperation$$anon$2$$anon$3.run(SparkExecuteStatementOperation.scala:541)
	at java.base/java.security.AccessController.doPrivileged(AccessController.java:712)
	at java.base/javax.security.auth.Subject.doAs(Subject.java:439)
	at org.apache.hadoop.security.UserGroupInformation.doAs(UserGroupInformation.java:1953)
	at org.apache.spark.sql.hive.thriftserver.SparkExecuteStatementOperation$$anon$2.run(SparkExecuteStatementOperation.scala:591)
	at java.base/java.util.concurrent.Executors$RunnableAdapter.call(Executors.java:539)
	at java.base/java.util.concurrent.FutureTask.run(FutureTask.java:264)
	at java.base/java.util.concurrent.ThreadPoolExecutor.runWorker(ThreadPoolExecutor.java:1136)
	at java.base/java.util.concurrent.ThreadPoolExecutor$Worker.run(ThreadPoolExecutor.java:635)
	at java.base/java.lang.Thread.run(Thread.java:840)
Caused by: org.apache.spark.sql.catalyst.ExtendedAnalysisException: [UNRESOLVED_COLUMN.WITH_SUGGESTION] A column, variable, or function parameter with name `id` cannot be resolved. Did you mean one of the following? [`title`, `host_id`, `bedrooms`, `base_price`, `bathrooms`]. SQLSTATE: 42703; line 14 pos 8
	at org.apache.spark.sql.catalyst.ExtendedAnalysisException.copyPlan(ExtendedAnalysisException.scala:96)
	at org.apache.spark.sql.hive.thriftserver.SparkExecuteStatementOperation.$anonfun$execute$1(SparkExecuteStatementOperation.scala:1011)
	... 53 more
, operation-id=01f0f08a-f51b-1663-b73f-8b1677e3b4bd
[0m14:20:07.579307 [debug] [Thread-3 (]: On model.wanderbricks.stg_bookings: Close
[0m14:20:07.586139 [debug] [Thread-3 (]: Databricks adapter: Connection(session-id=01f0f08a-f510-1002-9aa5-0e59dad9714e) - Closing
[0m14:20:07.675435 [debug] [Thread-5 (]: On model.wanderbricks.stg_users: Close
[0m14:20:07.683628 [debug] [Thread-5 (]: Databricks adapter: Connection(session-id=01f0f08a-f518-1699-89de-5782300b9872) - Closing
[0m14:20:07.734222 [debug] [Thread-3 (]: Database Error in model stg_bookings (models/staging/stg_bookings.sql)
  [UNRESOLVED_COLUMN.WITH_SUGGESTION] A column, variable, or function parameter with name `id` cannot be resolved. Did you mean one of the following? [`user_id`, `status`, `check_in`, `booking_id`, `check_out`]. SQLSTATE: 42703; line 14 pos 8
  compiled code at target/run/wanderbricks/models/staging/stg_bookings.sql
[0m14:20:07.758779 [debug] [Thread-4 (]: On model.wanderbricks.stg_properties: Close
[0m14:20:07.761094 [debug] [Thread-4 (]: Databricks adapter: Connection(session-id=01f0f08a-f513-18c1-9a20-86d82191d54d) - Closing
[0m14:20:07.760735 [debug] [Thread-5 (]: Database Error in model stg_users (models/staging/stg_users.sql)
  [UNRESOLVED_COLUMN.WITH_SUGGESTION] A column, variable, or function parameter with name `id` cannot be resolved. Did you mean one of the following? [`email`, `name`, `user_id`, `country`, `created_at`]. SQLSTATE: 42703; line 14 pos 8
  compiled code at target/run/wanderbricks/models/staging/stg_users.sql
[0m14:20:07.856325 [debug] [Thread-4 (]: Database Error in model stg_properties (models/staging/stg_properties.sql)
  [UNRESOLVED_COLUMN.WITH_SUGGESTION] A column, variable, or function parameter with name `id` cannot be resolved. Did you mean one of the following? [`title`, `host_id`, `bedrooms`, `base_price`, `bathrooms`]. SQLSTATE: 42703; line 14 pos 8
  compiled code at target/run/wanderbricks/models/staging/stg_properties.sql
[0m14:20:07.858369 [debug] [Thread-3 (]: Sending event: {'category': 'dbt', 'action': 'run_model', 'label': 'd422ebaa-d100-4fd2-860d-4dccc0ef9bbc', 'context': [<snowplow_tracker.self_describing_json.SelfDescribingJson object at 0xffff9d183a40>]}
[0m14:20:07.858755 [debug] [Thread-5 (]: Sending event: {'category': 'dbt', 'action': 'run_model', 'label': 'd422ebaa-d100-4fd2-860d-4dccc0ef9bbc', 'context': [<snowplow_tracker.self_describing_json.SelfDescribingJson object at 0xffffb68b8500>]}
[0m14:20:07.859112 [debug] [Thread-4 (]: Sending event: {'category': 'dbt', 'action': 'run_model', 'label': 'd422ebaa-d100-4fd2-860d-4dccc0ef9bbc', 'context': [<snowplow_tracker.self_describing_json.SelfDescribingJson object at 0xffff9d3f6000>]}
[0m14:20:07.869693 [error] [Thread-5 (]: 3 of 7 ERROR creating sql view model dbt_dev_schema_staging.stg_users .......... [[31mERROR[0m in 2.70s]
[0m14:20:07.866453 [error] [Thread-3 (]: 1 of 7 ERROR creating sql view model dbt_dev_schema_staging.stg_bookings ....... [[31mERROR[0m in 2.69s]
[0m14:20:07.870510 [error] [Thread-4 (]: 2 of 7 ERROR creating sql view model dbt_dev_schema_staging.stg_properties ..... [[31mERROR[0m in 2.71s]
[0m14:20:07.874204 [debug] [Thread-4 (]: Finished running node model.wanderbricks.stg_properties
[0m14:20:07.873089 [debug] [Thread-3 (]: Finished running node model.wanderbricks.stg_bookings
[0m14:20:07.872456 [debug] [Thread-5 (]: Finished running node model.wanderbricks.stg_users
[0m14:20:07.875603 [debug] [Thread-9 (]: Marking all children of 'model.wanderbricks.stg_properties' to be skipped because of status 'error'.  Reason: Database Error in model stg_properties (models/staging/stg_properties.sql)
  [UNRESOLVED_COLUMN.WITH_SUGGESTION] A column, variable, or function parameter with name `id` cannot be resolved. Did you mean one of the following? [`title`, `host_id`, `bedrooms`, `base_price`, `bathrooms`]. SQLSTATE: 42703; line 14 pos 8
  compiled code at target/run/wanderbricks/models/staging/stg_properties.sql.
[0m14:20:07.884088 [debug] [Thread-9 (]: Marking all children of 'model.wanderbricks.stg_bookings' to be skipped because of status 'error'.  Reason: Database Error in model stg_bookings (models/staging/stg_bookings.sql)
  [UNRESOLVED_COLUMN.WITH_SUGGESTION] A column, variable, or function parameter with name `id` cannot be resolved. Did you mean one of the following? [`user_id`, `status`, `check_in`, `booking_id`, `check_out`]. SQLSTATE: 42703; line 14 pos 8
  compiled code at target/run/wanderbricks/models/staging/stg_bookings.sql.
[0m14:20:07.888205 [debug] [Thread-9 (]: Marking all children of 'model.wanderbricks.stg_users' to be skipped because of status 'error'.  Reason: Database Error in model stg_users (models/staging/stg_users.sql)
  [UNRESOLVED_COLUMN.WITH_SUGGESTION] A column, variable, or function parameter with name `id` cannot be resolved. Did you mean one of the following? [`email`, `name`, `user_id`, `country`, `created_at`]. SQLSTATE: 42703; line 14 pos 8
  compiled code at target/run/wanderbricks/models/staging/stg_users.sql.
[0m14:20:07.888741 [debug] [Thread-6 (]: Began running node model.wanderbricks.dim_properties
[0m14:20:07.889802 [debug] [Thread-3 (]: Began running node model.wanderbricks.fct_bookings
[0m14:20:07.890695 [debug] [Thread-5 (]: Began running node model.wanderbricks.dim_users
[0m14:20:07.893384 [info ] [Thread-5 (]: 6 of 7 SKIP relation dbt_dev_schema_star_schema.dim_users ...................... [[33mSKIP[0m]
[0m14:20:07.892107 [info ] [Thread-3 (]: 5 of 7 SKIP relation dbt_dev_schema_star_schema.fct_bookings ................... [[33mSKIP[0m]
[0m14:20:07.891662 [info ] [Thread-6 (]: 4 of 7 SKIP relation dbt_dev_schema_star_schema.dim_properties ................. [[33mSKIP[0m]
[0m14:20:07.896131 [debug] [Thread-6 (]: Finished running node model.wanderbricks.dim_properties
[0m14:20:07.895227 [debug] [Thread-3 (]: Finished running node model.wanderbricks.fct_bookings
[0m14:20:07.894372 [debug] [Thread-5 (]: Finished running node model.wanderbricks.dim_users
[0m14:20:07.901306 [debug] [Thread-4 (]: Began running node model.wanderbricks.dm_monthly_bookings
[0m14:20:07.904067 [info ] [Thread-4 (]: 7 of 7 SKIP relation dbt_dev_schema_datamarts.dm_monthly_bookings .............. [[33mSKIP[0m]
[0m14:20:07.907494 [debug] [Thread-4 (]: Finished running node model.wanderbricks.dm_monthly_bookings
[0m14:20:07.912661 [debug] [MainThread]: Databricks adapter: DatabricksDBTConnection(session-id=None, name=master) - Creating connection
[0m14:20:07.913947 [debug] [MainThread]: Acquiring new databricks connection 'master'
[0m14:20:07.921822 [info ] [MainThread]: 
[0m14:20:07.927496 [info ] [MainThread]: Finished running 4 table models, 3 view models in 0 hours 0 minutes and 4.53 seconds (4.53s).
[0m14:20:07.932846 [debug] [MainThread]: Command end result
[0m14:20:08.033286 [debug] [MainThread]: Wrote artifact WritableManifest to /opt/airflow/dbt/target/manifest.json
[0m14:20:08.048729 [debug] [MainThread]: Wrote artifact SemanticManifest to /opt/airflow/dbt/target/semantic_manifest.json
[0m14:20:08.064673 [debug] [MainThread]: Wrote artifact RunExecutionResult to /opt/airflow/dbt/target/run_results.json
[0m14:20:08.067057 [info ] [MainThread]: 
[0m14:20:08.071434 [info ] [MainThread]: [31mCompleted with 3 errors, 0 partial successes, and 0 warnings:[0m
[0m14:20:08.072578 [info ] [MainThread]: 
[0m14:20:08.077623 [error] [MainThread]: [31mFailure in model stg_properties (models/staging/stg_properties.sql)[0m
[0m14:20:08.080108 [error] [MainThread]:   Database Error in model stg_properties (models/staging/stg_properties.sql)
  [UNRESOLVED_COLUMN.WITH_SUGGESTION] A column, variable, or function parameter with name `id` cannot be resolved. Did you mean one of the following? [`title`, `host_id`, `bedrooms`, `base_price`, `bathrooms`]. SQLSTATE: 42703; line 14 pos 8
  compiled code at target/run/wanderbricks/models/staging/stg_properties.sql
[0m14:20:08.081090 [info ] [MainThread]: 
[0m14:20:08.083439 [info ] [MainThread]:   compiled code at target/compiled/wanderbricks/models/staging/stg_properties.sql
[0m14:20:08.087390 [info ] [MainThread]: 
[0m14:20:08.088538 [error] [MainThread]: [31mFailure in model stg_bookings (models/staging/stg_bookings.sql)[0m
[0m14:20:08.090765 [error] [MainThread]:   Database Error in model stg_bookings (models/staging/stg_bookings.sql)
  [UNRESOLVED_COLUMN.WITH_SUGGESTION] A column, variable, or function parameter with name `id` cannot be resolved. Did you mean one of the following? [`user_id`, `status`, `check_in`, `booking_id`, `check_out`]. SQLSTATE: 42703; line 14 pos 8
  compiled code at target/run/wanderbricks/models/staging/stg_bookings.sql
[0m14:20:08.095543 [info ] [MainThread]: 
[0m14:20:08.096763 [info ] [MainThread]:   compiled code at target/compiled/wanderbricks/models/staging/stg_bookings.sql
[0m14:20:08.097510 [info ] [MainThread]: 
[0m14:20:08.098327 [error] [MainThread]: [31mFailure in model stg_users (models/staging/stg_users.sql)[0m
[0m14:20:08.102256 [error] [MainThread]:   Database Error in model stg_users (models/staging/stg_users.sql)
  [UNRESOLVED_COLUMN.WITH_SUGGESTION] A column, variable, or function parameter with name `id` cannot be resolved. Did you mean one of the following? [`email`, `name`, `user_id`, `country`, `created_at`]. SQLSTATE: 42703; line 14 pos 8
  compiled code at target/run/wanderbricks/models/staging/stg_users.sql
[0m14:20:08.103256 [info ] [MainThread]: 
[0m14:20:08.105957 [info ] [MainThread]:   compiled code at target/compiled/wanderbricks/models/staging/stg_users.sql
[0m14:20:08.106797 [info ] [MainThread]: 
[0m14:20:08.107413 [info ] [MainThread]: Done. PASS=0 WARN=0 ERROR=3 SKIP=4 NO-OP=0 TOTAL=7
[0m14:20:08.116243 [warn ] [MainThread]: [[33mWARNING[0m][DeprecationsSummary]: Deprecated functionality
Summary of encountered deprecations:
- MissingPlusPrefixDeprecation: 6 occurrences
- MissingArgumentsPropertyInGenericTestDeprecation: 3 occurrences
To see all deprecation instances instead of just the first occurrence of each,
run command again with the `--show-all-deprecations` flag. You may also need to
run with `--no-partial-parse` as some deprecations are only encountered during
parsing.
[0m14:20:08.130875 [debug] [MainThread]: Resource report: {"command_name": "run", "command_success": false, "command_wall_clock_time": 7.9839215, "process_in_blocks": "15720", "process_kernel_time": 0.884031, "process_mem_max_rss": "263224", "process_out_blocks": "5292", "process_user_time": 5.688525}
[0m14:20:08.150590 [debug] [MainThread]: Command `dbt run` failed at 14:20:08.145192 after 8.00 seconds
[0m14:20:08.155911 [debug] [MainThread]: Sending event: {'category': 'dbt', 'action': 'invocation', 'label': 'end', 'context': [<snowplow_tracker.self_describing_json.SelfDescribingJson object at 0xffffb651bc20>, <snowplow_tracker.self_describing_json.SelfDescribingJson object at 0xffffb69af5c0>, <snowplow_tracker.self_describing_json.SelfDescribingJson object at 0xffffb5ee81d0>]}
[0m14:20:08.156786 [debug] [MainThread]: Flushing usage events
[0m14:20:08.924543 [debug] [MainThread]: An error was encountered while trying to flush usage events
[0m14:26:40.973442 [debug] [MainThread]: Sending event: {'category': 'dbt', 'action': 'invocation', 'label': 'start', 'context': [<snowplow_tracker.self_describing_json.SelfDescribingJson object at 0xffff975349e0>, <snowplow_tracker.self_describing_json.SelfDescribingJson object at 0xffff97534320>, <snowplow_tracker.self_describing_json.SelfDescribingJson object at 0xffff97e89bb0>]}


============================== 14:26:40.978515 | ba1fd22c-0888-48eb-8765-cdead75bcec1 ==============================
[0m14:26:40.978515 [info ] [MainThread]: Running with dbt=1.11.2
[0m14:26:40.979036 [debug] [MainThread]: running dbt with arguments {'write_json': 'True', 'log_format': 'default', 'static_parser': 'True', 'send_anonymous_usage_stats': 'True', 'log_cache_events': 'False', 'use_experimental_parser': 'False', 'invocation_command': 'dbt run --select +dm_monthly_bookings', 'indirect_selection': 'eager', 'warn_error': 'None', 'printer_width': '80', 'empty': 'False', 'profiles_dir': '/opt/airflow/dbt', 'target_path': 'None', 'fail_fast': 'False', 'warn_error_options': 'WarnErrorOptionsV2(error=[], warn=[], silence=[])', 'cache_selected_only': 'False', 'partial_parse': 'True', 'use_colors': 'True', 'version_check': 'True', 'log_path': '/opt/airflow/dbt/logs', 'quiet': 'False', 'debug': 'False', 'no_print': 'None', 'introspect': 'True'}
[0m14:26:41.718814 [debug] [MainThread]: Spark adapter: Setting pyhive.hive logging to ERROR
[0m14:26:41.719490 [debug] [MainThread]: Spark adapter: Setting thrift.transport logging to ERROR
[0m14:26:41.719935 [debug] [MainThread]: Spark adapter: Setting thrift.protocol logging to ERROR
[0m14:26:42.220118 [warn ] [MainThread]: [[33mWARNING[0m][MissingPlusPrefixDeprecation]: Deprecated functionality
Missing '+' prefix on `materialized` found at
`wanderbricks.staging.materialized` in file `/opt/airflow/dbt/dbt_project.yml`.
Hierarchical config values without a '+' prefix are deprecated in
dbt_project.yml.
[0m14:26:42.221802 [debug] [MainThread]: Sending event: {'category': 'dbt', 'action': 'deprecation', 'label': 'ba1fd22c-0888-48eb-8765-cdead75bcec1', 'property_': 'warn', 'context': [<snowplow_tracker.self_describing_json.SelfDescribingJson object at 0xffff7f65a5d0>]}
[0m14:26:42.294819 [debug] [MainThread]: Sending event: {'category': 'dbt', 'action': 'project_id', 'label': 'ba1fd22c-0888-48eb-8765-cdead75bcec1', 'context': [<snowplow_tracker.self_describing_json.SelfDescribingJson object at 0xffff7f514b60>]}
[0m14:26:42.329091 [debug] [MainThread]: Sending event: {'category': 'dbt', 'action': 'adapter_info', 'label': 'ba1fd22c-0888-48eb-8765-cdead75bcec1', 'context': [<snowplow_tracker.self_describing_json.SelfDescribingJson object at 0xffff94c1a2d0>]}
[0m14:26:42.330071 [info ] [MainThread]: Registered adapter: databricks=1.11.4
[0m14:26:42.402453 [warn ] [MainThread]: [[33mWARNING[0m]: Use managed Iceberg tables when table_format is iceberg. When this flag is disabled, UniForm is used instead.
You may opt into the new behavior sooner by setting `flags.use_managed_iceberg` to `True` in `dbt_project.yml`.
Visit https://docs.getdbt.com/reference/global-configs/behavior-changes for more information.
[0m14:26:42.403327 [debug] [MainThread]: Sending event: {'category': 'dbt', 'action': 'BehaviorChangeEvent', 'label': 'ba1fd22c-0888-48eb-8765-cdead75bcec1', 'context': [<snowplow_tracker.self_describing_json.SelfDescribingJson object at 0xffff7f75ac60>]}
[0m14:26:42.410527 [debug] [MainThread]: checksum: 3d40d8bbe1bef07db1c24822f2dbfff8bc07f2a48ed4fe2658a40653aec0b54b, vars: {}, profile: , target: , version: 1.11.2
[0m14:26:42.533152 [debug] [MainThread]: Partial parsing enabled: 0 files deleted, 0 files added, 4 files changed.
[0m14:26:42.534068 [debug] [MainThread]: Partial parsing: updated file: wanderbricks://models/star_schema/fct_bookings.sql
[0m14:26:42.534536 [debug] [MainThread]: Partial parsing: updated file: wanderbricks://models/star_schema/schema.yml
[0m14:26:42.535293 [debug] [MainThread]: Partial parsing: updated file: wanderbricks://models/staging/stg_bookings.sql
[0m14:26:42.535760 [debug] [MainThread]: Partial parsing: updated file: wanderbricks://models/staging/schema.yml
[0m14:26:42.536193 [debug] [MainThread]: Partial parsing: updated file: wanderbricks://models/star_schema/dim_users.sql
[0m14:26:42.536603 [debug] [MainThread]: Partial parsing: updated file: wanderbricks://models/staging/stg_users.sql
[0m14:26:42.725183 [warn ] [MainThread]: [[33mWARNING[0m][MissingArgumentsPropertyInGenericTestDeprecation]: Deprecated
functionality
Found top-level arguments to test `relationships` defined on 'fct_bookings' in
package 'wanderbricks' (models/star_schema/schema.yml). Arguments to generic
tests should be nested under the `arguments` property.
[0m14:26:42.725922 [debug] [MainThread]: Sending event: {'category': 'dbt', 'action': 'deprecation', 'label': 'ba1fd22c-0888-48eb-8765-cdead75bcec1', 'property_': 'warn', 'context': [<snowplow_tracker.self_describing_json.SelfDescribingJson object at 0xffff7eee25d0>]}
[0m14:26:42.798906 [debug] [MainThread]: Sending event: {'category': 'dbt', 'action': 'load_project', 'label': 'ba1fd22c-0888-48eb-8765-cdead75bcec1', 'context': [<snowplow_tracker.self_describing_json.SelfDescribingJson object at 0xffff7e7560c0>]}
[0m14:26:42.946306 [debug] [MainThread]: Wrote artifact WritableManifest to /opt/airflow/dbt/target/manifest.json
[0m14:26:42.948869 [debug] [MainThread]: Wrote artifact SemanticManifest to /opt/airflow/dbt/target/semantic_manifest.json
[0m14:26:42.965035 [debug] [MainThread]: Sending event: {'category': 'dbt', 'action': 'resource_counts', 'label': 'ba1fd22c-0888-48eb-8765-cdead75bcec1', 'context': [<snowplow_tracker.self_describing_json.SelfDescribingJson object at 0xffff7e7dce00>]}
[0m14:26:42.965574 [info ] [MainThread]: Found 7 models, 18 data tests, 3 sources, 731 macros
[0m14:26:42.966039 [debug] [MainThread]: Sending event: {'category': 'dbt', 'action': 'runnable_timing', 'label': 'ba1fd22c-0888-48eb-8765-cdead75bcec1', 'context': [<snowplow_tracker.self_describing_json.SelfDescribingJson object at 0xffff7e854290>]}
[0m14:26:42.967409 [info ] [MainThread]: 
[0m14:26:42.967907 [info ] [MainThread]: Concurrency: 4 threads (target='dev')
[0m14:26:42.968202 [info ] [MainThread]: 
[0m14:26:42.968699 [debug] [MainThread]: Databricks adapter: DatabricksDBTConnection(session-id=None, name=master) - Creating connection
[0m14:26:42.969042 [debug] [MainThread]: Acquiring new databricks connection 'master'
[0m14:26:42.973195 [debug] [ThreadPool]: Databricks adapter: DatabricksDBTConnection(session-id=None, name=list_hive_metastore) - Creating connection
[0m14:26:42.973683 [debug] [ThreadPool]: Acquiring new databricks connection 'list_hive_metastore'
[0m14:26:42.979554 [debug] [ThreadPool]: Databricks adapter: DatabricksDBTConnection(session-id=None, name=list_hive_metastore) - Creating connection
[0m14:26:42.981888 [debug] [ThreadPool]: Using databricks connection "list_hive_metastore"
[0m14:26:42.982326 [debug] [ThreadPool]: Acquiring new databricks connection 'list_hive_metastore'
[0m14:26:42.982852 [debug] [ThreadPool]: Databricks adapter: DatabricksDBTConnection(session-id=None, name=list_hive_metastore) - Creating connection
[0m14:26:42.983337 [debug] [ThreadPool]: On list_hive_metastore: /* {"app": "dbt", "dbt_version": "1.11.2", "dbt_databricks_version": "1.11.4", "databricks_sql_connector_version": "4.1.3", "profile_name": "wanderbricks", "target_name": "dev", "connection_name": "list_hive_metastore"} */

    

  SHOW SCHEMAS IN `hive_metastore`


  
[0m14:26:42.985242 [debug] [ThreadPool]: Using databricks connection "list_hive_metastore"
[0m14:26:42.985617 [debug] [ThreadPool]: Acquiring new databricks connection 'list_hive_metastore'
[0m14:26:42.985979 [debug] [ThreadPool]: Opening a new connection, currently in state init
[0m14:26:42.986407 [debug] [ThreadPool]: On list_hive_metastore: /* {"app": "dbt", "dbt_version": "1.11.2", "dbt_databricks_version": "1.11.4", "databricks_sql_connector_version": "4.1.3", "profile_name": "wanderbricks", "target_name": "dev", "connection_name": "list_hive_metastore"} */

    

  SHOW SCHEMAS IN `hive_metastore`


  
[0m14:26:42.987879 [debug] [ThreadPool]: Using databricks connection "list_hive_metastore"
[0m14:26:42.988512 [debug] [ThreadPool]: Opening a new connection, currently in state init
[0m14:26:42.989398 [debug] [ThreadPool]: On list_hive_metastore: /* {"app": "dbt", "dbt_version": "1.11.2", "dbt_databricks_version": "1.11.4", "databricks_sql_connector_version": "4.1.3", "profile_name": "wanderbricks", "target_name": "dev", "connection_name": "list_hive_metastore"} */

    

  SHOW SCHEMAS IN `hive_metastore`


  
[0m14:26:42.990011 [debug] [ThreadPool]: Opening a new connection, currently in state init
[0m14:26:43.383579 [debug] [ThreadPool]: Databricks adapter: Connection(session-id=01f0f08b-e217-1cda-929a-63ff092c0660) - Created
[0m14:26:43.387571 [debug] [ThreadPool]: Databricks adapter: Connection(session-id=01f0f08b-e217-1df7-beb2-97eae8669039) - Created
[0m14:26:43.401915 [debug] [ThreadPool]: Databricks adapter: Connection(session-id=01f0f08b-e218-1047-a246-b638be4ae208) - Created
[0m14:26:54.879915 [debug] [ThreadPool]: SQL status: OK in 11.890 seconds
[0m14:26:54.881892 [debug] [ThreadPool]: SQL status: OK in 11.890 seconds
[0m14:26:54.882392 [debug] [ThreadPool]: SQL status: OK in 11.900 seconds
[0m14:26:54.913107 [debug] [ThreadPool]: Databricks adapter: Cursor(session-id=01f0f08b-e217-1df7-beb2-97eae8669039, command-id=01f0f08b-e22a-1e04-b391-d0dc3d3dbfd1) - Closing
[0m14:26:54.914229 [debug] [ThreadPool]: Databricks adapter: Cursor(session-id=01f0f08b-e217-1cda-929a-63ff092c0660, command-id=01f0f08b-e22a-1b75-a8ab-127668dc6b04) - Closing
[0m14:26:54.915082 [debug] [ThreadPool]: Databricks adapter: Cursor(session-id=01f0f08b-e218-1047-a246-b638be4ae208, command-id=01f0f08b-e22d-15e5-9f86-300df27516db) - Closing
[0m14:26:55.015813 [debug] [ThreadPool]: On list_hive_metastore: Close
[0m14:26:55.016691 [debug] [ThreadPool]: Databricks adapter: Connection(session-id=01f0f08b-e218-1047-a246-b638be4ae208) - Closing
[0m14:26:55.080026 [debug] [ThreadPool]: On list_hive_metastore: Close
[0m14:26:55.080645 [debug] [ThreadPool]: Databricks adapter: Connection(session-id=01f0f08b-e217-1cda-929a-63ff092c0660) - Closing
[0m14:26:55.141681 [debug] [ThreadPool]: On list_hive_metastore: Close
[0m14:26:55.142821 [debug] [ThreadPool]: Databricks adapter: Connection(session-id=01f0f08b-e217-1df7-beb2-97eae8669039) - Closing
[0m14:26:55.213994 [debug] [ThreadPool]: Databricks adapter: DatabricksDBTConnection(session-id=None, name=list_hive_metastore_dbt_dev_schema_staging) - Creating connection
[0m14:26:55.214756 [debug] [ThreadPool]: Databricks adapter: DatabricksDBTConnection(session-id=None, name=list_hive_metastore_dbt_dev_schema_star_schema) - Creating connection
[0m14:26:55.215224 [debug] [ThreadPool]: Acquiring new databricks connection 'list_hive_metastore_dbt_dev_schema_staging'
[0m14:26:55.215994 [debug] [ThreadPool]: Databricks adapter: DatabricksDBTConnection(session-id=None, name=list_hive_metastore_dbt_dev_schema_datamarts) - Creating connection
[0m14:26:55.216382 [debug] [ThreadPool]: Acquiring new databricks connection 'list_hive_metastore_dbt_dev_schema_star_schema'
[0m14:26:55.217521 [debug] [ThreadPool]: Using databricks connection "list_hive_metastore_dbt_dev_schema_staging"
[0m14:26:55.217958 [debug] [ThreadPool]: Acquiring new databricks connection 'list_hive_metastore_dbt_dev_schema_datamarts'
[0m14:26:55.218397 [debug] [ThreadPool]: Using databricks connection "list_hive_metastore_dbt_dev_schema_star_schema"
[0m14:26:55.218963 [debug] [ThreadPool]: On list_hive_metastore_dbt_dev_schema_staging: GetTables(database=hive_metastore, schema=dbt_dev_schema_staging)
[0m14:26:55.219332 [debug] [ThreadPool]: Using databricks connection "list_hive_metastore_dbt_dev_schema_datamarts"
[0m14:26:55.219802 [debug] [ThreadPool]: On list_hive_metastore_dbt_dev_schema_star_schema: GetTables(database=hive_metastore, schema=dbt_dev_schema_star_schema)
[0m14:26:55.220220 [debug] [ThreadPool]: Opening a new connection, currently in state init
[0m14:26:55.220597 [debug] [ThreadPool]: On list_hive_metastore_dbt_dev_schema_datamarts: GetTables(database=hive_metastore, schema=dbt_dev_schema_datamarts)
[0m14:26:55.220897 [debug] [ThreadPool]: Opening a new connection, currently in state init
[0m14:26:55.222966 [debug] [ThreadPool]: Opening a new connection, currently in state init
[0m14:26:55.475619 [debug] [ThreadPool]: Databricks adapter: Connection(session-id=01f0f08b-e957-1889-a69d-7575a8dd4a13) - Created
[0m14:26:55.477433 [debug] [ThreadPool]: Databricks adapter: Connection(session-id=01f0f08b-e957-16fb-8f74-e1223f0fbe6b) - Created
[0m14:26:55.478489 [debug] [ThreadPool]: Databricks adapter: Connection(session-id=01f0f08b-e957-1a36-9993-e5bbf2df7686) - Created
[0m14:26:55.870226 [debug] [ThreadPool]: SQL status: OK in 0.650 seconds
[0m14:26:55.870747 [debug] [ThreadPool]: SQL status: OK in 0.650 seconds
[0m14:26:55.873216 [debug] [ThreadPool]: SQL status: OK in 0.650 seconds
[0m14:26:55.874165 [debug] [ThreadPool]: Databricks adapter: Cursor(session-id=01f0f08b-e957-16fb-8f74-e1223f0fbe6b, command-id=01f0f08b-e960-10bf-afa4-692ffda30fe5) - Closing
[0m14:26:55.875313 [debug] [ThreadPool]: Databricks adapter: Cursor(session-id=01f0f08b-e957-1889-a69d-7575a8dd4a13, command-id=01f0f08b-e95f-19a7-ba1b-80dc6b348edc) - Closing
[0m14:26:55.876328 [debug] [ThreadPool]: Databricks adapter: Cursor(session-id=01f0f08b-e957-1a36-9993-e5bbf2df7686, command-id=01f0f08b-e960-1626-a079-544429375728) - Closing
[0m14:26:55.876858 [debug] [ThreadPool]: On list_hive_metastore_dbt_dev_schema_datamarts: Close
[0m14:26:55.877652 [debug] [ThreadPool]: Databricks adapter: Connection(session-id=01f0f08b-e957-16fb-8f74-e1223f0fbe6b) - Closing
[0m14:26:55.950668 [debug] [ThreadPool]: On list_hive_metastore_dbt_dev_schema_star_schema: Close
[0m14:26:55.952026 [debug] [ThreadPool]: Databricks adapter: Connection(session-id=01f0f08b-e957-1889-a69d-7575a8dd4a13) - Closing
[0m14:26:56.024371 [debug] [ThreadPool]: On list_hive_metastore_dbt_dev_schema_staging: Close
[0m14:26:56.024950 [debug] [ThreadPool]: Databricks adapter: Connection(session-id=01f0f08b-e957-1a36-9993-e5bbf2df7686) - Closing
[0m14:26:56.094979 [debug] [MainThread]: Sending event: {'category': 'dbt', 'action': 'runnable_timing', 'label': 'ba1fd22c-0888-48eb-8765-cdead75bcec1', 'context': [<snowplow_tracker.self_describing_json.SelfDescribingJson object at 0xffff7fed1ee0>]}
[0m14:26:56.109206 [debug] [Thread-3 (]: Began running node model.wanderbricks.stg_bookings
[0m14:26:56.110910 [debug] [Thread-5 (]: Began running node model.wanderbricks.stg_users
[0m14:26:56.112473 [info ] [Thread-5 (]: 3 of 7 START sql view model dbt_dev_schema_staging.stg_users ................... [RUN]
[0m14:26:56.110259 [debug] [Thread-4 (]: Began running node model.wanderbricks.stg_properties
[0m14:26:56.111529 [info ] [Thread-3 (]: 1 of 7 START sql view model dbt_dev_schema_staging.stg_bookings ................ [RUN]
[0m14:26:56.113524 [debug] [Thread-5 (]: Databricks adapter: DatabricksDBTConnection(session-id=None, name=model.wanderbricks.stg_users) - Creating connection
[0m14:26:56.116187 [debug] [Thread-5 (]: Acquiring new databricks connection 'model.wanderbricks.stg_users'
[0m14:26:56.116771 [debug] [Thread-5 (]: Began compiling node model.wanderbricks.stg_users
[0m14:26:56.114933 [info ] [Thread-4 (]: 2 of 7 START sql view model dbt_dev_schema_staging.stg_properties .............. [RUN]
[0m14:26:56.115563 [debug] [Thread-3 (]: Databricks adapter: DatabricksDBTConnection(session-id=None, name=model.wanderbricks.stg_bookings) - Creating connection
[0m14:26:56.128021 [debug] [Thread-4 (]: Databricks adapter: DatabricksDBTConnection(session-id=None, name=model.wanderbricks.stg_properties) - Creating connection
[0m14:26:56.130929 [debug] [Thread-4 (]: Acquiring new databricks connection 'model.wanderbricks.stg_properties'
[0m14:26:56.130355 [debug] [Thread-3 (]: Acquiring new databricks connection 'model.wanderbricks.stg_bookings'
[0m14:26:56.129855 [debug] [Thread-5 (]: Writing injected SQL for node "model.wanderbricks.stg_users"
[0m14:26:56.131433 [debug] [Thread-4 (]: Began compiling node model.wanderbricks.stg_properties
[0m14:26:56.131840 [debug] [Thread-3 (]: Began compiling node model.wanderbricks.stg_bookings
[0m14:26:56.134504 [debug] [Thread-4 (]: Writing injected SQL for node "model.wanderbricks.stg_properties"
[0m14:26:56.136852 [debug] [Thread-3 (]: Writing injected SQL for node "model.wanderbricks.stg_bookings"
[0m14:26:56.138461 [debug] [Thread-5 (]: Began executing node model.wanderbricks.stg_users
[0m14:26:56.155179 [debug] [Thread-4 (]: Began executing node model.wanderbricks.stg_properties
[0m14:26:56.155849 [debug] [Thread-3 (]: Began executing node model.wanderbricks.stg_bookings
[0m14:26:56.159283 [debug] [Thread-4 (]: MATERIALIZING VIEW
[0m14:26:56.157056 [debug] [Thread-5 (]: MATERIALIZING VIEW
[0m14:26:56.161555 [debug] [Thread-3 (]: MATERIALIZING VIEW
[0m14:26:56.164470 [warn ] [Thread-4 (]: [[33mWARNING[0m]: Use revamped materializations based on separating create and insert.  This allows more performant column comments, as well as new column features.
You may opt into the new behavior sooner by setting `flags.use_materialization_v2` to `True` in `dbt_project.yml`.
Visit https://docs.getdbt.com/reference/global-configs/behavior-changes for more information.
[0m14:26:56.166748 [debug] [Thread-4 (]: Sending event: {'category': 'dbt', 'action': 'BehaviorChangeEvent', 'label': 'ba1fd22c-0888-48eb-8765-cdead75bcec1', 'context': [<snowplow_tracker.self_describing_json.SelfDescribingJson object at 0xffff7f56ae40>]}
[0m14:26:56.165842 [warn ] [Thread-3 (]: [[33mWARNING[0m]: Use revamped materializations based on separating create and insert.  This allows more performant column comments, as well as new column features.
You may opt into the new behavior sooner by setting `flags.use_materialization_v2` to `True` in `dbt_project.yml`.
Visit https://docs.getdbt.com/reference/global-configs/behavior-changes for more information.
[0m14:26:56.165202 [warn ] [Thread-5 (]: [[33mWARNING[0m]: Use revamped materializations based on separating create and insert.  This allows more performant column comments, as well as new column features.
You may opt into the new behavior sooner by setting `flags.use_materialization_v2` to `True` in `dbt_project.yml`.
Visit https://docs.getdbt.com/reference/global-configs/behavior-changes for more information.
[0m14:26:56.178520 [debug] [Thread-3 (]: Sending event: {'category': 'dbt', 'action': 'BehaviorChangeEvent', 'label': 'ba1fd22c-0888-48eb-8765-cdead75bcec1', 'context': [<snowplow_tracker.self_describing_json.SelfDescribingJson object at 0xffff7e7ed880>]}
[0m14:26:56.178288 [debug] [Thread-4 (]: Creating view `hive_metastore`.`dbt_dev_schema_staging`.`stg_properties`
[0m14:26:56.179275 [debug] [Thread-5 (]: Sending event: {'category': 'dbt', 'action': 'BehaviorChangeEvent', 'label': 'ba1fd22c-0888-48eb-8765-cdead75bcec1', 'context': [<snowplow_tracker.self_describing_json.SelfDescribingJson object at 0xffff7e808710>]}
[0m14:26:56.187920 [debug] [Thread-4 (]: Writing runtime sql for node "model.wanderbricks.stg_properties"
[0m14:26:56.189963 [debug] [Thread-5 (]: Creating view `hive_metastore`.`dbt_dev_schema_staging`.`stg_users`
[0m14:26:56.192979 [debug] [Thread-3 (]: Creating view `hive_metastore`.`dbt_dev_schema_staging`.`stg_bookings`
[0m14:26:56.194042 [debug] [Thread-5 (]: Writing runtime sql for node "model.wanderbricks.stg_users"
[0m14:26:56.195155 [debug] [Thread-3 (]: Writing runtime sql for node "model.wanderbricks.stg_bookings"
[0m14:26:56.196726 [debug] [Thread-4 (]: Using databricks connection "model.wanderbricks.stg_properties"
[0m14:26:56.197675 [debug] [Thread-4 (]: On model.wanderbricks.stg_properties: /* {"app": "dbt", "dbt_version": "1.11.2", "dbt_databricks_version": "1.11.4", "databricks_sql_connector_version": "4.1.3", "profile_name": "wanderbricks", "target_name": "dev", "node_id": "model.wanderbricks.stg_properties"} */

  
  
  create or replace view `hive_metastore`.`dbt_dev_schema_staging`.`stg_properties`
  
  as (
    with source as (
    select * from `samples`.`wanderbricks`.`properties`
),

renamed as (
    select
        id as property_id,
        name,
        city,
        country,
        price_per_night
    from source
)

select * from renamed
  )

[0m14:26:56.198089 [debug] [Thread-4 (]: Opening a new connection, currently in state init
[0m14:26:56.198640 [debug] [Thread-5 (]: Using databricks connection "model.wanderbricks.stg_users"
[0m14:26:56.199361 [debug] [Thread-5 (]: On model.wanderbricks.stg_users: /* {"app": "dbt", "dbt_version": "1.11.2", "dbt_databricks_version": "1.11.4", "databricks_sql_connector_version": "4.1.3", "profile_name": "wanderbricks", "target_name": "dev", "node_id": "model.wanderbricks.stg_users"} */

  
  
  create or replace view `hive_metastore`.`dbt_dev_schema_staging`.`stg_users`
  
  as (
    with source as (
    select * from `samples`.`wanderbricks`.`users`
),

renamed as (
    select
        user_id,
        email,
        name,
        country,
        user_type,
        created_at,
        is_business,
        company_name
    from source
)

select * from renamed
  )

[0m14:26:56.199673 [debug] [Thread-3 (]: Using databricks connection "model.wanderbricks.stg_bookings"
[0m14:26:56.200281 [debug] [Thread-5 (]: Opening a new connection, currently in state init
[0m14:26:56.200699 [debug] [Thread-3 (]: On model.wanderbricks.stg_bookings: /* {"app": "dbt", "dbt_version": "1.11.2", "dbt_databricks_version": "1.11.4", "databricks_sql_connector_version": "4.1.3", "profile_name": "wanderbricks", "target_name": "dev", "node_id": "model.wanderbricks.stg_bookings"} */

  
  
  create or replace view `hive_metastore`.`dbt_dev_schema_staging`.`stg_bookings`
  
  as (
    with source as (
    select * from `samples`.`wanderbricks`.`bookings`
),

renamed as (
    select
        id as booking_id,
        user_id,
        property_id,
        start_date,
        end_date,
        amount
    from source
)

select * from renamed
  )

[0m14:26:56.201492 [debug] [Thread-3 (]: Opening a new connection, currently in state init
[0m14:26:56.432517 [debug] [Thread-4 (]: Databricks adapter: Connection(session-id=01f0f08b-e9e8-1a01-9c0f-304020906eff) - Created
[0m14:26:56.433049 [debug] [Thread-5 (]: Databricks adapter: Connection(session-id=01f0f08b-e9e9-1311-a232-d38261c1bba0) - Created
[0m14:26:56.436016 [debug] [Thread-3 (]: Databricks adapter: Connection(session-id=01f0f08b-e9ea-1001-8a37-dca972a7e76a) - Created
[0m14:26:57.331265 [debug] [Thread-4 (]: Databricks adapter: Exception while trying to execute query
/* {"app": "dbt", "dbt_version": "1.11.2", "dbt_databricks_version": "1.11.4", "databricks_sql_connector_version": "4.1.3", "profile_name": "wanderbricks", "target_name": "dev", "node_id": "model.wanderbricks.stg_properties"} */

  
  
  create or replace view `hive_metastore`.`dbt_dev_schema_staging`.`stg_properties`
  
  as (
    with source as (
    select * from `samples`.`wanderbricks`.`properties`
),

renamed as (
    select
        id as property_id,
        name,
        city,
        country,
        price_per_night
    from source
)

select * from renamed
  )

: [UNRESOLVED_COLUMN.WITH_SUGGESTION] A column, variable, or function parameter with name `id` cannot be resolved. Did you mean one of the following? [`title`, `host_id`, `bedrooms`, `base_price`, `bathrooms`]. SQLSTATE: 42703; line 14 pos 8
Error properties: diagnostic-info=org.apache.hive.service.cli.HiveSQLException: Error running query: [UNRESOLVED_COLUMN.WITH_SUGGESTION] org.apache.spark.sql.catalyst.ExtendedAnalysisException: [UNRESOLVED_COLUMN.WITH_SUGGESTION] A column, variable, or function parameter with name `id` cannot be resolved. Did you mean one of the following? [`title`, `host_id`, `bedrooms`, `base_price`, `bathrooms`]. SQLSTATE: 42703; line 14 pos 8
	at org.apache.spark.sql.hive.thriftserver.HiveThriftServerErrors$.runningQueryError(HiveThriftServerErrors.scala:49)
	at org.apache.spark.sql.hive.thriftserver.SparkExecuteStatementOperation.$anonfun$execute$1(SparkExecuteStatementOperation.scala:1050)
	at scala.runtime.java8.JFunction0$mcV$sp.apply(JFunction0$mcV$sp.scala:18)
	at com.databricks.unity.UCSEphemeralState$Handle.runWith(UCSEphemeralState.scala:51)
	at com.databricks.unity.HandleImpl.runWith(UCSHandle.scala:104)
	at org.apache.spark.sql.hive.thriftserver.SparkExecuteStatementOperation.org$apache$spark$sql$hive$thriftserver$SparkExecuteStatementOperation$$execute(SparkExecuteStatementOperation.scala:787)
	at org.apache.spark.sql.hive.thriftserver.SparkExecuteStatementOperation$$anon$2$$anon$3.$anonfun$run$5(SparkExecuteStatementOperation.scala:578)
	at scala.runtime.java8.JFunction0$mcV$sp.apply(JFunction0$mcV$sp.scala:18)
	at org.apache.spark.sql.execution.SQLExecution$.withRootExecution(SQLExecution.scala:869)
	at org.apache.spark.sql.hive.thriftserver.SparkExecuteStatementOperation$$anon$2$$anon$3.$anonfun$run$2(SparkExecuteStatementOperation.scala:578)
	at scala.runtime.java8.JFunction0$mcV$sp.apply(JFunction0$mcV$sp.scala:18)
	at com.databricks.logging.AttributionContextTracing.$anonfun$withAttributionContext$1(AttributionContextTracing.scala:80)
	at com.databricks.logging.AttributionContext$.$anonfun$withValue$1(AttributionContext.scala:348)
	at scala.util.DynamicVariable.withValue(DynamicVariable.scala:59)
	at com.databricks.logging.AttributionContext$.withValue(AttributionContext.scala:344)
	at com.databricks.logging.AttributionContextTracing.withAttributionContext(AttributionContextTracing.scala:78)
	at com.databricks.logging.AttributionContextTracing.withAttributionContext$(AttributionContextTracing.scala:75)
	at com.databricks.spark.util.DatabricksTracingHelper.withAttributionContext(DatabricksSparkTracingHelper.scala:62)
	at com.databricks.spark.util.DatabricksTracingHelper.withSpanFromRequest(DatabricksSparkTracingHelper.scala:89)
	at com.databricks.spark.util.DBRTracing$.withSpanFromRequest(DBRTracing.scala:43)
	at org.apache.spark.sql.hive.thriftserver.ThriftLocalProperties.$anonfun$withLocalProperties$15(ThriftLocalProperties.scala:238)
	at com.databricks.logging.AttributionContextTracing.$anonfun$withAttributionContext$1(AttributionContextTracing.scala:80)
	at com.databricks.logging.AttributionContext$.$anonfun$withValue$1(AttributionContext.scala:348)
	at scala.util.DynamicVariable.withValue(DynamicVariable.scala:59)
	at com.databricks.logging.AttributionContext$.withValue(AttributionContext.scala:344)
	at com.databricks.logging.AttributionContextTracing.withAttributionContext(AttributionContextTracing.scala:78)
	at com.databricks.logging.AttributionContextTracing.withAttributionContext$(AttributionContextTracing.scala:75)
	at com.databricks.spark.util.PublicDBLogging.withAttributionContext(DatabricksSparkUsageLogger.scala:29)
	at com.databricks.logging.AttributionContextTracing.withAttributionTags(AttributionContextTracing.scala:127)
	at com.databricks.logging.AttributionContextTracing.withAttributionTags$(AttributionContextTracing.scala:108)
	at com.databricks.spark.util.PublicDBLogging.withAttributionTags(DatabricksSparkUsageLogger.scala:29)
	at com.databricks.spark.util.PublicDBLogging.withAttributionTags0(DatabricksSparkUsageLogger.scala:108)
	at com.databricks.spark.util.DatabricksSparkUsageLogger.withAttributionTags(DatabricksSparkUsageLogger.scala:216)
	at com.databricks.spark.util.UsageLogging.$anonfun$withAttributionTags$1(UsageLogger.scala:668)
	at com.databricks.spark.util.UsageLogging$.withAttributionTags(UsageLogger.scala:780)
	at com.databricks.spark.util.UsageLogging$.withAttributionTags(UsageLogger.scala:789)
	at com.databricks.spark.util.UsageLogging.withAttributionTags(UsageLogger.scala:668)
	at com.databricks.spark.util.UsageLogging.withAttributionTags$(UsageLogger.scala:666)
	at org.apache.spark.sql.hive.thriftserver.SparkExecuteStatementOperation.withAttributionTags(SparkExecuteStatementOperation.scala:76)
	at org.apache.spark.sql.hive.thriftserver.ThriftLocalProperties.$anonfun$withLocalProperties$12(ThriftLocalProperties.scala:233)
	at com.databricks.spark.util.IdentityClaim$.withClaim(IdentityClaim.scala:48)
	at org.apache.spark.sql.hive.thriftserver.ThriftLocalProperties.withLocalProperties(ThriftLocalProperties.scala:229)
	at org.apache.spark.sql.hive.thriftserver.ThriftLocalProperties.withLocalProperties$(ThriftLocalProperties.scala:89)
	at org.apache.spark.sql.hive.thriftserver.SparkExecuteStatementOperation.withLocalProperties(SparkExecuteStatementOperation.scala:76)
	at org.apache.spark.sql.hive.thriftserver.SparkExecuteStatementOperation$$anon$2$$anon$3.run(SparkExecuteStatementOperation.scala:555)
	at org.apache.spark.sql.hive.thriftserver.SparkExecuteStatementOperation$$anon$2$$anon$3.run(SparkExecuteStatementOperation.scala:541)
	at java.base/java.security.AccessController.doPrivileged(AccessController.java:712)
	at java.base/javax.security.auth.Subject.doAs(Subject.java:439)
	at org.apache.hadoop.security.UserGroupInformation.doAs(UserGroupInformation.java:1953)
	at org.apache.spark.sql.hive.thriftserver.SparkExecuteStatementOperation$$anon$2.run(SparkExecuteStatementOperation.scala:591)
	at java.base/java.util.concurrent.Executors$RunnableAdapter.call(Executors.java:539)
	at java.base/java.util.concurrent.FutureTask.run(FutureTask.java:264)
	at java.base/java.util.concurrent.ThreadPoolExecutor.runWorker(ThreadPoolExecutor.java:1136)
	at java.base/java.util.concurrent.ThreadPoolExecutor$Worker.run(ThreadPoolExecutor.java:635)
	at java.base/java.lang.Thread.run(Thread.java:840)
Caused by: org.apache.spark.sql.catalyst.ExtendedAnalysisException: [UNRESOLVED_COLUMN.WITH_SUGGESTION] A column, variable, or function parameter with name `id` cannot be resolved. Did you mean one of the following? [`title`, `host_id`, `bedrooms`, `base_price`, `bathrooms`]. SQLSTATE: 42703; line 14 pos 8
	at org.apache.spark.sql.catalyst.ExtendedAnalysisException.copyPlan(ExtendedAnalysisException.scala:96)
	at org.apache.spark.sql.hive.thriftserver.SparkExecuteStatementOperation.$anonfun$execute$1(SparkExecuteStatementOperation.scala:1011)
	... 53 more
, operation-id=01f0f08b-e9f1-1c43-8358-5246bcdb5cfc
[0m14:26:57.333615 [debug] [Thread-4 (]: On model.wanderbricks.stg_properties: Close
[0m14:26:57.334227 [debug] [Thread-4 (]: Databricks adapter: Connection(session-id=01f0f08b-e9e8-1a01-9c0f-304020906eff) - Closing
[0m14:26:57.387491 [debug] [Thread-5 (]: Databricks adapter: Exception while trying to execute query
/* {"app": "dbt", "dbt_version": "1.11.2", "dbt_databricks_version": "1.11.4", "databricks_sql_connector_version": "4.1.3", "profile_name": "wanderbricks", "target_name": "dev", "node_id": "model.wanderbricks.stg_users"} */

  
  
  create or replace view `hive_metastore`.`dbt_dev_schema_staging`.`stg_users`
  
  as (
    with source as (
    select * from `samples`.`wanderbricks`.`users`
),

renamed as (
    select
        user_id,
        email,
        name,
        country,
        user_type,
        created_at,
        is_business,
        company_name
    from source
)

select * from renamed
  )

: [UC_COMMAND_NOT_SUPPORTED.WITHOUT_RECOMMENDATION] The command(s): Creating a persistent view that references both Unity Catalog and Hive Metastore objects are not supported in Unity Catalog.  SQLSTATE: 0AKUC
Error properties: diagnostic-info=org.apache.hive.service.cli.HiveSQLException: Error running query: [UC_COMMAND_NOT_SUPPORTED.WITHOUT_RECOMMENDATION] org.apache.spark.sql.catalyst.ExtendedAnalysisException: [UC_COMMAND_NOT_SUPPORTED.WITHOUT_RECOMMENDATION] The command(s): Creating a persistent view that references both Unity Catalog and Hive Metastore objects are not supported in Unity Catalog.  SQLSTATE: 0AKUC
	at org.apache.spark.sql.hive.thriftserver.HiveThriftServerErrors$.runningQueryError(HiveThriftServerErrors.scala:49)
	at org.apache.spark.sql.hive.thriftserver.SparkExecuteStatementOperation.$anonfun$execute$1(SparkExecuteStatementOperation.scala:1050)
	at scala.runtime.java8.JFunction0$mcV$sp.apply(JFunction0$mcV$sp.scala:18)
	at com.databricks.unity.UCSEphemeralState$Handle.runWith(UCSEphemeralState.scala:51)
	at com.databricks.unity.HandleImpl.runWith(UCSHandle.scala:104)
	at org.apache.spark.sql.hive.thriftserver.SparkExecuteStatementOperation.org$apache$spark$sql$hive$thriftserver$SparkExecuteStatementOperation$$execute(SparkExecuteStatementOperation.scala:787)
	at org.apache.spark.sql.hive.thriftserver.SparkExecuteStatementOperation$$anon$2$$anon$3.$anonfun$run$5(SparkExecuteStatementOperation.scala:578)
	at scala.runtime.java8.JFunction0$mcV$sp.apply(JFunction0$mcV$sp.scala:18)
	at org.apache.spark.sql.execution.SQLExecution$.withRootExecution(SQLExecution.scala:869)
	at org.apache.spark.sql.hive.thriftserver.SparkExecuteStatementOperation$$anon$2$$anon$3.$anonfun$run$2(SparkExecuteStatementOperation.scala:578)
	at scala.runtime.java8.JFunction0$mcV$sp.apply(JFunction0$mcV$sp.scala:18)
	at com.databricks.logging.AttributionContextTracing.$anonfun$withAttributionContext$1(AttributionContextTracing.scala:80)
	at com.databricks.logging.AttributionContext$.$anonfun$withValue$1(AttributionContext.scala:348)
	at scala.util.DynamicVariable.withValue(DynamicVariable.scala:59)
	at com.databricks.logging.AttributionContext$.withValue(AttributionContext.scala:344)
	at com.databricks.logging.AttributionContextTracing.withAttributionContext(AttributionContextTracing.scala:78)
	at com.databricks.logging.AttributionContextTracing.withAttributionContext$(AttributionContextTracing.scala:75)
	at com.databricks.spark.util.DatabricksTracingHelper.withAttributionContext(DatabricksSparkTracingHelper.scala:62)
	at com.databricks.spark.util.DatabricksTracingHelper.withSpanFromRequest(DatabricksSparkTracingHelper.scala:89)
	at com.databricks.spark.util.DBRTracing$.withSpanFromRequest(DBRTracing.scala:43)
	at org.apache.spark.sql.hive.thriftserver.ThriftLocalProperties.$anonfun$withLocalProperties$15(ThriftLocalProperties.scala:238)
	at com.databricks.logging.AttributionContextTracing.$anonfun$withAttributionContext$1(AttributionContextTracing.scala:80)
	at com.databricks.logging.AttributionContext$.$anonfun$withValue$1(AttributionContext.scala:348)
	at scala.util.DynamicVariable.withValue(DynamicVariable.scala:59)
	at com.databricks.logging.AttributionContext$.withValue(AttributionContext.scala:344)
	at com.databricks.logging.AttributionContextTracing.withAttributionContext(AttributionContextTracing.scala:78)
	at com.databricks.logging.AttributionContextTracing.withAttributionContext$(AttributionContextTracing.scala:75)
	at com.databricks.spark.util.PublicDBLogging.withAttributionContext(DatabricksSparkUsageLogger.scala:29)
	at com.databricks.logging.AttributionContextTracing.withAttributionTags(AttributionContextTracing.scala:127)
	at com.databricks.logging.AttributionContextTracing.withAttributionTags$(AttributionContextTracing.scala:108)
	at com.databricks.spark.util.PublicDBLogging.withAttributionTags(DatabricksSparkUsageLogger.scala:29)
	at com.databricks.spark.util.PublicDBLogging.withAttributionTags0(DatabricksSparkUsageLogger.scala:108)
	at com.databricks.spark.util.DatabricksSparkUsageLogger.withAttributionTags(DatabricksSparkUsageLogger.scala:216)
	at com.databricks.spark.util.UsageLogging.$anonfun$withAttributionTags$1(UsageLogger.scala:668)
	at com.databricks.spark.util.UsageLogging$.withAttributionTags(UsageLogger.scala:780)
	at com.databricks.spark.util.UsageLogging$.withAttributionTags(UsageLogger.scala:789)
	at com.databricks.spark.util.UsageLogging.withAttributionTags(UsageLogger.scala:668)
	at com.databricks.spark.util.UsageLogging.withAttributionTags$(UsageLogger.scala:666)
	at org.apache.spark.sql.hive.thriftserver.SparkExecuteStatementOperation.withAttributionTags(SparkExecuteStatementOperation.scala:76)
	at org.apache.spark.sql.hive.thriftserver.ThriftLocalProperties.$anonfun$withLocalProperties$12(ThriftLocalProperties.scala:233)
	at com.databricks.spark.util.IdentityClaim$.withClaim(IdentityClaim.scala:48)
	at org.apache.spark.sql.hive.thriftserver.ThriftLocalProperties.withLocalProperties(ThriftLocalProperties.scala:229)
	at org.apache.spark.sql.hive.thriftserver.ThriftLocalProperties.withLocalProperties$(ThriftLocalProperties.scala:89)
	at org.apache.spark.sql.hive.thriftserver.SparkExecuteStatementOperation.withLocalProperties(SparkExecuteStatementOperation.scala:76)
	at org.apache.spark.sql.hive.thriftserver.SparkExecuteStatementOperation$$anon$2$$anon$3.run(SparkExecuteStatementOperation.scala:555)
	at org.apache.spark.sql.hive.thriftserver.SparkExecuteStatementOperation$$anon$2$$anon$3.run(SparkExecuteStatementOperation.scala:541)
	at java.base/java.security.AccessController.doPrivileged(AccessController.java:712)
	at java.base/javax.security.auth.Subject.doAs(Subject.java:439)
	at org.apache.hadoop.security.UserGroupInformation.doAs(UserGroupInformation.java:1953)
	at org.apache.spark.sql.hive.thriftserver.SparkExecuteStatementOperation$$anon$2.run(SparkExecuteStatementOperation.scala:591)
	at java.base/java.util.concurrent.Executors$RunnableAdapter.call(Executors.java:539)
	at java.base/java.util.concurrent.FutureTask.run(FutureTask.java:264)
	at java.base/java.util.concurrent.ThreadPoolExecutor.runWorker(ThreadPoolExecutor.java:1136)
	at java.base/java.util.concurrent.ThreadPoolExecutor$Worker.run(ThreadPoolExecutor.java:635)
	at java.base/java.lang.Thread.run(Thread.java:840)
Caused by: org.apache.spark.sql.catalyst.ExtendedAnalysisException: [UC_COMMAND_NOT_SUPPORTED.WITHOUT_RECOMMENDATION] The command(s): Creating a persistent view that references both Unity Catalog and Hive Metastore objects are not supported in Unity Catalog.  SQLSTATE: 0AKUC
	at org.apache.spark.sql.catalyst.ExtendedAnalysisException.copyPlan(ExtendedAnalysisException.scala:96)
	at org.apache.spark.sql.hive.thriftserver.SparkExecuteStatementOperation.$anonfun$execute$1(SparkExecuteStatementOperation.scala:1011)
	... 53 more
, operation-id=01f0f08b-e9f1-1e91-850c-429a3c9a7948
[0m14:26:57.396084 [debug] [Thread-3 (]: Databricks adapter: Exception while trying to execute query
/* {"app": "dbt", "dbt_version": "1.11.2", "dbt_databricks_version": "1.11.4", "databricks_sql_connector_version": "4.1.3", "profile_name": "wanderbricks", "target_name": "dev", "node_id": "model.wanderbricks.stg_bookings"} */

  
  
  create or replace view `hive_metastore`.`dbt_dev_schema_staging`.`stg_bookings`
  
  as (
    with source as (
    select * from `samples`.`wanderbricks`.`bookings`
),

renamed as (
    select
        id as booking_id,
        user_id,
        property_id,
        start_date,
        end_date,
        amount
    from source
)

select * from renamed
  )

: [UNRESOLVED_COLUMN.WITH_SUGGESTION] A column, variable, or function parameter with name `id` cannot be resolved. Did you mean one of the following? [`user_id`, `status`, `check_in`, `booking_id`, `check_out`]. SQLSTATE: 42703; line 14 pos 8
Error properties: diagnostic-info=org.apache.hive.service.cli.HiveSQLException: Error running query: [UNRESOLVED_COLUMN.WITH_SUGGESTION] org.apache.spark.sql.catalyst.ExtendedAnalysisException: [UNRESOLVED_COLUMN.WITH_SUGGESTION] A column, variable, or function parameter with name `id` cannot be resolved. Did you mean one of the following? [`user_id`, `status`, `check_in`, `booking_id`, `check_out`]. SQLSTATE: 42703; line 14 pos 8
	at org.apache.spark.sql.hive.thriftserver.HiveThriftServerErrors$.runningQueryError(HiveThriftServerErrors.scala:49)
	at org.apache.spark.sql.hive.thriftserver.SparkExecuteStatementOperation.$anonfun$execute$1(SparkExecuteStatementOperation.scala:1050)
	at scala.runtime.java8.JFunction0$mcV$sp.apply(JFunction0$mcV$sp.scala:18)
	at com.databricks.unity.UCSEphemeralState$Handle.runWith(UCSEphemeralState.scala:51)
	at com.databricks.unity.HandleImpl.runWith(UCSHandle.scala:104)
	at org.apache.spark.sql.hive.thriftserver.SparkExecuteStatementOperation.org$apache$spark$sql$hive$thriftserver$SparkExecuteStatementOperation$$execute(SparkExecuteStatementOperation.scala:787)
	at org.apache.spark.sql.hive.thriftserver.SparkExecuteStatementOperation$$anon$2$$anon$3.$anonfun$run$5(SparkExecuteStatementOperation.scala:578)
	at scala.runtime.java8.JFunction0$mcV$sp.apply(JFunction0$mcV$sp.scala:18)
	at org.apache.spark.sql.execution.SQLExecution$.withRootExecution(SQLExecution.scala:869)
	at org.apache.spark.sql.hive.thriftserver.SparkExecuteStatementOperation$$anon$2$$anon$3.$anonfun$run$2(SparkExecuteStatementOperation.scala:578)
	at scala.runtime.java8.JFunction0$mcV$sp.apply(JFunction0$mcV$sp.scala:18)
	at com.databricks.logging.AttributionContextTracing.$anonfun$withAttributionContext$1(AttributionContextTracing.scala:80)
	at com.databricks.logging.AttributionContext$.$anonfun$withValue$1(AttributionContext.scala:348)
	at scala.util.DynamicVariable.withValue(DynamicVariable.scala:59)
	at com.databricks.logging.AttributionContext$.withValue(AttributionContext.scala:344)
	at com.databricks.logging.AttributionContextTracing.withAttributionContext(AttributionContextTracing.scala:78)
	at com.databricks.logging.AttributionContextTracing.withAttributionContext$(AttributionContextTracing.scala:75)
	at com.databricks.spark.util.DatabricksTracingHelper.withAttributionContext(DatabricksSparkTracingHelper.scala:62)
	at com.databricks.spark.util.DatabricksTracingHelper.withSpanFromRequest(DatabricksSparkTracingHelper.scala:89)
	at com.databricks.spark.util.DBRTracing$.withSpanFromRequest(DBRTracing.scala:43)
	at org.apache.spark.sql.hive.thriftserver.ThriftLocalProperties.$anonfun$withLocalProperties$15(ThriftLocalProperties.scala:238)
	at com.databricks.logging.AttributionContextTracing.$anonfun$withAttributionContext$1(AttributionContextTracing.scala:80)
	at com.databricks.logging.AttributionContext$.$anonfun$withValue$1(AttributionContext.scala:348)
	at scala.util.DynamicVariable.withValue(DynamicVariable.scala:59)
	at com.databricks.logging.AttributionContext$.withValue(AttributionContext.scala:344)
	at com.databricks.logging.AttributionContextTracing.withAttributionContext(AttributionContextTracing.scala:78)
	at com.databricks.logging.AttributionContextTracing.withAttributionContext$(AttributionContextTracing.scala:75)
	at com.databricks.spark.util.PublicDBLogging.withAttributionContext(DatabricksSparkUsageLogger.scala:29)
	at com.databricks.logging.AttributionContextTracing.withAttributionTags(AttributionContextTracing.scala:127)
	at com.databricks.logging.AttributionContextTracing.withAttributionTags$(AttributionContextTracing.scala:108)
	at com.databricks.spark.util.PublicDBLogging.withAttributionTags(DatabricksSparkUsageLogger.scala:29)
	at com.databricks.spark.util.PublicDBLogging.withAttributionTags0(DatabricksSparkUsageLogger.scala:108)
	at com.databricks.spark.util.DatabricksSparkUsageLogger.withAttributionTags(DatabricksSparkUsageLogger.scala:216)
	at com.databricks.spark.util.UsageLogging.$anonfun$withAttributionTags$1(UsageLogger.scala:668)
	at com.databricks.spark.util.UsageLogging$.withAttributionTags(UsageLogger.scala:780)
	at com.databricks.spark.util.UsageLogging$.withAttributionTags(UsageLogger.scala:789)
	at com.databricks.spark.util.UsageLogging.withAttributionTags(UsageLogger.scala:668)
	at com.databricks.spark.util.UsageLogging.withAttributionTags$(UsageLogger.scala:666)
	at org.apache.spark.sql.hive.thriftserver.SparkExecuteStatementOperation.withAttributionTags(SparkExecuteStatementOperation.scala:76)
	at org.apache.spark.sql.hive.thriftserver.ThriftLocalProperties.$anonfun$withLocalProperties$12(ThriftLocalProperties.scala:233)
	at com.databricks.spark.util.IdentityClaim$.withClaim(IdentityClaim.scala:48)
	at org.apache.spark.sql.hive.thriftserver.ThriftLocalProperties.withLocalProperties(ThriftLocalProperties.scala:229)
	at org.apache.spark.sql.hive.thriftserver.ThriftLocalProperties.withLocalProperties$(ThriftLocalProperties.scala:89)
	at org.apache.spark.sql.hive.thriftserver.SparkExecuteStatementOperation.withLocalProperties(SparkExecuteStatementOperation.scala:76)
	at org.apache.spark.sql.hive.thriftserver.SparkExecuteStatementOperation$$anon$2$$anon$3.run(SparkExecuteStatementOperation.scala:555)
	at org.apache.spark.sql.hive.thriftserver.SparkExecuteStatementOperation$$anon$2$$anon$3.run(SparkExecuteStatementOperation.scala:541)
	at java.base/java.security.AccessController.doPrivileged(AccessController.java:712)
	at java.base/javax.security.auth.Subject.doAs(Subject.java:439)
	at org.apache.hadoop.security.UserGroupInformation.doAs(UserGroupInformation.java:1953)
	at org.apache.spark.sql.hive.thriftserver.SparkExecuteStatementOperation$$anon$2.run(SparkExecuteStatementOperation.scala:591)
	at java.base/java.util.concurrent.Executors$RunnableAdapter.call(Executors.java:539)
	at java.base/java.util.concurrent.FutureTask.run(FutureTask.java:264)
	at java.base/java.util.concurrent.ThreadPoolExecutor.runWorker(ThreadPoolExecutor.java:1136)
	at java.base/java.util.concurrent.ThreadPoolExecutor$Worker.run(ThreadPoolExecutor.java:635)
	at java.base/java.lang.Thread.run(Thread.java:840)
Caused by: org.apache.spark.sql.catalyst.ExtendedAnalysisException: [UNRESOLVED_COLUMN.WITH_SUGGESTION] A column, variable, or function parameter with name `id` cannot be resolved. Did you mean one of the following? [`user_id`, `status`, `check_in`, `booking_id`, `check_out`]. SQLSTATE: 42703; line 14 pos 8
	at org.apache.spark.sql.catalyst.ExtendedAnalysisException.copyPlan(ExtendedAnalysisException.scala:96)
	at org.apache.spark.sql.hive.thriftserver.SparkExecuteStatementOperation.$anonfun$execute$1(SparkExecuteStatementOperation.scala:1011)
	... 53 more
, operation-id=01f0f08b-e9f1-1e80-a698-b42ad3d27495
[0m14:26:57.408205 [debug] [Thread-5 (]: On model.wanderbricks.stg_users: Close
[0m14:26:57.409059 [debug] [Thread-5 (]: Databricks adapter: Connection(session-id=01f0f08b-e9e9-1311-a232-d38261c1bba0) - Closing
[0m14:26:57.421591 [debug] [Thread-4 (]: Database Error in model stg_properties (models/staging/stg_properties.sql)
  [UNRESOLVED_COLUMN.WITH_SUGGESTION] A column, variable, or function parameter with name `id` cannot be resolved. Did you mean one of the following? [`title`, `host_id`, `bedrooms`, `base_price`, `bathrooms`]. SQLSTATE: 42703; line 14 pos 8
  compiled code at target/run/wanderbricks/models/staging/stg_properties.sql
[0m14:26:57.475591 [debug] [Thread-3 (]: On model.wanderbricks.stg_bookings: Close
[0m14:26:57.476427 [debug] [Thread-3 (]: Databricks adapter: Connection(session-id=01f0f08b-e9ea-1001-8a37-dca972a7e76a) - Closing
[0m14:26:57.477678 [debug] [Thread-5 (]: Database Error in model stg_users (models/staging/stg_users.sql)
  [UC_COMMAND_NOT_SUPPORTED.WITHOUT_RECOMMENDATION] The command(s): Creating a persistent view that references both Unity Catalog and Hive Metastore objects are not supported in Unity Catalog.  SQLSTATE: 0AKUC
  compiled code at target/run/wanderbricks/models/staging/stg_users.sql
[0m14:26:57.546775 [debug] [Thread-3 (]: Database Error in model stg_bookings (models/staging/stg_bookings.sql)
  [UNRESOLVED_COLUMN.WITH_SUGGESTION] A column, variable, or function parameter with name `id` cannot be resolved. Did you mean one of the following? [`user_id`, `status`, `check_in`, `booking_id`, `check_out`]. SQLSTATE: 42703; line 14 pos 8
  compiled code at target/run/wanderbricks/models/staging/stg_bookings.sql
[0m14:26:57.547443 [debug] [Thread-4 (]: Sending event: {'category': 'dbt', 'action': 'run_model', 'label': 'ba1fd22c-0888-48eb-8765-cdead75bcec1', 'context': [<snowplow_tracker.self_describing_json.SelfDescribingJson object at 0xffff97cd8ec0>]}
[0m14:26:57.547757 [debug] [Thread-5 (]: Sending event: {'category': 'dbt', 'action': 'run_model', 'label': 'ba1fd22c-0888-48eb-8765-cdead75bcec1', 'context': [<snowplow_tracker.self_describing_json.SelfDescribingJson object at 0xffff7e7ed430>]}
[0m14:26:57.548211 [debug] [Thread-3 (]: Sending event: {'category': 'dbt', 'action': 'run_model', 'label': 'ba1fd22c-0888-48eb-8765-cdead75bcec1', 'context': [<snowplow_tracker.self_describing_json.SelfDescribingJson object at 0xffff7e7eebd0>]}
[0m14:26:57.549523 [error] [Thread-4 (]: 2 of 7 ERROR creating sql view model dbt_dev_schema_staging.stg_properties ..... [[31mERROR[0m in 1.41s]
[0m14:26:57.550770 [error] [Thread-5 (]: 3 of 7 ERROR creating sql view model dbt_dev_schema_staging.stg_users .......... [[31mERROR[0m in 1.43s]
[0m14:26:57.551402 [error] [Thread-3 (]: 1 of 7 ERROR creating sql view model dbt_dev_schema_staging.stg_bookings ....... [[31mERROR[0m in 1.43s]
[0m14:26:57.552802 [debug] [Thread-4 (]: Finished running node model.wanderbricks.stg_properties
[0m14:26:57.553464 [debug] [Thread-5 (]: Finished running node model.wanderbricks.stg_users
[0m14:26:57.554168 [debug] [Thread-3 (]: Finished running node model.wanderbricks.stg_bookings
[0m14:26:57.555302 [debug] [Thread-9 (]: Marking all children of 'model.wanderbricks.stg_properties' to be skipped because of status 'error'.  Reason: Database Error in model stg_properties (models/staging/stg_properties.sql)
  [UNRESOLVED_COLUMN.WITH_SUGGESTION] A column, variable, or function parameter with name `id` cannot be resolved. Did you mean one of the following? [`title`, `host_id`, `bedrooms`, `base_price`, `bathrooms`]. SQLSTATE: 42703; line 14 pos 8
  compiled code at target/run/wanderbricks/models/staging/stg_properties.sql.
[0m14:26:57.557303 [debug] [Thread-9 (]: Marking all children of 'model.wanderbricks.stg_users' to be skipped because of status 'error'.  Reason: Database Error in model stg_users (models/staging/stg_users.sql)
  [UC_COMMAND_NOT_SUPPORTED.WITHOUT_RECOMMENDATION] The command(s): Creating a persistent view that references both Unity Catalog and Hive Metastore objects are not supported in Unity Catalog.  SQLSTATE: 0AKUC
  compiled code at target/run/wanderbricks/models/staging/stg_users.sql.
[0m14:26:57.557944 [debug] [Thread-6 (]: Began running node model.wanderbricks.dim_properties
[0m14:26:57.558468 [debug] [Thread-9 (]: Marking all children of 'model.wanderbricks.stg_bookings' to be skipped because of status 'error'.  Reason: Database Error in model stg_bookings (models/staging/stg_bookings.sql)
  [UNRESOLVED_COLUMN.WITH_SUGGESTION] A column, variable, or function parameter with name `id` cannot be resolved. Did you mean one of the following? [`user_id`, `status`, `check_in`, `booking_id`, `check_out`]. SQLSTATE: 42703; line 14 pos 8
  compiled code at target/run/wanderbricks/models/staging/stg_bookings.sql.
[0m14:26:57.559067 [info ] [Thread-6 (]: 4 of 7 SKIP relation dbt_dev_schema_star_schema.dim_properties ................. [[33mSKIP[0m]
[0m14:26:57.559517 [debug] [Thread-5 (]: Began running node model.wanderbricks.dim_users
[0m14:26:57.560104 [debug] [Thread-6 (]: Finished running node model.wanderbricks.dim_properties
[0m14:26:57.560363 [debug] [Thread-4 (]: Began running node model.wanderbricks.fct_bookings
[0m14:26:57.560820 [info ] [Thread-5 (]: 5 of 7 SKIP relation dbt_dev_schema_star_schema.dim_users ...................... [[33mSKIP[0m]
[0m14:26:57.561583 [info ] [Thread-4 (]: 6 of 7 SKIP relation dbt_dev_schema_star_schema.fct_bookings ................... [[33mSKIP[0m]
[0m14:26:57.561973 [debug] [Thread-5 (]: Finished running node model.wanderbricks.dim_users
[0m14:26:57.562416 [debug] [Thread-4 (]: Finished running node model.wanderbricks.fct_bookings
[0m14:26:57.563410 [debug] [Thread-3 (]: Began running node model.wanderbricks.dm_monthly_bookings
[0m14:26:57.564117 [info ] [Thread-3 (]: 7 of 7 SKIP relation dbt_dev_schema_datamarts.dm_monthly_bookings .............. [[33mSKIP[0m]
[0m14:26:57.564562 [debug] [Thread-3 (]: Finished running node model.wanderbricks.dm_monthly_bookings
[0m14:26:57.566544 [debug] [MainThread]: Databricks adapter: DatabricksDBTConnection(session-id=None, name=master) - Creating connection
[0m14:26:57.567052 [debug] [MainThread]: Acquiring new databricks connection 'master'
[0m14:26:57.567761 [info ] [MainThread]: 
[0m14:26:57.568294 [info ] [MainThread]: Finished running 4 table models, 3 view models in 0 hours 0 minutes and 14.60 seconds (14.60s).
[0m14:26:57.569262 [debug] [MainThread]: Command end result
[0m14:26:57.621773 [debug] [MainThread]: Wrote artifact WritableManifest to /opt/airflow/dbt/target/manifest.json
[0m14:26:57.628255 [debug] [MainThread]: Wrote artifact SemanticManifest to /opt/airflow/dbt/target/semantic_manifest.json
[0m14:26:57.634115 [debug] [MainThread]: Wrote artifact RunExecutionResult to /opt/airflow/dbt/target/run_results.json
[0m14:26:57.634465 [info ] [MainThread]: 
[0m14:26:57.634986 [info ] [MainThread]: [31mCompleted with 3 errors, 0 partial successes, and 0 warnings:[0m
[0m14:26:57.635460 [info ] [MainThread]: 
[0m14:26:57.635894 [error] [MainThread]: [31mFailure in model stg_properties (models/staging/stg_properties.sql)[0m
[0m14:26:57.636260 [error] [MainThread]:   Database Error in model stg_properties (models/staging/stg_properties.sql)
  [UNRESOLVED_COLUMN.WITH_SUGGESTION] A column, variable, or function parameter with name `id` cannot be resolved. Did you mean one of the following? [`title`, `host_id`, `bedrooms`, `base_price`, `bathrooms`]. SQLSTATE: 42703; line 14 pos 8
  compiled code at target/run/wanderbricks/models/staging/stg_properties.sql
[0m14:26:57.636625 [info ] [MainThread]: 
[0m14:26:57.637015 [info ] [MainThread]:   compiled code at target/compiled/wanderbricks/models/staging/stg_properties.sql
[0m14:26:57.637359 [info ] [MainThread]: 
[0m14:26:57.637699 [error] [MainThread]: [31mFailure in model stg_users (models/staging/stg_users.sql)[0m
[0m14:26:57.638051 [error] [MainThread]:   Database Error in model stg_users (models/staging/stg_users.sql)
  [UC_COMMAND_NOT_SUPPORTED.WITHOUT_RECOMMENDATION] The command(s): Creating a persistent view that references both Unity Catalog and Hive Metastore objects are not supported in Unity Catalog.  SQLSTATE: 0AKUC
  compiled code at target/run/wanderbricks/models/staging/stg_users.sql
[0m14:26:57.638378 [info ] [MainThread]: 
[0m14:26:57.638790 [info ] [MainThread]:   compiled code at target/compiled/wanderbricks/models/staging/stg_users.sql
[0m14:26:57.639137 [info ] [MainThread]: 
[0m14:26:57.639515 [error] [MainThread]: [31mFailure in model stg_bookings (models/staging/stg_bookings.sql)[0m
[0m14:26:57.639859 [error] [MainThread]:   Database Error in model stg_bookings (models/staging/stg_bookings.sql)
  [UNRESOLVED_COLUMN.WITH_SUGGESTION] A column, variable, or function parameter with name `id` cannot be resolved. Did you mean one of the following? [`user_id`, `status`, `check_in`, `booking_id`, `check_out`]. SQLSTATE: 42703; line 14 pos 8
  compiled code at target/run/wanderbricks/models/staging/stg_bookings.sql
[0m14:26:57.640133 [info ] [MainThread]: 
[0m14:26:57.640472 [info ] [MainThread]:   compiled code at target/compiled/wanderbricks/models/staging/stg_bookings.sql
[0m14:26:57.640774 [info ] [MainThread]: 
[0m14:26:57.641148 [info ] [MainThread]: Done. PASS=0 WARN=0 ERROR=3 SKIP=4 NO-OP=0 TOTAL=7
[0m14:26:57.642133 [warn ] [MainThread]: [[33mWARNING[0m][DeprecationsSummary]: Deprecated functionality
Summary of encountered deprecations:
- MissingPlusPrefixDeprecation: 6 occurrences
- MissingArgumentsPropertyInGenericTestDeprecation: 3 occurrences
To see all deprecation instances instead of just the first occurrence of each,
run command again with the `--show-all-deprecations` flag. You may also need to
run with `--no-partial-parse` as some deprecations are only encountered during
parsing.
[0m14:26:57.647286 [debug] [MainThread]: Resource report: {"command_name": "run", "command_success": false, "command_wall_clock_time": 16.711573, "process_in_blocks": "39192", "process_kernel_time": 0.680142, "process_mem_max_rss": "263620", "process_out_blocks": "5314", "process_user_time": 4.628606}
[0m14:26:57.648225 [debug] [MainThread]: Command `dbt run` failed at 14:26:57.648033 after 16.71 seconds
[0m14:26:57.648951 [debug] [MainThread]: Sending event: {'category': 'dbt', 'action': 'invocation', 'label': 'end', 'context': [<snowplow_tracker.self_describing_json.SelfDescribingJson object at 0xffff98a2eba0>, <snowplow_tracker.self_describing_json.SelfDescribingJson object at 0xffff97372f00>, <snowplow_tracker.self_describing_json.SelfDescribingJson object at 0xffff97373ad0>]}
[0m14:26:57.649507 [debug] [MainThread]: Flushing usage events
[0m14:26:58.322494 [debug] [MainThread]: An error was encountered while trying to flush usage events
[0m14:31:28.958887 [debug] [MainThread]: Sending event: {'category': 'dbt', 'action': 'invocation', 'label': 'start', 'context': [<snowplow_tracker.self_describing_json.SelfDescribingJson object at 0xffff8167fd10>, <snowplow_tracker.self_describing_json.SelfDescribingJson object at 0xffff8427c140>, <snowplow_tracker.self_describing_json.SelfDescribingJson object at 0xffff8167e9f0>]}


============================== 14:31:28.967823 | e0b12675-5d7b-45b7-991d-b399694a7fc4 ==============================
[0m14:31:28.967823 [info ] [MainThread]: Running with dbt=1.11.2
[0m14:31:28.971319 [debug] [MainThread]: running dbt with arguments {'warn_error': 'None', 'send_anonymous_usage_stats': 'True', 'no_print': 'None', 'warn_error_options': 'WarnErrorOptionsV2(error=[], warn=[], silence=[])', 'fail_fast': 'False', 'use_colors': 'True', 'indirect_selection': 'eager', 'log_cache_events': 'False', 'log_path': '/opt/airflow/dbt/logs', 'invocation_command': 'dbt run --select +dm_monthly_bookings', 'version_check': 'True', 'target_path': 'None', 'partial_parse': 'True', 'log_format': 'default', 'use_experimental_parser': 'False', 'empty': 'False', 'static_parser': 'True', 'write_json': 'True', 'introspect': 'True', 'cache_selected_only': 'False', 'profiles_dir': '/opt/airflow/dbt', 'printer_width': '80', 'quiet': 'False', 'debug': 'False'}
[0m14:31:29.624626 [debug] [MainThread]: Spark adapter: Setting pyhive.hive logging to ERROR
[0m14:31:29.625273 [debug] [MainThread]: Spark adapter: Setting thrift.transport logging to ERROR
[0m14:31:29.625629 [debug] [MainThread]: Spark adapter: Setting thrift.protocol logging to ERROR
[0m14:31:30.390442 [warn ] [MainThread]: [[33mWARNING[0m][MissingPlusPrefixDeprecation]: Deprecated functionality
Missing '+' prefix on `materialized` found at
`wanderbricks.staging.materialized` in file `/opt/airflow/dbt/dbt_project.yml`.
Hierarchical config values without a '+' prefix are deprecated in
dbt_project.yml.
[0m14:31:30.391890 [debug] [MainThread]: Sending event: {'category': 'dbt', 'action': 'deprecation', 'label': 'e0b12675-5d7b-45b7-991d-b399694a7fc4', 'property_': 'warn', 'context': [<snowplow_tracker.self_describing_json.SelfDescribingJson object at 0xffff7f180c20>]}
[0m14:31:30.462081 [debug] [MainThread]: Sending event: {'category': 'dbt', 'action': 'project_id', 'label': 'e0b12675-5d7b-45b7-991d-b399694a7fc4', 'context': [<snowplow_tracker.self_describing_json.SelfDescribingJson object at 0xffff699a87d0>]}
[0m14:31:30.497765 [debug] [MainThread]: Sending event: {'category': 'dbt', 'action': 'adapter_info', 'label': 'e0b12675-5d7b-45b7-991d-b399694a7fc4', 'context': [<snowplow_tracker.self_describing_json.SelfDescribingJson object at 0xffff69a92a20>]}
[0m14:31:30.498894 [info ] [MainThread]: Registered adapter: databricks=1.11.4
[0m14:31:30.665738 [warn ] [MainThread]: [[33mWARNING[0m]: Use managed Iceberg tables when table_format is iceberg. When this flag is disabled, UniForm is used instead.
You may opt into the new behavior sooner by setting `flags.use_managed_iceberg` to `True` in `dbt_project.yml`.
Visit https://docs.getdbt.com/reference/global-configs/behavior-changes for more information.
[0m14:31:30.671611 [debug] [MainThread]: Sending event: {'category': 'dbt', 'action': 'BehaviorChangeEvent', 'label': 'e0b12675-5d7b-45b7-991d-b399694a7fc4', 'context': [<snowplow_tracker.self_describing_json.SelfDescribingJson object at 0xffff821bce00>]}
[0m14:31:30.706079 [debug] [MainThread]: checksum: 3d40d8bbe1bef07db1c24822f2dbfff8bc07f2a48ed4fe2658a40653aec0b54b, vars: {}, profile: , target: , version: 1.11.2
[0m14:31:30.822185 [info ] [MainThread]: Unable to do partial parsing because profile has changed
[0m14:31:30.823069 [debug] [MainThread]: Sending event: {'category': 'dbt', 'action': 'partial_parser', 'label': 'e0b12675-5d7b-45b7-991d-b399694a7fc4', 'context': [<snowplow_tracker.self_describing_json.SelfDescribingJson object at 0xffff695bb6b0>]}
[0m14:31:31.890656 [warn ] [MainThread]: [[33mWARNING[0m][MissingArgumentsPropertyInGenericTestDeprecation]: Deprecated
functionality
Found top-level arguments to test `relationships` defined on 'stg_bookings' in
package 'wanderbricks' (models/staging/schema.yml). Arguments to generic tests
should be nested under the `arguments` property.
[0m14:31:31.891575 [debug] [MainThread]: Sending event: {'category': 'dbt', 'action': 'deprecation', 'label': 'e0b12675-5d7b-45b7-991d-b399694a7fc4', 'property_': 'warn', 'context': [<snowplow_tracker.self_describing_json.SelfDescribingJson object at 0xffff69ae8c50>]}
[0m14:31:32.091704 [debug] [MainThread]: Sending event: {'category': 'dbt', 'action': 'load_project', 'label': 'e0b12675-5d7b-45b7-991d-b399694a7fc4', 'context': [<snowplow_tracker.self_describing_json.SelfDescribingJson object at 0xffff69ae9580>]}
[0m14:31:32.185109 [debug] [MainThread]: Wrote artifact WritableManifest to /opt/airflow/dbt/target/manifest.json
[0m14:31:32.188142 [debug] [MainThread]: Wrote artifact SemanticManifest to /opt/airflow/dbt/target/semantic_manifest.json
[0m14:31:32.207884 [debug] [MainThread]: Sending event: {'category': 'dbt', 'action': 'resource_counts', 'label': 'e0b12675-5d7b-45b7-991d-b399694a7fc4', 'context': [<snowplow_tracker.self_describing_json.SelfDescribingJson object at 0xffff68994500>]}
[0m14:31:32.208487 [info ] [MainThread]: Found 7 models, 18 data tests, 3 sources, 731 macros
[0m14:31:32.209071 [debug] [MainThread]: Sending event: {'category': 'dbt', 'action': 'runnable_timing', 'label': 'e0b12675-5d7b-45b7-991d-b399694a7fc4', 'context': [<snowplow_tracker.self_describing_json.SelfDescribingJson object at 0xffff7f5995e0>]}
[0m14:31:32.210677 [info ] [MainThread]: 
[0m14:31:32.211117 [info ] [MainThread]: Concurrency: 4 threads (target='dev')
[0m14:31:32.211405 [info ] [MainThread]: 
[0m14:31:32.211904 [debug] [MainThread]: Databricks adapter: DatabricksDBTConnection(session-id=None, name=master) - Creating connection
[0m14:31:32.212272 [debug] [MainThread]: Acquiring new databricks connection 'master'
[0m14:31:32.216439 [debug] [ThreadPool]: Databricks adapter: DatabricksDBTConnection(session-id=None, name=list_samples) - Creating connection
[0m14:31:32.216997 [debug] [ThreadPool]: Databricks adapter: DatabricksDBTConnection(session-id=None, name=list_samples) - Creating connection
[0m14:31:32.217245 [debug] [ThreadPool]: Acquiring new databricks connection 'list_samples'
[0m14:31:32.217826 [debug] [ThreadPool]: Databricks adapter: DatabricksDBTConnection(session-id=None, name=list_samples) - Creating connection
[0m14:31:32.218105 [debug] [ThreadPool]: Acquiring new databricks connection 'list_samples'
[0m14:31:32.225057 [debug] [ThreadPool]: Using databricks connection "list_samples"
[0m14:31:32.226189 [debug] [ThreadPool]: Acquiring new databricks connection 'list_samples'
[0m14:31:32.228045 [debug] [ThreadPool]: Using databricks connection "list_samples"
[0m14:31:32.228480 [debug] [ThreadPool]: On list_samples: /* {"app": "dbt", "dbt_version": "1.11.2", "dbt_databricks_version": "1.11.4", "databricks_sql_connector_version": "4.1.3", "profile_name": "wanderbricks", "target_name": "dev", "connection_name": "list_samples"} */

    

  SHOW SCHEMAS IN `samples`


  
[0m14:31:32.230209 [debug] [ThreadPool]: Using databricks connection "list_samples"
[0m14:31:32.230624 [debug] [ThreadPool]: On list_samples: /* {"app": "dbt", "dbt_version": "1.11.2", "dbt_databricks_version": "1.11.4", "databricks_sql_connector_version": "4.1.3", "profile_name": "wanderbricks", "target_name": "dev", "connection_name": "list_samples"} */

    

  SHOW SCHEMAS IN `samples`


  
[0m14:31:32.230966 [debug] [ThreadPool]: Opening a new connection, currently in state init
[0m14:31:32.231315 [debug] [ThreadPool]: On list_samples: /* {"app": "dbt", "dbt_version": "1.11.2", "dbt_databricks_version": "1.11.4", "databricks_sql_connector_version": "4.1.3", "profile_name": "wanderbricks", "target_name": "dev", "connection_name": "list_samples"} */

    

  SHOW SCHEMAS IN `samples`


  
[0m14:31:32.232213 [debug] [ThreadPool]: Opening a new connection, currently in state init
[0m14:31:32.231627 [debug] [ThreadPool]: Opening a new connection, currently in state init
[0m14:31:32.509585 [debug] [ThreadPool]: Databricks adapter: Connection(session-id=01f0f08c-8e76-130f-8cca-070209708980) - Created
[0m14:31:32.509989 [debug] [ThreadPool]: Databricks adapter: Connection(session-id=01f0f08c-8e76-1e1f-8cd0-38236128342b) - Created
[0m14:31:32.514526 [debug] [ThreadPool]: Databricks adapter: Connection(session-id=01f0f08c-8e77-174f-a8dc-17f69b6c4237) - Created
[0m14:31:33.191584 [debug] [ThreadPool]: SQL status: OK in 0.960 seconds
[0m14:31:33.193644 [debug] [ThreadPool]: SQL status: OK in 0.960 seconds
[0m14:31:33.198382 [debug] [ThreadPool]: SQL status: OK in 0.970 seconds
[0m14:31:33.202607 [debug] [ThreadPool]: Databricks adapter: Cursor(session-id=01f0f08c-8e77-174f-a8dc-17f69b6c4237, command-id=01f0f08c-8e82-1607-be25-d79d39111714) - Closing
[0m14:31:33.203361 [debug] [ThreadPool]: Databricks adapter: Cursor(session-id=01f0f08c-8e76-1e1f-8cd0-38236128342b, command-id=01f0f08c-8e83-14d7-a9f4-675cd7ba9705) - Closing
[0m14:31:33.204110 [debug] [ThreadPool]: Databricks adapter: Cursor(session-id=01f0f08c-8e76-130f-8cca-070209708980, command-id=01f0f08c-8e7f-1b90-9c39-5820db7054f4) - Closing
[0m14:31:33.204786 [debug] [ThreadPool]: On list_samples: Close
[0m14:31:33.206052 [debug] [ThreadPool]: Databricks adapter: Connection(session-id=01f0f08c-8e77-174f-a8dc-17f69b6c4237) - Closing
[0m14:31:33.269633 [debug] [ThreadPool]: On list_samples: Close
[0m14:31:33.270414 [debug] [ThreadPool]: Databricks adapter: Connection(session-id=01f0f08c-8e76-1e1f-8cd0-38236128342b) - Closing
[0m14:31:33.333300 [debug] [ThreadPool]: On list_samples: Close
[0m14:31:33.333958 [debug] [ThreadPool]: Databricks adapter: Connection(session-id=01f0f08c-8e76-130f-8cca-070209708980) - Closing
[0m14:31:33.395426 [debug] [ThreadPool]: Databricks adapter: DatabricksDBTConnection(session-id=None, name=create_samples_dbt_dev_schema_datamarts) - Creating connection
[0m14:31:33.396123 [debug] [ThreadPool]: Databricks adapter: DatabricksDBTConnection(session-id=None, name=create_samples_dbt_dev_schema_star_schema) - Creating connection
[0m14:31:33.396735 [debug] [ThreadPool]: Databricks adapter: DatabricksDBTConnection(session-id=None, name=create_samples_dbt_dev_schema_staging) - Creating connection
[0m14:31:33.397047 [debug] [ThreadPool]: Acquiring new databricks connection 'create_samples_dbt_dev_schema_datamarts'
[0m14:31:33.397497 [debug] [ThreadPool]: Acquiring new databricks connection 'create_samples_dbt_dev_schema_star_schema'
[0m14:31:33.397919 [debug] [ThreadPool]: Acquiring new databricks connection 'create_samples_dbt_dev_schema_staging'
[0m14:31:33.399419 [debug] [ThreadPool]: Creating schema "database: "samples"
schema: "dbt_dev_schema_datamarts"
"
[0m14:31:33.400047 [debug] [ThreadPool]: Creating schema "database: "samples"
schema: "dbt_dev_schema_star_schema"
"
[0m14:31:33.400492 [debug] [ThreadPool]: Creating schema "database: "samples"
schema: "dbt_dev_schema_staging"
"
[0m14:31:33.404250 [debug] [ThreadPool]: Using databricks connection "create_samples_dbt_dev_schema_datamarts"
[0m14:31:33.406025 [debug] [ThreadPool]: Using databricks connection "create_samples_dbt_dev_schema_star_schema"
[0m14:31:33.407880 [debug] [ThreadPool]: Using databricks connection "create_samples_dbt_dev_schema_staging"
[0m14:31:33.408350 [debug] [ThreadPool]: On create_samples_dbt_dev_schema_datamarts: /* {"app": "dbt", "dbt_version": "1.11.2", "dbt_databricks_version": "1.11.4", "databricks_sql_connector_version": "4.1.3", "profile_name": "wanderbricks", "target_name": "dev", "connection_name": "create_samples_dbt_dev_schema_datamarts"} */
create schema if not exists `samples`.`dbt_dev_schema_datamarts`
  
[0m14:31:33.408897 [debug] [ThreadPool]: On create_samples_dbt_dev_schema_star_schema: /* {"app": "dbt", "dbt_version": "1.11.2", "dbt_databricks_version": "1.11.4", "databricks_sql_connector_version": "4.1.3", "profile_name": "wanderbricks", "target_name": "dev", "connection_name": "create_samples_dbt_dev_schema_star_schema"} */
create schema if not exists `samples`.`dbt_dev_schema_star_schema`
  
[0m14:31:33.409289 [debug] [ThreadPool]: On create_samples_dbt_dev_schema_staging: /* {"app": "dbt", "dbt_version": "1.11.2", "dbt_databricks_version": "1.11.4", "databricks_sql_connector_version": "4.1.3", "profile_name": "wanderbricks", "target_name": "dev", "connection_name": "create_samples_dbt_dev_schema_staging"} */
create schema if not exists `samples`.`dbt_dev_schema_staging`
  
[0m14:31:33.409613 [debug] [ThreadPool]: Opening a new connection, currently in state init
[0m14:31:33.410049 [debug] [ThreadPool]: Opening a new connection, currently in state init
[0m14:31:33.410438 [debug] [ThreadPool]: Opening a new connection, currently in state init
[0m14:31:33.634366 [debug] [ThreadPool]: Databricks adapter: Connection(session-id=01f0f08c-8f23-1d9c-bcb1-c93f4866a92e) - Created
[0m14:31:33.639104 [debug] [ThreadPool]: Databricks adapter: Connection(session-id=01f0f08c-8f23-1dfe-a74c-20e339e7dca4) - Created
[0m14:31:33.648016 [debug] [ThreadPool]: Databricks adapter: Connection(session-id=01f0f08c-8f24-13b2-b2d7-6498ed70bad5) - Created
[0m14:31:34.047492 [debug] [ThreadPool]: Databricks adapter: Exception while trying to execute query
/* {"app": "dbt", "dbt_version": "1.11.2", "dbt_databricks_version": "1.11.4", "databricks_sql_connector_version": "4.1.3", "profile_name": "wanderbricks", "target_name": "dev", "connection_name": "create_samples_dbt_dev_schema_datamarts"} */
create schema if not exists `samples`.`dbt_dev_schema_datamarts`
  
: PERMISSION_DENIED: User does not have CREATE SCHEMA on Catalog 'samples'.
Error properties: diagnostic-info=org.apache.hive.service.cli.HiveSQLException: Error running query: [UNAUTHORIZED_ACCESS] com.databricks.sql.managedcatalog.acl.UnauthorizedAccessException: PERMISSION_DENIED: User does not have CREATE SCHEMA on Catalog 'samples'.
	at org.apache.spark.sql.hive.thriftserver.HiveThriftServerErrors$.runningQueryError(HiveThriftServerErrors.scala:49)
	at org.apache.spark.sql.hive.thriftserver.SparkExecuteStatementOperation.$anonfun$execute$1(SparkExecuteStatementOperation.scala:1050)
	at scala.runtime.java8.JFunction0$mcV$sp.apply(JFunction0$mcV$sp.scala:18)
	at com.databricks.unity.UCSEphemeralState$Handle.runWith(UCSEphemeralState.scala:51)
	at com.databricks.unity.HandleImpl.runWith(UCSHandle.scala:104)
	at org.apache.spark.sql.hive.thriftserver.SparkExecuteStatementOperation.org$apache$spark$sql$hive$thriftserver$SparkExecuteStatementOperation$$execute(SparkExecuteStatementOperation.scala:787)
	at org.apache.spark.sql.hive.thriftserver.SparkExecuteStatementOperation$$anon$2$$anon$3.$anonfun$run$5(SparkExecuteStatementOperation.scala:578)
	at scala.runtime.java8.JFunction0$mcV$sp.apply(JFunction0$mcV$sp.scala:18)
	at org.apache.spark.sql.execution.SQLExecution$.withRootExecution(SQLExecution.scala:869)
	at org.apache.spark.sql.hive.thriftserver.SparkExecuteStatementOperation$$anon$2$$anon$3.$anonfun$run$2(SparkExecuteStatementOperation.scala:578)
	at scala.runtime.java8.JFunction0$mcV$sp.apply(JFunction0$mcV$sp.scala:18)
	at com.databricks.logging.AttributionContextTracing.$anonfun$withAttributionContext$1(AttributionContextTracing.scala:80)
	at com.databricks.logging.AttributionContext$.$anonfun$withValue$1(AttributionContext.scala:348)
	at scala.util.DynamicVariable.withValue(DynamicVariable.scala:59)
	at com.databricks.logging.AttributionContext$.withValue(AttributionContext.scala:344)
	at com.databricks.logging.AttributionContextTracing.withAttributionContext(AttributionContextTracing.scala:78)
	at com.databricks.logging.AttributionContextTracing.withAttributionContext$(AttributionContextTracing.scala:75)
	at com.databricks.spark.util.DatabricksTracingHelper.withAttributionContext(DatabricksSparkTracingHelper.scala:62)
	at com.databricks.spark.util.DatabricksTracingHelper.withSpanFromRequest(DatabricksSparkTracingHelper.scala:89)
	at com.databricks.spark.util.DBRTracing$.withSpanFromRequest(DBRTracing.scala:43)
	at org.apache.spark.sql.hive.thriftserver.ThriftLocalProperties.$anonfun$withLocalProperties$15(ThriftLocalProperties.scala:238)
	at com.databricks.logging.AttributionContextTracing.$anonfun$withAttributionContext$1(AttributionContextTracing.scala:80)
	at com.databricks.logging.AttributionContext$.$anonfun$withValue$1(AttributionContext.scala:348)
	at scala.util.DynamicVariable.withValue(DynamicVariable.scala:59)
	at com.databricks.logging.AttributionContext$.withValue(AttributionContext.scala:344)
	at com.databricks.logging.AttributionContextTracing.withAttributionContext(AttributionContextTracing.scala:78)
	at com.databricks.logging.AttributionContextTracing.withAttributionContext$(AttributionContextTracing.scala:75)
	at com.databricks.spark.util.PublicDBLogging.withAttributionContext(DatabricksSparkUsageLogger.scala:29)
	at com.databricks.logging.AttributionContextTracing.withAttributionTags(AttributionContextTracing.scala:127)
	at com.databricks.logging.AttributionContextTracing.withAttributionTags$(AttributionContextTracing.scala:108)
	at com.databricks.spark.util.PublicDBLogging.withAttributionTags(DatabricksSparkUsageLogger.scala:29)
	at com.databricks.spark.util.PublicDBLogging.withAttributionTags0(DatabricksSparkUsageLogger.scala:108)
	at com.databricks.spark.util.DatabricksSparkUsageLogger.withAttributionTags(DatabricksSparkUsageLogger.scala:216)
	at com.databricks.spark.util.UsageLogging.$anonfun$withAttributionTags$1(UsageLogger.scala:668)
	at com.databricks.spark.util.UsageLogging$.withAttributionTags(UsageLogger.scala:780)
	at com.databricks.spark.util.UsageLogging$.withAttributionTags(UsageLogger.scala:789)
	at com.databricks.spark.util.UsageLogging.withAttributionTags(UsageLogger.scala:668)
	at com.databricks.spark.util.UsageLogging.withAttributionTags$(UsageLogger.scala:666)
	at org.apache.spark.sql.hive.thriftserver.SparkExecuteStatementOperation.withAttributionTags(SparkExecuteStatementOperation.scala:76)
	at org.apache.spark.sql.hive.thriftserver.ThriftLocalProperties.$anonfun$withLocalProperties$12(ThriftLocalProperties.scala:233)
	at com.databricks.spark.util.IdentityClaim$.withClaim(IdentityClaim.scala:48)
	at org.apache.spark.sql.hive.thriftserver.ThriftLocalProperties.withLocalProperties(ThriftLocalProperties.scala:229)
	at org.apache.spark.sql.hive.thriftserver.ThriftLocalProperties.withLocalProperties$(ThriftLocalProperties.scala:89)
	at org.apache.spark.sql.hive.thriftserver.SparkExecuteStatementOperation.withLocalProperties(SparkExecuteStatementOperation.scala:76)
	at org.apache.spark.sql.hive.thriftserver.SparkExecuteStatementOperation$$anon$2$$anon$3.run(SparkExecuteStatementOperation.scala:555)
	at org.apache.spark.sql.hive.thriftserver.SparkExecuteStatementOperation$$anon$2$$anon$3.run(SparkExecuteStatementOperation.scala:541)
	at java.base/java.security.AccessController.doPrivileged(AccessController.java:712)
	at java.base/javax.security.auth.Subject.doAs(Subject.java:439)
	at org.apache.hadoop.security.UserGroupInformation.doAs(UserGroupInformation.java:1953)
	at org.apache.spark.sql.hive.thriftserver.SparkExecuteStatementOperation$$anon$2.run(SparkExecuteStatementOperation.scala:591)
	at java.base/java.util.concurrent.Executors$RunnableAdapter.call(Executors.java:539)
	at java.base/java.util.concurrent.FutureTask.run(FutureTask.java:264)
	at java.base/java.util.concurrent.ThreadPoolExecutor.runWorker(ThreadPoolExecutor.java:1136)
	at java.base/java.util.concurrent.ThreadPoolExecutor$Worker.run(ThreadPoolExecutor.java:635)
	at java.base/java.lang.Thread.run(Thread.java:840)
Caused by: com.databricks.sql.managedcatalog.acl.UnauthorizedAccessException: PERMISSION_DENIED: User does not have CREATE SCHEMA on Catalog 'samples'.
	at com.databricks.sql.managedcatalog.client.ErrorDetailsHandlerImpl.wrapServiceException(ErrorDetailsHandler.scala:119)
	at com.databricks.sql.managedcatalog.client.ErrorDetailsHandlerImpl.wrapServiceException$(ErrorDetailsHandler.scala:88)
	at com.databricks.managedcatalog.ManagedCatalogClientImpl.wrapServiceException(ManagedCatalogClientImpl.scala:44)
	at com.databricks.sql.managedcatalog.client.ManagedCatalogClientImpl.recordAndWrapExceptionBase(ManagedCatalogClientImpl.scala:7975)
	at com.databricks.sql.managedcatalog.client.ManagedCatalogClientImpl.recordAndWrapException(ManagedCatalogClientImpl.scala:7959)
	at com.databricks.sql.managedcatalog.client.ManagedCatalogClientImpl.createSchemaProto(ManagedCatalogClientImpl.scala:1001)
	at com.databricks.sql.managedcatalog.client.ManagedCatalogClientImpl.$anonfun$createSchema$3(ManagedCatalogClientImpl.scala:989)
	at com.databricks.sql.managedcatalog.client.ManagedCatalogClientImpl.$anonfun$recordAndWrapExceptionBase$2(ManagedCatalogClientImpl.scala:7997)
	at com.databricks.spark.util.FrameProfiler$.$anonfun$record$1(FrameProfiler.scala:114)
	at com.databricks.spark.util.FrameProfilerExporter$.maybeExportFrameProfiler(FrameProfilerExporter.scala:145)
	at com.databricks.spark.util.FrameProfiler$.record(FrameProfiler.scala:105)
	at com.databricks.sql.managedcatalog.client.ManagedCatalogClientImpl.$anonfun$recordAndWrapExceptionBase$1(ManagedCatalogClientImpl.scala:7996)
	at com.databricks.sql.managedcatalog.client.ErrorDetailsHandlerImpl.wrapServiceException(ErrorDetailsHandler.scala:96)
	at com.databricks.sql.managedcatalog.client.ErrorDetailsHandlerImpl.wrapServiceException$(ErrorDetailsHandler.scala:88)
	at com.databricks.managedcatalog.ManagedCatalogClientImpl.wrapServiceException(ManagedCatalogClientImpl.scala:44)
	at com.databricks.sql.managedcatalog.client.ManagedCatalogClientImpl.recordAndWrapExceptionBase(ManagedCatalogClientImpl.scala:7975)
	at com.databricks.sql.managedcatalog.client.ManagedCatalogClientImpl.recordAndWrapException(ManagedCatalogClientImpl.scala:7959)
	at com.databricks.sql.managedcatalog.client.ManagedCatalogClientImpl.createSchema(ManagedCatalogClientImpl.scala:979)
	at com.databricks.sql.managedcatalog.ManagedCatalogCommon.createSchemaInUnityCatalog(ManagedCatalogCommon.scala:655)
	at com.databricks.sql.managedcatalog.ManagedCatalogCommon.$anonfun$createSchema$1(ManagedCatalogCommon.scala:567)
	at com.databricks.sql.managedcatalog.ManagedCatalogCommon.withSchemaCacheInvalidated(ManagedCatalogCommon.scala:1013)
	at com.databricks.sql.managedcatalog.ManagedCatalogCommon.withSchemaCacheInvalidated(ManagedCatalogCommon.scala:1005)
	at com.databricks.sql.managedcatalog.ManagedCatalogCommon.createSchema(ManagedCatalogCommon.scala:559)
	at com.databricks.sql.managedcatalog.ProfiledManagedCatalog.$anonfun$createSchema$1(ProfiledManagedCatalog.scala:148)
	at scala.runtime.java8.JFunction0$mcV$sp.apply(JFunction0$mcV$sp.scala:18)
	at org.apache.spark.sql.catalyst.MetricKeyUtils$.measure(MetricKey.scala:2144)
	at com.databricks.sql.managedcatalog.ProfiledManagedCatalog.$anonfun$profile$1(ProfiledManagedCatalog.scala:74)
	at com.databricks.spark.util.FrameProfiler$.$anonfun$record$1(FrameProfiler.scala:114)
	at com.databricks.spark.util.FrameProfilerExporter$.maybeExportFrameProfiler(FrameProfilerExporter.scala:145)
	at com.databricks.spark.util.FrameProfiler$.record(FrameProfiler.scala:105)
	at com.databricks.sql.managedcatalog.ProfiledManagedCatalog.profile(ProfiledManagedCatalog.scala:73)
	at com.databricks.sql.managedcatalog.ProfiledManagedCatalog.createSchema(ProfiledManagedCatalog.scala:148)
	at com.databricks.sql.managedcatalog.ManagedCatalogSessionCatalog.createDatabase(ManagedCatalogSessionCatalog.scala:948)
	at com.databricks.sql.managedcatalog.UnityCatalogV2Proxy.$anonfun$createNamespace$1(UnityCatalogV2Proxy.scala:182)
	at com.databricks.sql.managedcatalog.UnityCatalogV2Proxy.$anonfun$createNamespace$1$adapted(UnityCatalogV2Proxy.scala:168)
	at com.databricks.sql.managedcatalog.UnityCatalogV2Proxy.assertSingleNamespace(UnityCatalogV2Proxy.scala:131)
	at com.databricks.sql.managedcatalog.UnityCatalogV2Proxy.createNamespace(UnityCatalogV2Proxy.scala:168)
	at org.apache.spark.sql.execution.datasources.v2.CreateNamespaceExec.run(CreateNamespaceExec.scala:49)
	at org.apache.spark.sql.execution.datasources.v2.V2CommandExec.$anonfun$result$2(V2CommandExec.scala:48)
	at org.apache.spark.sql.execution.SparkPlan.runCommandInAetherOrSpark(SparkPlan.scala:195)
	at org.apache.spark.sql.execution.datasources.v2.V2CommandExec.$anonfun$result$1(V2CommandExec.scala:48)
	at com.databricks.spark.util.FrameProfiler$.$anonfun$record$1(FrameProfiler.scala:114)
	at com.databricks.spark.util.FrameProfilerExporter$.maybeExportFrameProfiler(FrameProfilerExporter.scala:198)
	at com.databricks.spark.util.FrameProfiler$.record(FrameProfiler.scala:105)
	at org.apache.spark.sql.execution.datasources.v2.V2CommandExec.result$lzycompute(V2CommandExec.scala:47)
	at org.apache.spark.sql.execution.datasources.v2.V2CommandExec.result(V2CommandExec.scala:45)
	at org.apache.spark.sql.execution.datasources.v2.V2CommandExec.executeCollect(V2CommandExec.scala:56)
	at org.apache.spark.sql.execution.QueryExecution.$anonfun$eagerlyExecuteCommands$5(QueryExecution.scala:596)
	at com.databricks.util.LexicalThreadLocal$Handle.runWith(LexicalThreadLocal.scala:63)
	at org.apache.spark.sql.execution.QueryExecution.$anonfun$eagerlyExecuteCommands$4(QueryExecution.scala:596)
	at org.apache.spark.sql.catalyst.QueryPlanningTracker$.withTracker(QueryPlanningTracker.scala:265)
	at org.apache.spark.sql.execution.QueryExecution.$anonfun$eagerlyExecuteCommands$3(QueryExecution.scala:595)
	at org.apache.spark.sql.execution.SQLExecution$.$anonfun$withNewExecutionId0$18(SQLExecution.scala:600)
	at com.databricks.sql.util.MemoryTrackerHelper.withMemoryTracking(MemoryTrackerHelper.scala:111)
	at org.apache.spark.sql.execution.SQLExecution$.$anonfun$withNewExecutionId0$16(SQLExecution.scala:513)
	at org.apache.spark.sql.execution.SQLExecution$.withSessionTagsApplied(SQLExecution.scala:932)
	at org.apache.spark.sql.execution.SQLExecution$.$anonfun$withNewExecutionId0$15(SQLExecution.scala:434)
	at org.apache.spark.JobArtifactSet$.withActiveJobArtifactState(JobArtifactSet.scala:97)
	at org.apache.spark.sql.artifact.ArtifactManager.$anonfun$withResources$1(ArtifactManager.scala:124)
	at org.apache.spark.sql.artifact.ArtifactManager.withClassLoaderIfNeeded(ArtifactManager.scala:118)
	at org.apache.spark.sql.artifact.ArtifactManager.withResources(ArtifactManager.scala:123)
	at org.apache.spark.sql.execution.SQLExecution$.$anonfun$withNewExecutionId0$14(SQLExecution.scala:434)
	at org.apache.spark.sql.execution.SQLExecution$.withSQLConfPropagated(SQLExecution.scala:967)
	at org.apache.spark.sql.execution.SQLExecution$.$anonfun$withNewExecutionId0$1(SQLExecution.scala:433)
	at org.apache.spark.sql.SparkSession.withActive(SparkSession.scala:860)
	at org.apache.spark.sql.execution.SQLExecution$.withNewExecutionId0(SQLExecution.scala:255)
	at org.apache.spark.sql.execution.SQLExecution$.withNewExecutionId(SQLExecution.scala:885)
	at org.apache.spark.sql.execution.QueryExecution.$anonfun$eagerlyExecuteCommands$2(QueryExecution.scala:591)
	at org.apache.spark.sql.execution.QueryExecution$.withInternalError(QueryExecution.scala:1607)
	at org.apache.spark.sql.execution.QueryExecution.$anonfun$eagerlyExecuteCommands$1(QueryExecution.scala:587)
	at org.apache.spark.sql.execution.QueryExecution.withMVTagsIfNecessary(QueryExecution.scala:528)
	at org.apache.spark.sql.execution.QueryExecution.org$apache$spark$sql$execution$QueryExecution$$eagerlyExecute$1(QueryExecution.scala:585)
	at org.apache.spark.sql.execution.QueryExecution$$anonfun$$nestedInanonfun$eagerlyExecuteCommands$8$1.applyOrElse(QueryExecution.scala:702)
	at org.apache.spark.sql.execution.QueryExecution$$anonfun$$nestedInanonfun$eagerlyExecuteCommands$8$1.applyOrElse(QueryExecution.scala:694)
	at org.apache.spark.sql.catalyst.trees.TreeNode.$anonfun$transformDownWithPruning$1(TreeNode.scala:543)
	at org.apache.spark.sql.catalyst.trees.CurrentOrigin$.withOrigin(origin.scala:121)
	at org.apache.spark.sql.catalyst.trees.TreeNode.transformDownWithPruning(TreeNode.scala:543)
	at org.apache.spark.sql.catalyst.plans.logical.LogicalPlan.org$apache$spark$sql$catalyst$plans$logical$AnalysisHelper$$super$transformDownWithPruning(LogicalPlan.scala:45)
	at org.apache.spark.sql.catalyst.plans.logical.AnalysisHelper.transformDownWithPruning(AnalysisHelper.scala:361)
	at org.apache.spark.sql.catalyst.plans.logical.AnalysisHelper.transformDownWithPruning$(AnalysisHelper.scala:357)
	at org.apache.spark.sql.catalyst.plans.logical.LogicalPlan.transformDownWithPruning(LogicalPlan.scala:45)
	at org.apache.spark.sql.catalyst.plans.logical.LogicalPlan.transformDownWithPruning(LogicalPlan.scala:45)
	at org.apache.spark.sql.catalyst.trees.TreeNode.transformDown(TreeNode.scala:519)
	at org.apache.spark.sql.execution.QueryExecution.$anonfun$eagerlyExecuteCommands$8(QueryExecution.scala:694)
	at org.apache.spark.sql.catalyst.plans.logical.AnalysisHelper$.allowInvokingTransformsInAnalyzer(AnalysisHelper.scala:418)
	at org.apache.spark.sql.execution.QueryExecution.eagerlyExecuteCommands(QueryExecution.scala:694)
	at org.apache.spark.sql.execution.QueryExecution.$anonfun$lazyCommandExecuted$1(QueryExecution.scala:484)
	at scala.util.Try$.apply(Try.scala:217)
	at org.apache.spark.util.Utils$.doTryWithCallerStacktrace(Utils.scala:1684)
	at org.apache.spark.util.Utils$.getTryWithCallerStacktrace(Utils.scala:1745)
	at org.apache.spark.util.LazyTry.get(LazyTry.scala:75)
	at org.apache.spark.sql.execution.QueryExecution.commandExecuted(QueryExecution.scala:489)
	at org.apache.spark.sql.classic.Dataset.<init>(Dataset.scala:431)
	at org.apache.spark.sql.classic.Dataset.<init>(Dataset.scala:411)
	at org.apache.spark.sql.hive.thriftserver.SparkExecuteStatementOperation.getOrCreateDF(SparkExecuteStatementOperation.scala:674)
	at org.apache.spark.sql.hive.thriftserver.SparkExecuteStatementOperation.analyzeQuery(SparkExecuteStatementOperation.scala:701)
	at org.apache.spark.sql.hive.thriftserver.SparkExecuteStatementOperation.$anonfun$execute$5(SparkExecuteStatementOperation.scala:847)
	at org.apache.spark.util.Utils$.timeTakenMs(Utils.scala:583)
	at org.apache.spark.sql.hive.thriftserver.SparkExecuteStatementOperation.$anonfun$execute$1(SparkExecuteStatementOperation.scala:847)
	... 53 more
	Suppressed: org.apache.spark.util.Utils$OriginalTryStackTraceException: Full stacktrace of original doTryWithCallerStacktrace caller
		at com.databricks.sql.managedcatalog.client.ErrorDetailsHandlerImpl.wrapServiceException(ErrorDetailsHandler.scala:119)
		at com.databricks.sql.managedcatalog.client.ErrorDetailsHandlerImpl.wrapServiceException$(ErrorDetailsHandler.scala:88)
		at com.databricks.managedcatalog.ManagedCatalogClientImpl.wrapServiceException(ManagedCatalogClientImpl.scala:44)
		at com.databricks.sql.managedcatalog.client.ManagedCatalogClientImpl.recordAndWrapExceptionBase(ManagedCatalogClientImpl.scala:7975)
		at com.databricks.sql.managedcatalog.client.ManagedCatalogClientImpl.recordAndWrapException(ManagedCatalogClientImpl.scala:7959)
		at com.databricks.sql.managedcatalog.client.ManagedCatalogClientImpl.createSchemaProto(ManagedCatalogClientImpl.scala:1001)
		at com.databricks.sql.managedcatalog.client.ManagedCatalogClientImpl.$anonfun$createSchema$3(ManagedCatalogClientImpl.scala:989)
		at com.databricks.sql.managedcatalog.client.ManagedCatalogClientImpl.$anonfun$recordAndWrapExceptionBase$2(ManagedCatalogClientImpl.scala:7997)
		at com.databricks.spark.util.FrameProfiler$.$anonfun$record$1(FrameProfiler.scala:114)
		at com.databricks.spark.util.FrameProfilerExporter$.maybeExportFrameProfiler(FrameProfilerExporter.scala:145)
		at com.databricks.spark.util.FrameProfiler$.record(FrameProfiler.scala:105)
		at com.databricks.sql.managedcatalog.client.ManagedCatalogClientImpl.$anonfun$recordAndWrapExceptionBase$1(ManagedCatalogClientImpl.scala:7996)
		at com.databricks.sql.managedcatalog.client.ErrorDetailsHandlerImpl.wrapServiceException(ErrorDetailsHandler.scala:96)
		at com.databricks.sql.managedcatalog.client.ErrorDetailsHandlerImpl.wrapServiceException$(ErrorDetailsHandler.scala:88)
		at com.databricks.managedcatalog.ManagedCatalogClientImpl.wrapServiceException(ManagedCatalogClientImpl.scala:44)
		at com.databricks.sql.managedcatalog.client.ManagedCatalogClientImpl.recordAndWrapExceptionBase(ManagedCatalogClientImpl.scala:7975)
		at com.databricks.sql.managedcatalog.client.ManagedCatalogClientImpl.recordAndWrapException(ManagedCatalogClientImpl.scala:7959)
		at com.databricks.sql.managedcatalog.client.ManagedCatalogClientImpl.createSchema(ManagedCatalogClientImpl.scala:979)
		at com.databricks.sql.managedcatalog.ManagedCatalogCommon.createSchemaInUnityCatalog(ManagedCatalogCommon.scala:655)
		at com.databricks.sql.managedcatalog.ManagedCatalogCommon.$anonfun$createSchema$1(ManagedCatalogCommon.scala:567)
		at com.databricks.sql.managedcatalog.ManagedCatalogCommon.withSchemaCacheInvalidated(ManagedCatalogCommon.scala:1013)
		at com.databricks.sql.managedcatalog.ManagedCatalogCommon.withSchemaCacheInvalidated(ManagedCatalogCommon.scala:1005)
		at com.databricks.sql.managedcatalog.ManagedCatalogCommon.createSchema(ManagedCatalogCommon.scala:559)
		at com.databricks.sql.managedcatalog.ProfiledManagedCatalog.$anonfun$createSchema$1(ProfiledManagedCatalog.scala:148)
		at scala.runtime.java8.JFunction0$mcV$sp.apply(JFunction0$mcV$sp.scala:18)
		at org.apache.spark.sql.catalyst.MetricKeyUtils$.measure(MetricKey.scala:2144)
		at com.databricks.sql.managedcatalog.ProfiledManagedCatalog.$anonfun$profile$1(ProfiledManagedCatalog.scala:74)
		at com.databricks.spark.util.FrameProfiler$.$anonfun$record$1(FrameProfiler.scala:114)
		at com.databricks.spark.util.FrameProfilerExporter$.maybeExportFrameProfiler(FrameProfilerExporter.scala:145)
		at com.databricks.spark.util.FrameProfiler$.record(FrameProfiler.scala:105)
		at com.databricks.sql.managedcatalog.ProfiledManagedCatalog.profile(ProfiledManagedCatalog.scala:73)
		at com.databricks.sql.managedcatalog.ProfiledManagedCatalog.createSchema(ProfiledManagedCatalog.scala:148)
		at com.databricks.sql.managedcatalog.ManagedCatalogSessionCatalog.createDatabase(ManagedCatalogSessionCatalog.scala:948)
		at com.databricks.sql.managedcatalog.UnityCatalogV2Proxy.$anonfun$createNamespace$1(UnityCatalogV2Proxy.scala:182)
		at com.databricks.sql.managedcatalog.UnityCatalogV2Proxy.$anonfun$createNamespace$1$adapted(UnityCatalogV2Proxy.scala:168)
		at com.databricks.sql.managedcatalog.UnityCatalogV2Proxy.assertSingleNamespace(UnityCatalogV2Proxy.scala:131)
		at com.databricks.sql.managedcatalog.UnityCatalogV2Proxy.createNamespace(UnityCatalogV2Proxy.scala:168)
		at org.apache.spark.sql.execution.datasources.v2.CreateNamespaceExec.run(CreateNamespaceExec.scala:49)
		at org.apache.spark.sql.execution.datasources.v2.V2CommandExec.$anonfun$result$2(V2CommandExec.scala:48)
		at org.apache.spark.sql.execution.SparkPlan.runCommandInAetherOrSpark(SparkPlan.scala:195)
		at org.apache.spark.sql.execution.datasources.v2.V2CommandExec.$anonfun$result$1(V2CommandExec.scala:48)
		at com.databricks.spark.util.FrameProfiler$.$anonfun$record$1(FrameProfiler.scala:114)
		at com.databricks.spark.util.FrameProfilerExporter$.maybeExportFrameProfiler(FrameProfilerExporter.scala:198)
		at com.databricks.spark.util.FrameProfiler$.record(FrameProfiler.scala:105)
		at org.apache.spark.sql.execution.datasources.v2.V2CommandExec.result$lzycompute(V2CommandExec.scala:47)
		at org.apache.spark.sql.execution.datasources.v2.V2CommandExec.result(V2CommandExec.scala:45)
		at org.apache.spark.sql.execution.datasources.v2.V2CommandExec.executeCollect(V2CommandExec.scala:56)
		at org.apache.spark.sql.execution.QueryExecution.$anonfun$eagerlyExecuteCommands$5(QueryExecution.scala:596)
		at com.databricks.util.LexicalThreadLocal$Handle.runWith(LexicalThreadLocal.scala:63)
		at org.apache.spark.sql.execution.QueryExecution.$anonfun$eagerlyExecuteCommands$4(QueryExecution.scala:596)
		at org.apache.spark.sql.catalyst.QueryPlanningTracker$.withTracker(QueryPlanningTracker.scala:265)
		at org.apache.spark.sql.execution.QueryExecution.$anonfun$eagerlyExecuteCommands$3(QueryExecution.scala:595)
		at org.apache.spark.sql.execution.SQLExecution$.$anonfun$withNewExecutionId0$18(SQLExecution.scala:600)
		at com.databricks.sql.util.MemoryTrackerHelper.withMemoryTracking(MemoryTrackerHelper.scala:111)
		at org.apache.spark.sql.execution.SQLExecution$.$anonfun$withNewExecutionId0$16(SQLExecution.scala:513)
		at org.apache.spark.sql.execution.SQLExecution$.withSessionTagsApplied(SQLExecution.scala:932)
		at org.apache.spark.sql.execution.SQLExecution$.$anonfun$withNewExecutionId0$15(SQLExecution.scala:434)
		at org.apache.spark.JobArtifactSet$.withActiveJobArtifactState(JobArtifactSet.scala:97)
		at org.apache.spark.sql.artifact.ArtifactManager.$anonfun$withResources$1(ArtifactManager.scala:124)
		at org.apache.spark.sql.artifact.ArtifactManager.withClassLoaderIfNeeded(ArtifactManager.scala:118)
		at org.apache.spark.sql.artifact.ArtifactManager.withResources(ArtifactManager.scala:123)
		at org.apache.spark.sql.execution.SQLExecution$.$anonfun$withNewExecutionId0$14(SQLExecution.scala:434)
		at org.apache.spark.sql.execution.SQLExecution$.withSQLConfPropagated(SQLExecution.scala:967)
		at org.apache.spark.sql.execution.SQLExecution$.$anonfun$withNewExecutionId0$1(SQLExecution.scala:433)
		at org.apache.spark.sql.SparkSession.withActive(SparkSession.scala:860)
		at org.apache.spark.sql.execution.SQLExecution$.withNewExecutionId0(SQLExecution.scala:255)
		at org.apache.spark.sql.execution.SQLExecution$.withNewExecutionId(SQLExecution.scala:885)
		at org.apache.spark.sql.execution.QueryExecution.$anonfun$eagerlyExecuteCommands$2(QueryExecution.scala:591)
		at org.apache.spark.sql.execution.QueryExecution$.withInternalError(QueryExecution.scala:1607)
		at org.apache.spark.sql.execution.QueryExecution.$anonfun$eagerlyExecuteCommands$1(QueryExecution.scala:587)
		at org.apache.spark.sql.execution.QueryExecution.withMVTagsIfNecessary(QueryExecution.scala:528)
		at org.apache.spark.sql.execution.QueryExecution.org$apache$spark$sql$execution$QueryExecution$$eagerlyExecute$1(QueryExecution.scala:585)
		at org.apache.spark.sql.execution.QueryExecution$$anonfun$$nestedInanonfun$eagerlyExecuteCommands$8$1.applyOrElse(QueryExecution.scala:702)
		at org.apache.spark.sql.execution.QueryExecution$$anonfun$$nestedInanonfun$eagerlyExecuteCommands$8$1.applyOrElse(QueryExecution.scala:694)
		at org.apache.spark.sql.catalyst.trees.TreeNode.$anonfun$transformDownWithPruning$1(TreeNode.scala:543)
		at org.apache.spark.sql.catalyst.trees.CurrentOrigin$.withOrigin(origin.scala:121)
		at org.apache.spark.sql.catalyst.trees.TreeNode.transformDownWithPruning(TreeNode.scala:543)
		at org.apache.spark.sql.catalyst.plans.logical.LogicalPlan.org$apache$spark$sql$catalyst$plans$logical$AnalysisHelper$$super$transformDownWithPruning(LogicalPlan.scala:45)
		at org.apache.spark.sql.catalyst.plans.logical.AnalysisHelper.transformDownWithPruning(AnalysisHelper.scala:361)
		at org.apache.spark.sql.catalyst.plans.logical.AnalysisHelper.transformDownWithPruning$(AnalysisHelper.scala:357)
		at org.apache.spark.sql.catalyst.plans.logical.LogicalPlan.transformDownWithPruning(LogicalPlan.scala:45)
		at org.apache.spark.sql.catalyst.plans.logical.LogicalPlan.transformDownWithPruning(LogicalPlan.scala:45)
		at org.apache.spark.sql.catalyst.trees.TreeNode.transformDown(TreeNode.scala:519)
		at org.apache.spark.sql.execution.QueryExecution.$anonfun$eagerlyExecuteCommands$8(QueryExecution.scala:694)
		at org.apache.spark.sql.catalyst.plans.logical.AnalysisHelper$.allowInvokingTransformsInAnalyzer(AnalysisHelper.scala:418)
		at org.apache.spark.sql.execution.QueryExecution.eagerlyExecuteCommands(QueryExecution.scala:694)
		at org.apache.spark.sql.execution.QueryExecution.$anonfun$lazyCommandExecuted$1(QueryExecution.scala:484)
		at scala.util.Try$.apply(Try.scala:217)
		at org.apache.spark.util.Utils$.doTryWithCallerStacktrace(Utils.scala:1684)
		at org.apache.spark.util.LazyTry.tryT$lzycompute(LazyTry.scala:60)
		at org.apache.spark.util.LazyTry.tryT(LazyTry.scala:59)
		... 62 more
, operation-id=01f0f08c-8f2b-18ac-b2fa-19e0f1e68128
[0m14:31:34.049915 [debug] [ThreadPool]: Databricks adapter: Exception while trying to execute query
macro create_schema
: Database Error
  PERMISSION_DENIED: User does not have CREATE SCHEMA on Catalog 'samples'.
[0m14:31:34.050463 [debug] [ThreadPool]: On create_samples_dbt_dev_schema_datamarts: Close
[0m14:31:34.050825 [debug] [ThreadPool]: Databricks adapter: Connection(session-id=01f0f08c-8f23-1d9c-bcb1-c93f4866a92e) - Closing
[0m14:31:34.052962 [debug] [ThreadPool]: Databricks adapter: Exception while trying to execute query
/* {"app": "dbt", "dbt_version": "1.11.2", "dbt_databricks_version": "1.11.4", "databricks_sql_connector_version": "4.1.3", "profile_name": "wanderbricks", "target_name": "dev", "connection_name": "create_samples_dbt_dev_schema_star_schema"} */
create schema if not exists `samples`.`dbt_dev_schema_star_schema`
  
: PERMISSION_DENIED: User does not have CREATE SCHEMA on Catalog 'samples'.
Error properties: diagnostic-info=org.apache.hive.service.cli.HiveSQLException: Error running query: [UNAUTHORIZED_ACCESS] com.databricks.sql.managedcatalog.acl.UnauthorizedAccessException: PERMISSION_DENIED: User does not have CREATE SCHEMA on Catalog 'samples'.
	at org.apache.spark.sql.hive.thriftserver.HiveThriftServerErrors$.runningQueryError(HiveThriftServerErrors.scala:49)
	at org.apache.spark.sql.hive.thriftserver.SparkExecuteStatementOperation.$anonfun$execute$1(SparkExecuteStatementOperation.scala:1050)
	at scala.runtime.java8.JFunction0$mcV$sp.apply(JFunction0$mcV$sp.scala:18)
	at com.databricks.unity.UCSEphemeralState$Handle.runWith(UCSEphemeralState.scala:51)
	at com.databricks.unity.HandleImpl.runWith(UCSHandle.scala:104)
	at org.apache.spark.sql.hive.thriftserver.SparkExecuteStatementOperation.org$apache$spark$sql$hive$thriftserver$SparkExecuteStatementOperation$$execute(SparkExecuteStatementOperation.scala:787)
	at org.apache.spark.sql.hive.thriftserver.SparkExecuteStatementOperation$$anon$2$$anon$3.$anonfun$run$5(SparkExecuteStatementOperation.scala:578)
	at scala.runtime.java8.JFunction0$mcV$sp.apply(JFunction0$mcV$sp.scala:18)
	at org.apache.spark.sql.execution.SQLExecution$.withRootExecution(SQLExecution.scala:869)
	at org.apache.spark.sql.hive.thriftserver.SparkExecuteStatementOperation$$anon$2$$anon$3.$anonfun$run$2(SparkExecuteStatementOperation.scala:578)
	at scala.runtime.java8.JFunction0$mcV$sp.apply(JFunction0$mcV$sp.scala:18)
	at com.databricks.logging.AttributionContextTracing.$anonfun$withAttributionContext$1(AttributionContextTracing.scala:80)
	at com.databricks.logging.AttributionContext$.$anonfun$withValue$1(AttributionContext.scala:348)
	at scala.util.DynamicVariable.withValue(DynamicVariable.scala:59)
	at com.databricks.logging.AttributionContext$.withValue(AttributionContext.scala:344)
	at com.databricks.logging.AttributionContextTracing.withAttributionContext(AttributionContextTracing.scala:78)
	at com.databricks.logging.AttributionContextTracing.withAttributionContext$(AttributionContextTracing.scala:75)
	at com.databricks.spark.util.DatabricksTracingHelper.withAttributionContext(DatabricksSparkTracingHelper.scala:62)
	at com.databricks.spark.util.DatabricksTracingHelper.withSpanFromRequest(DatabricksSparkTracingHelper.scala:89)
	at com.databricks.spark.util.DBRTracing$.withSpanFromRequest(DBRTracing.scala:43)
	at org.apache.spark.sql.hive.thriftserver.ThriftLocalProperties.$anonfun$withLocalProperties$15(ThriftLocalProperties.scala:238)
	at com.databricks.logging.AttributionContextTracing.$anonfun$withAttributionContext$1(AttributionContextTracing.scala:80)
	at com.databricks.logging.AttributionContext$.$anonfun$withValue$1(AttributionContext.scala:348)
	at scala.util.DynamicVariable.withValue(DynamicVariable.scala:59)
	at com.databricks.logging.AttributionContext$.withValue(AttributionContext.scala:344)
	at com.databricks.logging.AttributionContextTracing.withAttributionContext(AttributionContextTracing.scala:78)
	at com.databricks.logging.AttributionContextTracing.withAttributionContext$(AttributionContextTracing.scala:75)
	at com.databricks.spark.util.PublicDBLogging.withAttributionContext(DatabricksSparkUsageLogger.scala:29)
	at com.databricks.logging.AttributionContextTracing.withAttributionTags(AttributionContextTracing.scala:127)
	at com.databricks.logging.AttributionContextTracing.withAttributionTags$(AttributionContextTracing.scala:108)
	at com.databricks.spark.util.PublicDBLogging.withAttributionTags(DatabricksSparkUsageLogger.scala:29)
	at com.databricks.spark.util.PublicDBLogging.withAttributionTags0(DatabricksSparkUsageLogger.scala:108)
	at com.databricks.spark.util.DatabricksSparkUsageLogger.withAttributionTags(DatabricksSparkUsageLogger.scala:216)
	at com.databricks.spark.util.UsageLogging.$anonfun$withAttributionTags$1(UsageLogger.scala:668)
	at com.databricks.spark.util.UsageLogging$.withAttributionTags(UsageLogger.scala:780)
	at com.databricks.spark.util.UsageLogging$.withAttributionTags(UsageLogger.scala:789)
	at com.databricks.spark.util.UsageLogging.withAttributionTags(UsageLogger.scala:668)
	at com.databricks.spark.util.UsageLogging.withAttributionTags$(UsageLogger.scala:666)
	at org.apache.spark.sql.hive.thriftserver.SparkExecuteStatementOperation.withAttributionTags(SparkExecuteStatementOperation.scala:76)
	at org.apache.spark.sql.hive.thriftserver.ThriftLocalProperties.$anonfun$withLocalProperties$12(ThriftLocalProperties.scala:233)
	at com.databricks.spark.util.IdentityClaim$.withClaim(IdentityClaim.scala:48)
	at org.apache.spark.sql.hive.thriftserver.ThriftLocalProperties.withLocalProperties(ThriftLocalProperties.scala:229)
	at org.apache.spark.sql.hive.thriftserver.ThriftLocalProperties.withLocalProperties$(ThriftLocalProperties.scala:89)
	at org.apache.spark.sql.hive.thriftserver.SparkExecuteStatementOperation.withLocalProperties(SparkExecuteStatementOperation.scala:76)
	at org.apache.spark.sql.hive.thriftserver.SparkExecuteStatementOperation$$anon$2$$anon$3.run(SparkExecuteStatementOperation.scala:555)
	at org.apache.spark.sql.hive.thriftserver.SparkExecuteStatementOperation$$anon$2$$anon$3.run(SparkExecuteStatementOperation.scala:541)
	at java.base/java.security.AccessController.doPrivileged(AccessController.java:712)
	at java.base/javax.security.auth.Subject.doAs(Subject.java:439)
	at org.apache.hadoop.security.UserGroupInformation.doAs(UserGroupInformation.java:1953)
	at org.apache.spark.sql.hive.thriftserver.SparkExecuteStatementOperation$$anon$2.run(SparkExecuteStatementOperation.scala:591)
	at java.base/java.util.concurrent.Executors$RunnableAdapter.call(Executors.java:539)
	at java.base/java.util.concurrent.FutureTask.run(FutureTask.java:264)
	at java.base/java.util.concurrent.ThreadPoolExecutor.runWorker(ThreadPoolExecutor.java:1136)
	at java.base/java.util.concurrent.ThreadPoolExecutor$Worker.run(ThreadPoolExecutor.java:635)
	at java.base/java.lang.Thread.run(Thread.java:840)
Caused by: com.databricks.sql.managedcatalog.acl.UnauthorizedAccessException: PERMISSION_DENIED: User does not have CREATE SCHEMA on Catalog 'samples'.
	at com.databricks.sql.managedcatalog.client.ErrorDetailsHandlerImpl.wrapServiceException(ErrorDetailsHandler.scala:119)
	at com.databricks.sql.managedcatalog.client.ErrorDetailsHandlerImpl.wrapServiceException$(ErrorDetailsHandler.scala:88)
	at com.databricks.managedcatalog.ManagedCatalogClientImpl.wrapServiceException(ManagedCatalogClientImpl.scala:44)
	at com.databricks.sql.managedcatalog.client.ManagedCatalogClientImpl.recordAndWrapExceptionBase(ManagedCatalogClientImpl.scala:7975)
	at com.databricks.sql.managedcatalog.client.ManagedCatalogClientImpl.recordAndWrapException(ManagedCatalogClientImpl.scala:7959)
	at com.databricks.sql.managedcatalog.client.ManagedCatalogClientImpl.createSchemaProto(ManagedCatalogClientImpl.scala:1001)
	at com.databricks.sql.managedcatalog.client.ManagedCatalogClientImpl.$anonfun$createSchema$3(ManagedCatalogClientImpl.scala:989)
	at com.databricks.sql.managedcatalog.client.ManagedCatalogClientImpl.$anonfun$recordAndWrapExceptionBase$2(ManagedCatalogClientImpl.scala:7997)
	at com.databricks.spark.util.FrameProfiler$.$anonfun$record$1(FrameProfiler.scala:114)
	at com.databricks.spark.util.FrameProfilerExporter$.maybeExportFrameProfiler(FrameProfilerExporter.scala:145)
	at com.databricks.spark.util.FrameProfiler$.record(FrameProfiler.scala:105)
	at com.databricks.sql.managedcatalog.client.ManagedCatalogClientImpl.$anonfun$recordAndWrapExceptionBase$1(ManagedCatalogClientImpl.scala:7996)
	at com.databricks.sql.managedcatalog.client.ErrorDetailsHandlerImpl.wrapServiceException(ErrorDetailsHandler.scala:96)
	at com.databricks.sql.managedcatalog.client.ErrorDetailsHandlerImpl.wrapServiceException$(ErrorDetailsHandler.scala:88)
	at com.databricks.managedcatalog.ManagedCatalogClientImpl.wrapServiceException(ManagedCatalogClientImpl.scala:44)
	at com.databricks.sql.managedcatalog.client.ManagedCatalogClientImpl.recordAndWrapExceptionBase(ManagedCatalogClientImpl.scala:7975)
	at com.databricks.sql.managedcatalog.client.ManagedCatalogClientImpl.recordAndWrapException(ManagedCatalogClientImpl.scala:7959)
	at com.databricks.sql.managedcatalog.client.ManagedCatalogClientImpl.createSchema(ManagedCatalogClientImpl.scala:979)
	at com.databricks.sql.managedcatalog.ManagedCatalogCommon.createSchemaInUnityCatalog(ManagedCatalogCommon.scala:655)
	at com.databricks.sql.managedcatalog.ManagedCatalogCommon.$anonfun$createSchema$1(ManagedCatalogCommon.scala:567)
	at com.databricks.sql.managedcatalog.ManagedCatalogCommon.withSchemaCacheInvalidated(ManagedCatalogCommon.scala:1013)
	at com.databricks.sql.managedcatalog.ManagedCatalogCommon.withSchemaCacheInvalidated(ManagedCatalogCommon.scala:1005)
	at com.databricks.sql.managedcatalog.ManagedCatalogCommon.createSchema(ManagedCatalogCommon.scala:559)
	at com.databricks.sql.managedcatalog.ProfiledManagedCatalog.$anonfun$createSchema$1(ProfiledManagedCatalog.scala:148)
	at scala.runtime.java8.JFunction0$mcV$sp.apply(JFunction0$mcV$sp.scala:18)
	at org.apache.spark.sql.catalyst.MetricKeyUtils$.measure(MetricKey.scala:2144)
	at com.databricks.sql.managedcatalog.ProfiledManagedCatalog.$anonfun$profile$1(ProfiledManagedCatalog.scala:74)
	at com.databricks.spark.util.FrameProfiler$.$anonfun$record$1(FrameProfiler.scala:114)
	at com.databricks.spark.util.FrameProfilerExporter$.maybeExportFrameProfiler(FrameProfilerExporter.scala:145)
	at com.databricks.spark.util.FrameProfiler$.record(FrameProfiler.scala:105)
	at com.databricks.sql.managedcatalog.ProfiledManagedCatalog.profile(ProfiledManagedCatalog.scala:73)
	at com.databricks.sql.managedcatalog.ProfiledManagedCatalog.createSchema(ProfiledManagedCatalog.scala:148)
	at com.databricks.sql.managedcatalog.ManagedCatalogSessionCatalog.createDatabase(ManagedCatalogSessionCatalog.scala:948)
	at com.databricks.sql.managedcatalog.UnityCatalogV2Proxy.$anonfun$createNamespace$1(UnityCatalogV2Proxy.scala:182)
	at com.databricks.sql.managedcatalog.UnityCatalogV2Proxy.$anonfun$createNamespace$1$adapted(UnityCatalogV2Proxy.scala:168)
	at com.databricks.sql.managedcatalog.UnityCatalogV2Proxy.assertSingleNamespace(UnityCatalogV2Proxy.scala:131)
	at com.databricks.sql.managedcatalog.UnityCatalogV2Proxy.createNamespace(UnityCatalogV2Proxy.scala:168)
	at org.apache.spark.sql.execution.datasources.v2.CreateNamespaceExec.run(CreateNamespaceExec.scala:49)
	at org.apache.spark.sql.execution.datasources.v2.V2CommandExec.$anonfun$result$2(V2CommandExec.scala:48)
	at org.apache.spark.sql.execution.SparkPlan.runCommandInAetherOrSpark(SparkPlan.scala:195)
	at org.apache.spark.sql.execution.datasources.v2.V2CommandExec.$anonfun$result$1(V2CommandExec.scala:48)
	at com.databricks.spark.util.FrameProfiler$.$anonfun$record$1(FrameProfiler.scala:114)
	at com.databricks.spark.util.FrameProfilerExporter$.maybeExportFrameProfiler(FrameProfilerExporter.scala:198)
	at com.databricks.spark.util.FrameProfiler$.record(FrameProfiler.scala:105)
	at org.apache.spark.sql.execution.datasources.v2.V2CommandExec.result$lzycompute(V2CommandExec.scala:47)
	at org.apache.spark.sql.execution.datasources.v2.V2CommandExec.result(V2CommandExec.scala:45)
	at org.apache.spark.sql.execution.datasources.v2.V2CommandExec.executeCollect(V2CommandExec.scala:56)
	at org.apache.spark.sql.execution.QueryExecution.$anonfun$eagerlyExecuteCommands$5(QueryExecution.scala:596)
	at com.databricks.util.LexicalThreadLocal$Handle.runWith(LexicalThreadLocal.scala:63)
	at org.apache.spark.sql.execution.QueryExecution.$anonfun$eagerlyExecuteCommands$4(QueryExecution.scala:596)
	at org.apache.spark.sql.catalyst.QueryPlanningTracker$.withTracker(QueryPlanningTracker.scala:265)
	at org.apache.spark.sql.execution.QueryExecution.$anonfun$eagerlyExecuteCommands$3(QueryExecution.scala:595)
	at org.apache.spark.sql.execution.SQLExecution$.$anonfun$withNewExecutionId0$18(SQLExecution.scala:600)
	at com.databricks.sql.util.MemoryTrackerHelper.withMemoryTracking(MemoryTrackerHelper.scala:111)
	at org.apache.spark.sql.execution.SQLExecution$.$anonfun$withNewExecutionId0$16(SQLExecution.scala:513)
	at org.apache.spark.sql.execution.SQLExecution$.withSessionTagsApplied(SQLExecution.scala:932)
	at org.apache.spark.sql.execution.SQLExecution$.$anonfun$withNewExecutionId0$15(SQLExecution.scala:434)
	at org.apache.spark.JobArtifactSet$.withActiveJobArtifactState(JobArtifactSet.scala:97)
	at org.apache.spark.sql.artifact.ArtifactManager.$anonfun$withResources$1(ArtifactManager.scala:124)
	at org.apache.spark.sql.artifact.ArtifactManager.withClassLoaderIfNeeded(ArtifactManager.scala:118)
	at org.apache.spark.sql.artifact.ArtifactManager.withResources(ArtifactManager.scala:123)
	at org.apache.spark.sql.execution.SQLExecution$.$anonfun$withNewExecutionId0$14(SQLExecution.scala:434)
	at org.apache.spark.sql.execution.SQLExecution$.withSQLConfPropagated(SQLExecution.scala:967)
	at org.apache.spark.sql.execution.SQLExecution$.$anonfun$withNewExecutionId0$1(SQLExecution.scala:433)
	at org.apache.spark.sql.SparkSession.withActive(SparkSession.scala:860)
	at org.apache.spark.sql.execution.SQLExecution$.withNewExecutionId0(SQLExecution.scala:255)
	at org.apache.spark.sql.execution.SQLExecution$.withNewExecutionId(SQLExecution.scala:885)
	at org.apache.spark.sql.execution.QueryExecution.$anonfun$eagerlyExecuteCommands$2(QueryExecution.scala:591)
	at org.apache.spark.sql.execution.QueryExecution$.withInternalError(QueryExecution.scala:1607)
	at org.apache.spark.sql.execution.QueryExecution.$anonfun$eagerlyExecuteCommands$1(QueryExecution.scala:587)
	at org.apache.spark.sql.execution.QueryExecution.withMVTagsIfNecessary(QueryExecution.scala:528)
	at org.apache.spark.sql.execution.QueryExecution.org$apache$spark$sql$execution$QueryExecution$$eagerlyExecute$1(QueryExecution.scala:585)
	at org.apache.spark.sql.execution.QueryExecution$$anonfun$$nestedInanonfun$eagerlyExecuteCommands$8$1.applyOrElse(QueryExecution.scala:702)
	at org.apache.spark.sql.execution.QueryExecution$$anonfun$$nestedInanonfun$eagerlyExecuteCommands$8$1.applyOrElse(QueryExecution.scala:694)
	at org.apache.spark.sql.catalyst.trees.TreeNode.$anonfun$transformDownWithPruning$1(TreeNode.scala:543)
	at org.apache.spark.sql.catalyst.trees.CurrentOrigin$.withOrigin(origin.scala:121)
	at org.apache.spark.sql.catalyst.trees.TreeNode.transformDownWithPruning(TreeNode.scala:543)
	at org.apache.spark.sql.catalyst.plans.logical.LogicalPlan.org$apache$spark$sql$catalyst$plans$logical$AnalysisHelper$$super$transformDownWithPruning(LogicalPlan.scala:45)
	at org.apache.spark.sql.catalyst.plans.logical.AnalysisHelper.transformDownWithPruning(AnalysisHelper.scala:361)
	at org.apache.spark.sql.catalyst.plans.logical.AnalysisHelper.transformDownWithPruning$(AnalysisHelper.scala:357)
	at org.apache.spark.sql.catalyst.plans.logical.LogicalPlan.transformDownWithPruning(LogicalPlan.scala:45)
	at org.apache.spark.sql.catalyst.plans.logical.LogicalPlan.transformDownWithPruning(LogicalPlan.scala:45)
	at org.apache.spark.sql.catalyst.trees.TreeNode.transformDown(TreeNode.scala:519)
	at org.apache.spark.sql.execution.QueryExecution.$anonfun$eagerlyExecuteCommands$8(QueryExecution.scala:694)
	at org.apache.spark.sql.catalyst.plans.logical.AnalysisHelper$.allowInvokingTransformsInAnalyzer(AnalysisHelper.scala:418)
	at org.apache.spark.sql.execution.QueryExecution.eagerlyExecuteCommands(QueryExecution.scala:694)
	at org.apache.spark.sql.execution.QueryExecution.$anonfun$lazyCommandExecuted$1(QueryExecution.scala:484)
	at scala.util.Try$.apply(Try.scala:217)
	at org.apache.spark.util.Utils$.doTryWithCallerStacktrace(Utils.scala:1684)
	at org.apache.spark.util.Utils$.getTryWithCallerStacktrace(Utils.scala:1745)
	at org.apache.spark.util.LazyTry.get(LazyTry.scala:75)
	at org.apache.spark.sql.execution.QueryExecution.commandExecuted(QueryExecution.scala:489)
	at org.apache.spark.sql.classic.Dataset.<init>(Dataset.scala:431)
	at org.apache.spark.sql.classic.Dataset.<init>(Dataset.scala:411)
	at org.apache.spark.sql.hive.thriftserver.SparkExecuteStatementOperation.getOrCreateDF(SparkExecuteStatementOperation.scala:674)
	at org.apache.spark.sql.hive.thriftserver.SparkExecuteStatementOperation.analyzeQuery(SparkExecuteStatementOperation.scala:701)
	at org.apache.spark.sql.hive.thriftserver.SparkExecuteStatementOperation.$anonfun$execute$5(SparkExecuteStatementOperation.scala:847)
	at org.apache.spark.util.Utils$.timeTakenMs(Utils.scala:583)
	at org.apache.spark.sql.hive.thriftserver.SparkExecuteStatementOperation.$anonfun$execute$1(SparkExecuteStatementOperation.scala:847)
	... 53 more
	Suppressed: org.apache.spark.util.Utils$OriginalTryStackTraceException: Full stacktrace of original doTryWithCallerStacktrace caller
		at com.databricks.sql.managedcatalog.client.ErrorDetailsHandlerImpl.wrapServiceException(ErrorDetailsHandler.scala:119)
		at com.databricks.sql.managedcatalog.client.ErrorDetailsHandlerImpl.wrapServiceException$(ErrorDetailsHandler.scala:88)
		at com.databricks.managedcatalog.ManagedCatalogClientImpl.wrapServiceException(ManagedCatalogClientImpl.scala:44)
		at com.databricks.sql.managedcatalog.client.ManagedCatalogClientImpl.recordAndWrapExceptionBase(ManagedCatalogClientImpl.scala:7975)
		at com.databricks.sql.managedcatalog.client.ManagedCatalogClientImpl.recordAndWrapException(ManagedCatalogClientImpl.scala:7959)
		at com.databricks.sql.managedcatalog.client.ManagedCatalogClientImpl.createSchemaProto(ManagedCatalogClientImpl.scala:1001)
		at com.databricks.sql.managedcatalog.client.ManagedCatalogClientImpl.$anonfun$createSchema$3(ManagedCatalogClientImpl.scala:989)
		at com.databricks.sql.managedcatalog.client.ManagedCatalogClientImpl.$anonfun$recordAndWrapExceptionBase$2(ManagedCatalogClientImpl.scala:7997)
		at com.databricks.spark.util.FrameProfiler$.$anonfun$record$1(FrameProfiler.scala:114)
		at com.databricks.spark.util.FrameProfilerExporter$.maybeExportFrameProfiler(FrameProfilerExporter.scala:145)
		at com.databricks.spark.util.FrameProfiler$.record(FrameProfiler.scala:105)
		at com.databricks.sql.managedcatalog.client.ManagedCatalogClientImpl.$anonfun$recordAndWrapExceptionBase$1(ManagedCatalogClientImpl.scala:7996)
		at com.databricks.sql.managedcatalog.client.ErrorDetailsHandlerImpl.wrapServiceException(ErrorDetailsHandler.scala:96)
		at com.databricks.sql.managedcatalog.client.ErrorDetailsHandlerImpl.wrapServiceException$(ErrorDetailsHandler.scala:88)
		at com.databricks.managedcatalog.ManagedCatalogClientImpl.wrapServiceException(ManagedCatalogClientImpl.scala:44)
		at com.databricks.sql.managedcatalog.client.ManagedCatalogClientImpl.recordAndWrapExceptionBase(ManagedCatalogClientImpl.scala:7975)
		at com.databricks.sql.managedcatalog.client.ManagedCatalogClientImpl.recordAndWrapException(ManagedCatalogClientImpl.scala:7959)
		at com.databricks.sql.managedcatalog.client.ManagedCatalogClientImpl.createSchema(ManagedCatalogClientImpl.scala:979)
		at com.databricks.sql.managedcatalog.ManagedCatalogCommon.createSchemaInUnityCatalog(ManagedCatalogCommon.scala:655)
		at com.databricks.sql.managedcatalog.ManagedCatalogCommon.$anonfun$createSchema$1(ManagedCatalogCommon.scala:567)
		at com.databricks.sql.managedcatalog.ManagedCatalogCommon.withSchemaCacheInvalidated(ManagedCatalogCommon.scala:1013)
		at com.databricks.sql.managedcatalog.ManagedCatalogCommon.withSchemaCacheInvalidated(ManagedCatalogCommon.scala:1005)
		at com.databricks.sql.managedcatalog.ManagedCatalogCommon.createSchema(ManagedCatalogCommon.scala:559)
		at com.databricks.sql.managedcatalog.ProfiledManagedCatalog.$anonfun$createSchema$1(ProfiledManagedCatalog.scala:148)
		at scala.runtime.java8.JFunction0$mcV$sp.apply(JFunction0$mcV$sp.scala:18)
		at org.apache.spark.sql.catalyst.MetricKeyUtils$.measure(MetricKey.scala:2144)
		at com.databricks.sql.managedcatalog.ProfiledManagedCatalog.$anonfun$profile$1(ProfiledManagedCatalog.scala:74)
		at com.databricks.spark.util.FrameProfiler$.$anonfun$record$1(FrameProfiler.scala:114)
		at com.databricks.spark.util.FrameProfilerExporter$.maybeExportFrameProfiler(FrameProfilerExporter.scala:145)
		at com.databricks.spark.util.FrameProfiler$.record(FrameProfiler.scala:105)
		at com.databricks.sql.managedcatalog.ProfiledManagedCatalog.profile(ProfiledManagedCatalog.scala:73)
		at com.databricks.sql.managedcatalog.ProfiledManagedCatalog.createSchema(ProfiledManagedCatalog.scala:148)
		at com.databricks.sql.managedcatalog.ManagedCatalogSessionCatalog.createDatabase(ManagedCatalogSessionCatalog.scala:948)
		at com.databricks.sql.managedcatalog.UnityCatalogV2Proxy.$anonfun$createNamespace$1(UnityCatalogV2Proxy.scala:182)
		at com.databricks.sql.managedcatalog.UnityCatalogV2Proxy.$anonfun$createNamespace$1$adapted(UnityCatalogV2Proxy.scala:168)
		at com.databricks.sql.managedcatalog.UnityCatalogV2Proxy.assertSingleNamespace(UnityCatalogV2Proxy.scala:131)
		at com.databricks.sql.managedcatalog.UnityCatalogV2Proxy.createNamespace(UnityCatalogV2Proxy.scala:168)
		at org.apache.spark.sql.execution.datasources.v2.CreateNamespaceExec.run(CreateNamespaceExec.scala:49)
		at org.apache.spark.sql.execution.datasources.v2.V2CommandExec.$anonfun$result$2(V2CommandExec.scala:48)
		at org.apache.spark.sql.execution.SparkPlan.runCommandInAetherOrSpark(SparkPlan.scala:195)
		at org.apache.spark.sql.execution.datasources.v2.V2CommandExec.$anonfun$result$1(V2CommandExec.scala:48)
		at com.databricks.spark.util.FrameProfiler$.$anonfun$record$1(FrameProfiler.scala:114)
		at com.databricks.spark.util.FrameProfilerExporter$.maybeExportFrameProfiler(FrameProfilerExporter.scala:198)
		at com.databricks.spark.util.FrameProfiler$.record(FrameProfiler.scala:105)
		at org.apache.spark.sql.execution.datasources.v2.V2CommandExec.result$lzycompute(V2CommandExec.scala:47)
		at org.apache.spark.sql.execution.datasources.v2.V2CommandExec.result(V2CommandExec.scala:45)
		at org.apache.spark.sql.execution.datasources.v2.V2CommandExec.executeCollect(V2CommandExec.scala:56)
		at org.apache.spark.sql.execution.QueryExecution.$anonfun$eagerlyExecuteCommands$5(QueryExecution.scala:596)
		at com.databricks.util.LexicalThreadLocal$Handle.runWith(LexicalThreadLocal.scala:63)
		at org.apache.spark.sql.execution.QueryExecution.$anonfun$eagerlyExecuteCommands$4(QueryExecution.scala:596)
		at org.apache.spark.sql.catalyst.QueryPlanningTracker$.withTracker(QueryPlanningTracker.scala:265)
		at org.apache.spark.sql.execution.QueryExecution.$anonfun$eagerlyExecuteCommands$3(QueryExecution.scala:595)
		at org.apache.spark.sql.execution.SQLExecution$.$anonfun$withNewExecutionId0$18(SQLExecution.scala:600)
		at com.databricks.sql.util.MemoryTrackerHelper.withMemoryTracking(MemoryTrackerHelper.scala:111)
		at org.apache.spark.sql.execution.SQLExecution$.$anonfun$withNewExecutionId0$16(SQLExecution.scala:513)
		at org.apache.spark.sql.execution.SQLExecution$.withSessionTagsApplied(SQLExecution.scala:932)
		at org.apache.spark.sql.execution.SQLExecution$.$anonfun$withNewExecutionId0$15(SQLExecution.scala:434)
		at org.apache.spark.JobArtifactSet$.withActiveJobArtifactState(JobArtifactSet.scala:97)
		at org.apache.spark.sql.artifact.ArtifactManager.$anonfun$withResources$1(ArtifactManager.scala:124)
		at org.apache.spark.sql.artifact.ArtifactManager.withClassLoaderIfNeeded(ArtifactManager.scala:118)
		at org.apache.spark.sql.artifact.ArtifactManager.withResources(ArtifactManager.scala:123)
		at org.apache.spark.sql.execution.SQLExecution$.$anonfun$withNewExecutionId0$14(SQLExecution.scala:434)
		at org.apache.spark.sql.execution.SQLExecution$.withSQLConfPropagated(SQLExecution.scala:967)
		at org.apache.spark.sql.execution.SQLExecution$.$anonfun$withNewExecutionId0$1(SQLExecution.scala:433)
		at org.apache.spark.sql.SparkSession.withActive(SparkSession.scala:860)
		at org.apache.spark.sql.execution.SQLExecution$.withNewExecutionId0(SQLExecution.scala:255)
		at org.apache.spark.sql.execution.SQLExecution$.withNewExecutionId(SQLExecution.scala:885)
		at org.apache.spark.sql.execution.QueryExecution.$anonfun$eagerlyExecuteCommands$2(QueryExecution.scala:591)
		at org.apache.spark.sql.execution.QueryExecution$.withInternalError(QueryExecution.scala:1607)
		at org.apache.spark.sql.execution.QueryExecution.$anonfun$eagerlyExecuteCommands$1(QueryExecution.scala:587)
		at org.apache.spark.sql.execution.QueryExecution.withMVTagsIfNecessary(QueryExecution.scala:528)
		at org.apache.spark.sql.execution.QueryExecution.org$apache$spark$sql$execution$QueryExecution$$eagerlyExecute$1(QueryExecution.scala:585)
		at org.apache.spark.sql.execution.QueryExecution$$anonfun$$nestedInanonfun$eagerlyExecuteCommands$8$1.applyOrElse(QueryExecution.scala:702)
		at org.apache.spark.sql.execution.QueryExecution$$anonfun$$nestedInanonfun$eagerlyExecuteCommands$8$1.applyOrElse(QueryExecution.scala:694)
		at org.apache.spark.sql.catalyst.trees.TreeNode.$anonfun$transformDownWithPruning$1(TreeNode.scala:543)
		at org.apache.spark.sql.catalyst.trees.CurrentOrigin$.withOrigin(origin.scala:121)
		at org.apache.spark.sql.catalyst.trees.TreeNode.transformDownWithPruning(TreeNode.scala:543)
		at org.apache.spark.sql.catalyst.plans.logical.LogicalPlan.org$apache$spark$sql$catalyst$plans$logical$AnalysisHelper$$super$transformDownWithPruning(LogicalPlan.scala:45)
		at org.apache.spark.sql.catalyst.plans.logical.AnalysisHelper.transformDownWithPruning(AnalysisHelper.scala:361)
		at org.apache.spark.sql.catalyst.plans.logical.AnalysisHelper.transformDownWithPruning$(AnalysisHelper.scala:357)
		at org.apache.spark.sql.catalyst.plans.logical.LogicalPlan.transformDownWithPruning(LogicalPlan.scala:45)
		at org.apache.spark.sql.catalyst.plans.logical.LogicalPlan.transformDownWithPruning(LogicalPlan.scala:45)
		at org.apache.spark.sql.catalyst.trees.TreeNode.transformDown(TreeNode.scala:519)
		at org.apache.spark.sql.execution.QueryExecution.$anonfun$eagerlyExecuteCommands$8(QueryExecution.scala:694)
		at org.apache.spark.sql.catalyst.plans.logical.AnalysisHelper$.allowInvokingTransformsInAnalyzer(AnalysisHelper.scala:418)
		at org.apache.spark.sql.execution.QueryExecution.eagerlyExecuteCommands(QueryExecution.scala:694)
		at org.apache.spark.sql.execution.QueryExecution.$anonfun$lazyCommandExecuted$1(QueryExecution.scala:484)
		at scala.util.Try$.apply(Try.scala:217)
		at org.apache.spark.util.Utils$.doTryWithCallerStacktrace(Utils.scala:1684)
		at org.apache.spark.util.LazyTry.tryT$lzycompute(LazyTry.scala:60)
		at org.apache.spark.util.LazyTry.tryT(LazyTry.scala:59)
		... 62 more
, operation-id=01f0f08c-8f2d-1680-8b09-adcfdf6ae6bb
[0m14:31:34.054150 [debug] [ThreadPool]: Databricks adapter: Exception while trying to execute query
macro create_schema
: Database Error
  PERMISSION_DENIED: User does not have CREATE SCHEMA on Catalog 'samples'.
[0m14:31:34.059521 [debug] [ThreadPool]: Databricks adapter: Exception while trying to execute query
/* {"app": "dbt", "dbt_version": "1.11.2", "dbt_databricks_version": "1.11.4", "databricks_sql_connector_version": "4.1.3", "profile_name": "wanderbricks", "target_name": "dev", "connection_name": "create_samples_dbt_dev_schema_staging"} */
create schema if not exists `samples`.`dbt_dev_schema_staging`
  
: PERMISSION_DENIED: User does not have CREATE SCHEMA on Catalog 'samples'.
Error properties: diagnostic-info=org.apache.hive.service.cli.HiveSQLException: Error running query: [UNAUTHORIZED_ACCESS] com.databricks.sql.managedcatalog.acl.UnauthorizedAccessException: PERMISSION_DENIED: User does not have CREATE SCHEMA on Catalog 'samples'.
	at org.apache.spark.sql.hive.thriftserver.HiveThriftServerErrors$.runningQueryError(HiveThriftServerErrors.scala:49)
	at org.apache.spark.sql.hive.thriftserver.SparkExecuteStatementOperation.$anonfun$execute$1(SparkExecuteStatementOperation.scala:1050)
	at scala.runtime.java8.JFunction0$mcV$sp.apply(JFunction0$mcV$sp.scala:18)
	at com.databricks.unity.UCSEphemeralState$Handle.runWith(UCSEphemeralState.scala:51)
	at com.databricks.unity.HandleImpl.runWith(UCSHandle.scala:104)
	at org.apache.spark.sql.hive.thriftserver.SparkExecuteStatementOperation.org$apache$spark$sql$hive$thriftserver$SparkExecuteStatementOperation$$execute(SparkExecuteStatementOperation.scala:787)
	at org.apache.spark.sql.hive.thriftserver.SparkExecuteStatementOperation$$anon$2$$anon$3.$anonfun$run$5(SparkExecuteStatementOperation.scala:578)
	at scala.runtime.java8.JFunction0$mcV$sp.apply(JFunction0$mcV$sp.scala:18)
	at org.apache.spark.sql.execution.SQLExecution$.withRootExecution(SQLExecution.scala:869)
	at org.apache.spark.sql.hive.thriftserver.SparkExecuteStatementOperation$$anon$2$$anon$3.$anonfun$run$2(SparkExecuteStatementOperation.scala:578)
	at scala.runtime.java8.JFunction0$mcV$sp.apply(JFunction0$mcV$sp.scala:18)
	at com.databricks.logging.AttributionContextTracing.$anonfun$withAttributionContext$1(AttributionContextTracing.scala:80)
	at com.databricks.logging.AttributionContext$.$anonfun$withValue$1(AttributionContext.scala:348)
	at scala.util.DynamicVariable.withValue(DynamicVariable.scala:59)
	at com.databricks.logging.AttributionContext$.withValue(AttributionContext.scala:344)
	at com.databricks.logging.AttributionContextTracing.withAttributionContext(AttributionContextTracing.scala:78)
	at com.databricks.logging.AttributionContextTracing.withAttributionContext$(AttributionContextTracing.scala:75)
	at com.databricks.spark.util.DatabricksTracingHelper.withAttributionContext(DatabricksSparkTracingHelper.scala:62)
	at com.databricks.spark.util.DatabricksTracingHelper.withSpanFromRequest(DatabricksSparkTracingHelper.scala:89)
	at com.databricks.spark.util.DBRTracing$.withSpanFromRequest(DBRTracing.scala:43)
	at org.apache.spark.sql.hive.thriftserver.ThriftLocalProperties.$anonfun$withLocalProperties$15(ThriftLocalProperties.scala:238)
	at com.databricks.logging.AttributionContextTracing.$anonfun$withAttributionContext$1(AttributionContextTracing.scala:80)
	at com.databricks.logging.AttributionContext$.$anonfun$withValue$1(AttributionContext.scala:348)
	at scala.util.DynamicVariable.withValue(DynamicVariable.scala:59)
	at com.databricks.logging.AttributionContext$.withValue(AttributionContext.scala:344)
	at com.databricks.logging.AttributionContextTracing.withAttributionContext(AttributionContextTracing.scala:78)
	at com.databricks.logging.AttributionContextTracing.withAttributionContext$(AttributionContextTracing.scala:75)
	at com.databricks.spark.util.PublicDBLogging.withAttributionContext(DatabricksSparkUsageLogger.scala:29)
	at com.databricks.logging.AttributionContextTracing.withAttributionTags(AttributionContextTracing.scala:127)
	at com.databricks.logging.AttributionContextTracing.withAttributionTags$(AttributionContextTracing.scala:108)
	at com.databricks.spark.util.PublicDBLogging.withAttributionTags(DatabricksSparkUsageLogger.scala:29)
	at com.databricks.spark.util.PublicDBLogging.withAttributionTags0(DatabricksSparkUsageLogger.scala:108)
	at com.databricks.spark.util.DatabricksSparkUsageLogger.withAttributionTags(DatabricksSparkUsageLogger.scala:216)
	at com.databricks.spark.util.UsageLogging.$anonfun$withAttributionTags$1(UsageLogger.scala:668)
	at com.databricks.spark.util.UsageLogging$.withAttributionTags(UsageLogger.scala:780)
	at com.databricks.spark.util.UsageLogging$.withAttributionTags(UsageLogger.scala:789)
	at com.databricks.spark.util.UsageLogging.withAttributionTags(UsageLogger.scala:668)
	at com.databricks.spark.util.UsageLogging.withAttributionTags$(UsageLogger.scala:666)
	at org.apache.spark.sql.hive.thriftserver.SparkExecuteStatementOperation.withAttributionTags(SparkExecuteStatementOperation.scala:76)
	at org.apache.spark.sql.hive.thriftserver.ThriftLocalProperties.$anonfun$withLocalProperties$12(ThriftLocalProperties.scala:233)
	at com.databricks.spark.util.IdentityClaim$.withClaim(IdentityClaim.scala:48)
	at org.apache.spark.sql.hive.thriftserver.ThriftLocalProperties.withLocalProperties(ThriftLocalProperties.scala:229)
	at org.apache.spark.sql.hive.thriftserver.ThriftLocalProperties.withLocalProperties$(ThriftLocalProperties.scala:89)
	at org.apache.spark.sql.hive.thriftserver.SparkExecuteStatementOperation.withLocalProperties(SparkExecuteStatementOperation.scala:76)
	at org.apache.spark.sql.hive.thriftserver.SparkExecuteStatementOperation$$anon$2$$anon$3.run(SparkExecuteStatementOperation.scala:555)
	at org.apache.spark.sql.hive.thriftserver.SparkExecuteStatementOperation$$anon$2$$anon$3.run(SparkExecuteStatementOperation.scala:541)
	at java.base/java.security.AccessController.doPrivileged(AccessController.java:712)
	at java.base/javax.security.auth.Subject.doAs(Subject.java:439)
	at org.apache.hadoop.security.UserGroupInformation.doAs(UserGroupInformation.java:1953)
	at org.apache.spark.sql.hive.thriftserver.SparkExecuteStatementOperation$$anon$2.run(SparkExecuteStatementOperation.scala:591)
	at java.base/java.util.concurrent.Executors$RunnableAdapter.call(Executors.java:539)
	at java.base/java.util.concurrent.FutureTask.run(FutureTask.java:264)
	at java.base/java.util.concurrent.ThreadPoolExecutor.runWorker(ThreadPoolExecutor.java:1136)
	at java.base/java.util.concurrent.ThreadPoolExecutor$Worker.run(ThreadPoolExecutor.java:635)
	at java.base/java.lang.Thread.run(Thread.java:840)
Caused by: com.databricks.sql.managedcatalog.acl.UnauthorizedAccessException: PERMISSION_DENIED: User does not have CREATE SCHEMA on Catalog 'samples'.
	at com.databricks.sql.managedcatalog.client.ErrorDetailsHandlerImpl.wrapServiceException(ErrorDetailsHandler.scala:119)
	at com.databricks.sql.managedcatalog.client.ErrorDetailsHandlerImpl.wrapServiceException$(ErrorDetailsHandler.scala:88)
	at com.databricks.managedcatalog.ManagedCatalogClientImpl.wrapServiceException(ManagedCatalogClientImpl.scala:44)
	at com.databricks.sql.managedcatalog.client.ManagedCatalogClientImpl.recordAndWrapExceptionBase(ManagedCatalogClientImpl.scala:7975)
	at com.databricks.sql.managedcatalog.client.ManagedCatalogClientImpl.recordAndWrapException(ManagedCatalogClientImpl.scala:7959)
	at com.databricks.sql.managedcatalog.client.ManagedCatalogClientImpl.createSchemaProto(ManagedCatalogClientImpl.scala:1001)
	at com.databricks.sql.managedcatalog.client.ManagedCatalogClientImpl.$anonfun$createSchema$3(ManagedCatalogClientImpl.scala:989)
	at com.databricks.sql.managedcatalog.client.ManagedCatalogClientImpl.$anonfun$recordAndWrapExceptionBase$2(ManagedCatalogClientImpl.scala:7997)
	at com.databricks.spark.util.FrameProfiler$.$anonfun$record$1(FrameProfiler.scala:114)
	at com.databricks.spark.util.FrameProfilerExporter$.maybeExportFrameProfiler(FrameProfilerExporter.scala:145)
	at com.databricks.spark.util.FrameProfiler$.record(FrameProfiler.scala:105)
	at com.databricks.sql.managedcatalog.client.ManagedCatalogClientImpl.$anonfun$recordAndWrapExceptionBase$1(ManagedCatalogClientImpl.scala:7996)
	at com.databricks.sql.managedcatalog.client.ErrorDetailsHandlerImpl.wrapServiceException(ErrorDetailsHandler.scala:96)
	at com.databricks.sql.managedcatalog.client.ErrorDetailsHandlerImpl.wrapServiceException$(ErrorDetailsHandler.scala:88)
	at com.databricks.managedcatalog.ManagedCatalogClientImpl.wrapServiceException(ManagedCatalogClientImpl.scala:44)
	at com.databricks.sql.managedcatalog.client.ManagedCatalogClientImpl.recordAndWrapExceptionBase(ManagedCatalogClientImpl.scala:7975)
	at com.databricks.sql.managedcatalog.client.ManagedCatalogClientImpl.recordAndWrapException(ManagedCatalogClientImpl.scala:7959)
	at com.databricks.sql.managedcatalog.client.ManagedCatalogClientImpl.createSchema(ManagedCatalogClientImpl.scala:979)
	at com.databricks.sql.managedcatalog.ManagedCatalogCommon.createSchemaInUnityCatalog(ManagedCatalogCommon.scala:655)
	at com.databricks.sql.managedcatalog.ManagedCatalogCommon.$anonfun$createSchema$1(ManagedCatalogCommon.scala:567)
	at com.databricks.sql.managedcatalog.ManagedCatalogCommon.withSchemaCacheInvalidated(ManagedCatalogCommon.scala:1013)
	at com.databricks.sql.managedcatalog.ManagedCatalogCommon.withSchemaCacheInvalidated(ManagedCatalogCommon.scala:1005)
	at com.databricks.sql.managedcatalog.ManagedCatalogCommon.createSchema(ManagedCatalogCommon.scala:559)
	at com.databricks.sql.managedcatalog.ProfiledManagedCatalog.$anonfun$createSchema$1(ProfiledManagedCatalog.scala:148)
	at scala.runtime.java8.JFunction0$mcV$sp.apply(JFunction0$mcV$sp.scala:18)
	at org.apache.spark.sql.catalyst.MetricKeyUtils$.measure(MetricKey.scala:2144)
	at com.databricks.sql.managedcatalog.ProfiledManagedCatalog.$anonfun$profile$1(ProfiledManagedCatalog.scala:74)
	at com.databricks.spark.util.FrameProfiler$.$anonfun$record$1(FrameProfiler.scala:114)
	at com.databricks.spark.util.FrameProfilerExporter$.maybeExportFrameProfiler(FrameProfilerExporter.scala:145)
	at com.databricks.spark.util.FrameProfiler$.record(FrameProfiler.scala:105)
	at com.databricks.sql.managedcatalog.ProfiledManagedCatalog.profile(ProfiledManagedCatalog.scala:73)
	at com.databricks.sql.managedcatalog.ProfiledManagedCatalog.createSchema(ProfiledManagedCatalog.scala:148)
	at com.databricks.sql.managedcatalog.ManagedCatalogSessionCatalog.createDatabase(ManagedCatalogSessionCatalog.scala:948)
	at com.databricks.sql.managedcatalog.UnityCatalogV2Proxy.$anonfun$createNamespace$1(UnityCatalogV2Proxy.scala:182)
	at com.databricks.sql.managedcatalog.UnityCatalogV2Proxy.$anonfun$createNamespace$1$adapted(UnityCatalogV2Proxy.scala:168)
	at com.databricks.sql.managedcatalog.UnityCatalogV2Proxy.assertSingleNamespace(UnityCatalogV2Proxy.scala:131)
	at com.databricks.sql.managedcatalog.UnityCatalogV2Proxy.createNamespace(UnityCatalogV2Proxy.scala:168)
	at org.apache.spark.sql.execution.datasources.v2.CreateNamespaceExec.run(CreateNamespaceExec.scala:49)
	at org.apache.spark.sql.execution.datasources.v2.V2CommandExec.$anonfun$result$2(V2CommandExec.scala:48)
	at org.apache.spark.sql.execution.SparkPlan.runCommandInAetherOrSpark(SparkPlan.scala:195)
	at org.apache.spark.sql.execution.datasources.v2.V2CommandExec.$anonfun$result$1(V2CommandExec.scala:48)
	at com.databricks.spark.util.FrameProfiler$.$anonfun$record$1(FrameProfiler.scala:114)
	at com.databricks.spark.util.FrameProfilerExporter$.maybeExportFrameProfiler(FrameProfilerExporter.scala:198)
	at com.databricks.spark.util.FrameProfiler$.record(FrameProfiler.scala:105)
	at org.apache.spark.sql.execution.datasources.v2.V2CommandExec.result$lzycompute(V2CommandExec.scala:47)
	at org.apache.spark.sql.execution.datasources.v2.V2CommandExec.result(V2CommandExec.scala:45)
	at org.apache.spark.sql.execution.datasources.v2.V2CommandExec.executeCollect(V2CommandExec.scala:56)
	at org.apache.spark.sql.execution.QueryExecution.$anonfun$eagerlyExecuteCommands$5(QueryExecution.scala:596)
	at com.databricks.util.LexicalThreadLocal$Handle.runWith(LexicalThreadLocal.scala:63)
	at org.apache.spark.sql.execution.QueryExecution.$anonfun$eagerlyExecuteCommands$4(QueryExecution.scala:596)
	at org.apache.spark.sql.catalyst.QueryPlanningTracker$.withTracker(QueryPlanningTracker.scala:265)
	at org.apache.spark.sql.execution.QueryExecution.$anonfun$eagerlyExecuteCommands$3(QueryExecution.scala:595)
	at org.apache.spark.sql.execution.SQLExecution$.$anonfun$withNewExecutionId0$18(SQLExecution.scala:600)
	at com.databricks.sql.util.MemoryTrackerHelper.withMemoryTracking(MemoryTrackerHelper.scala:111)
	at org.apache.spark.sql.execution.SQLExecution$.$anonfun$withNewExecutionId0$16(SQLExecution.scala:513)
	at org.apache.spark.sql.execution.SQLExecution$.withSessionTagsApplied(SQLExecution.scala:932)
	at org.apache.spark.sql.execution.SQLExecution$.$anonfun$withNewExecutionId0$15(SQLExecution.scala:434)
	at org.apache.spark.JobArtifactSet$.withActiveJobArtifactState(JobArtifactSet.scala:97)
	at org.apache.spark.sql.artifact.ArtifactManager.$anonfun$withResources$1(ArtifactManager.scala:124)
	at org.apache.spark.sql.artifact.ArtifactManager.withClassLoaderIfNeeded(ArtifactManager.scala:118)
	at org.apache.spark.sql.artifact.ArtifactManager.withResources(ArtifactManager.scala:123)
	at org.apache.spark.sql.execution.SQLExecution$.$anonfun$withNewExecutionId0$14(SQLExecution.scala:434)
	at org.apache.spark.sql.execution.SQLExecution$.withSQLConfPropagated(SQLExecution.scala:967)
	at org.apache.spark.sql.execution.SQLExecution$.$anonfun$withNewExecutionId0$1(SQLExecution.scala:433)
	at org.apache.spark.sql.SparkSession.withActive(SparkSession.scala:860)
	at org.apache.spark.sql.execution.SQLExecution$.withNewExecutionId0(SQLExecution.scala:255)
	at org.apache.spark.sql.execution.SQLExecution$.withNewExecutionId(SQLExecution.scala:885)
	at org.apache.spark.sql.execution.QueryExecution.$anonfun$eagerlyExecuteCommands$2(QueryExecution.scala:591)
	at org.apache.spark.sql.execution.QueryExecution$.withInternalError(QueryExecution.scala:1607)
	at org.apache.spark.sql.execution.QueryExecution.$anonfun$eagerlyExecuteCommands$1(QueryExecution.scala:587)
	at org.apache.spark.sql.execution.QueryExecution.withMVTagsIfNecessary(QueryExecution.scala:528)
	at org.apache.spark.sql.execution.QueryExecution.org$apache$spark$sql$execution$QueryExecution$$eagerlyExecute$1(QueryExecution.scala:585)
	at org.apache.spark.sql.execution.QueryExecution$$anonfun$$nestedInanonfun$eagerlyExecuteCommands$8$1.applyOrElse(QueryExecution.scala:702)
	at org.apache.spark.sql.execution.QueryExecution$$anonfun$$nestedInanonfun$eagerlyExecuteCommands$8$1.applyOrElse(QueryExecution.scala:694)
	at org.apache.spark.sql.catalyst.trees.TreeNode.$anonfun$transformDownWithPruning$1(TreeNode.scala:543)
	at org.apache.spark.sql.catalyst.trees.CurrentOrigin$.withOrigin(origin.scala:121)
	at org.apache.spark.sql.catalyst.trees.TreeNode.transformDownWithPruning(TreeNode.scala:543)
	at org.apache.spark.sql.catalyst.plans.logical.LogicalPlan.org$apache$spark$sql$catalyst$plans$logical$AnalysisHelper$$super$transformDownWithPruning(LogicalPlan.scala:45)
	at org.apache.spark.sql.catalyst.plans.logical.AnalysisHelper.transformDownWithPruning(AnalysisHelper.scala:361)
	at org.apache.spark.sql.catalyst.plans.logical.AnalysisHelper.transformDownWithPruning$(AnalysisHelper.scala:357)
	at org.apache.spark.sql.catalyst.plans.logical.LogicalPlan.transformDownWithPruning(LogicalPlan.scala:45)
	at org.apache.spark.sql.catalyst.plans.logical.LogicalPlan.transformDownWithPruning(LogicalPlan.scala:45)
	at org.apache.spark.sql.catalyst.trees.TreeNode.transformDown(TreeNode.scala:519)
	at org.apache.spark.sql.execution.QueryExecution.$anonfun$eagerlyExecuteCommands$8(QueryExecution.scala:694)
	at org.apache.spark.sql.catalyst.plans.logical.AnalysisHelper$.allowInvokingTransformsInAnalyzer(AnalysisHelper.scala:418)
	at org.apache.spark.sql.execution.QueryExecution.eagerlyExecuteCommands(QueryExecution.scala:694)
	at org.apache.spark.sql.execution.QueryExecution.$anonfun$lazyCommandExecuted$1(QueryExecution.scala:484)
	at scala.util.Try$.apply(Try.scala:217)
	at org.apache.spark.util.Utils$.doTryWithCallerStacktrace(Utils.scala:1684)
	at org.apache.spark.util.Utils$.getTryWithCallerStacktrace(Utils.scala:1745)
	at org.apache.spark.util.LazyTry.get(LazyTry.scala:75)
	at org.apache.spark.sql.execution.QueryExecution.commandExecuted(QueryExecution.scala:489)
	at org.apache.spark.sql.classic.Dataset.<init>(Dataset.scala:431)
	at org.apache.spark.sql.classic.Dataset.<init>(Dataset.scala:411)
	at org.apache.spark.sql.hive.thriftserver.SparkExecuteStatementOperation.getOrCreateDF(SparkExecuteStatementOperation.scala:674)
	at org.apache.spark.sql.hive.thriftserver.SparkExecuteStatementOperation.analyzeQuery(SparkExecuteStatementOperation.scala:701)
	at org.apache.spark.sql.hive.thriftserver.SparkExecuteStatementOperation.$anonfun$execute$5(SparkExecuteStatementOperation.scala:847)
	at org.apache.spark.util.Utils$.timeTakenMs(Utils.scala:583)
	at org.apache.spark.sql.hive.thriftserver.SparkExecuteStatementOperation.$anonfun$execute$1(SparkExecuteStatementOperation.scala:847)
	... 53 more
	Suppressed: org.apache.spark.util.Utils$OriginalTryStackTraceException: Full stacktrace of original doTryWithCallerStacktrace caller
		at com.databricks.sql.managedcatalog.client.ErrorDetailsHandlerImpl.wrapServiceException(ErrorDetailsHandler.scala:119)
		at com.databricks.sql.managedcatalog.client.ErrorDetailsHandlerImpl.wrapServiceException$(ErrorDetailsHandler.scala:88)
		at com.databricks.managedcatalog.ManagedCatalogClientImpl.wrapServiceException(ManagedCatalogClientImpl.scala:44)
		at com.databricks.sql.managedcatalog.client.ManagedCatalogClientImpl.recordAndWrapExceptionBase(ManagedCatalogClientImpl.scala:7975)
		at com.databricks.sql.managedcatalog.client.ManagedCatalogClientImpl.recordAndWrapException(ManagedCatalogClientImpl.scala:7959)
		at com.databricks.sql.managedcatalog.client.ManagedCatalogClientImpl.createSchemaProto(ManagedCatalogClientImpl.scala:1001)
		at com.databricks.sql.managedcatalog.client.ManagedCatalogClientImpl.$anonfun$createSchema$3(ManagedCatalogClientImpl.scala:989)
		at com.databricks.sql.managedcatalog.client.ManagedCatalogClientImpl.$anonfun$recordAndWrapExceptionBase$2(ManagedCatalogClientImpl.scala:7997)
		at com.databricks.spark.util.FrameProfiler$.$anonfun$record$1(FrameProfiler.scala:114)
		at com.databricks.spark.util.FrameProfilerExporter$.maybeExportFrameProfiler(FrameProfilerExporter.scala:145)
		at com.databricks.spark.util.FrameProfiler$.record(FrameProfiler.scala:105)
		at com.databricks.sql.managedcatalog.client.ManagedCatalogClientImpl.$anonfun$recordAndWrapExceptionBase$1(ManagedCatalogClientImpl.scala:7996)
		at com.databricks.sql.managedcatalog.client.ErrorDetailsHandlerImpl.wrapServiceException(ErrorDetailsHandler.scala:96)
		at com.databricks.sql.managedcatalog.client.ErrorDetailsHandlerImpl.wrapServiceException$(ErrorDetailsHandler.scala:88)
		at com.databricks.managedcatalog.ManagedCatalogClientImpl.wrapServiceException(ManagedCatalogClientImpl.scala:44)
		at com.databricks.sql.managedcatalog.client.ManagedCatalogClientImpl.recordAndWrapExceptionBase(ManagedCatalogClientImpl.scala:7975)
		at com.databricks.sql.managedcatalog.client.ManagedCatalogClientImpl.recordAndWrapException(ManagedCatalogClientImpl.scala:7959)
		at com.databricks.sql.managedcatalog.client.ManagedCatalogClientImpl.createSchema(ManagedCatalogClientImpl.scala:979)
		at com.databricks.sql.managedcatalog.ManagedCatalogCommon.createSchemaInUnityCatalog(ManagedCatalogCommon.scala:655)
		at com.databricks.sql.managedcatalog.ManagedCatalogCommon.$anonfun$createSchema$1(ManagedCatalogCommon.scala:567)
		at com.databricks.sql.managedcatalog.ManagedCatalogCommon.withSchemaCacheInvalidated(ManagedCatalogCommon.scala:1013)
		at com.databricks.sql.managedcatalog.ManagedCatalogCommon.withSchemaCacheInvalidated(ManagedCatalogCommon.scala:1005)
		at com.databricks.sql.managedcatalog.ManagedCatalogCommon.createSchema(ManagedCatalogCommon.scala:559)
		at com.databricks.sql.managedcatalog.ProfiledManagedCatalog.$anonfun$createSchema$1(ProfiledManagedCatalog.scala:148)
		at scala.runtime.java8.JFunction0$mcV$sp.apply(JFunction0$mcV$sp.scala:18)
		at org.apache.spark.sql.catalyst.MetricKeyUtils$.measure(MetricKey.scala:2144)
		at com.databricks.sql.managedcatalog.ProfiledManagedCatalog.$anonfun$profile$1(ProfiledManagedCatalog.scala:74)
		at com.databricks.spark.util.FrameProfiler$.$anonfun$record$1(FrameProfiler.scala:114)
		at com.databricks.spark.util.FrameProfilerExporter$.maybeExportFrameProfiler(FrameProfilerExporter.scala:145)
		at com.databricks.spark.util.FrameProfiler$.record(FrameProfiler.scala:105)
		at com.databricks.sql.managedcatalog.ProfiledManagedCatalog.profile(ProfiledManagedCatalog.scala:73)
		at com.databricks.sql.managedcatalog.ProfiledManagedCatalog.createSchema(ProfiledManagedCatalog.scala:148)
		at com.databricks.sql.managedcatalog.ManagedCatalogSessionCatalog.createDatabase(ManagedCatalogSessionCatalog.scala:948)
		at com.databricks.sql.managedcatalog.UnityCatalogV2Proxy.$anonfun$createNamespace$1(UnityCatalogV2Proxy.scala:182)
		at com.databricks.sql.managedcatalog.UnityCatalogV2Proxy.$anonfun$createNamespace$1$adapted(UnityCatalogV2Proxy.scala:168)
		at com.databricks.sql.managedcatalog.UnityCatalogV2Proxy.assertSingleNamespace(UnityCatalogV2Proxy.scala:131)
		at com.databricks.sql.managedcatalog.UnityCatalogV2Proxy.createNamespace(UnityCatalogV2Proxy.scala:168)
		at org.apache.spark.sql.execution.datasources.v2.CreateNamespaceExec.run(CreateNamespaceExec.scala:49)
		at org.apache.spark.sql.execution.datasources.v2.V2CommandExec.$anonfun$result$2(V2CommandExec.scala:48)
		at org.apache.spark.sql.execution.SparkPlan.runCommandInAetherOrSpark(SparkPlan.scala:195)
		at org.apache.spark.sql.execution.datasources.v2.V2CommandExec.$anonfun$result$1(V2CommandExec.scala:48)
		at com.databricks.spark.util.FrameProfiler$.$anonfun$record$1(FrameProfiler.scala:114)
		at com.databricks.spark.util.FrameProfilerExporter$.maybeExportFrameProfiler(FrameProfilerExporter.scala:198)
		at com.databricks.spark.util.FrameProfiler$.record(FrameProfiler.scala:105)
		at org.apache.spark.sql.execution.datasources.v2.V2CommandExec.result$lzycompute(V2CommandExec.scala:47)
		at org.apache.spark.sql.execution.datasources.v2.V2CommandExec.result(V2CommandExec.scala:45)
		at org.apache.spark.sql.execution.datasources.v2.V2CommandExec.executeCollect(V2CommandExec.scala:56)
		at org.apache.spark.sql.execution.QueryExecution.$anonfun$eagerlyExecuteCommands$5(QueryExecution.scala:596)
		at com.databricks.util.LexicalThreadLocal$Handle.runWith(LexicalThreadLocal.scala:63)
		at org.apache.spark.sql.execution.QueryExecution.$anonfun$eagerlyExecuteCommands$4(QueryExecution.scala:596)
		at org.apache.spark.sql.catalyst.QueryPlanningTracker$.withTracker(QueryPlanningTracker.scala:265)
		at org.apache.spark.sql.execution.QueryExecution.$anonfun$eagerlyExecuteCommands$3(QueryExecution.scala:595)
		at org.apache.spark.sql.execution.SQLExecution$.$anonfun$withNewExecutionId0$18(SQLExecution.scala:600)
		at com.databricks.sql.util.MemoryTrackerHelper.withMemoryTracking(MemoryTrackerHelper.scala:111)
		at org.apache.spark.sql.execution.SQLExecution$.$anonfun$withNewExecutionId0$16(SQLExecution.scala:513)
		at org.apache.spark.sql.execution.SQLExecution$.withSessionTagsApplied(SQLExecution.scala:932)
		at org.apache.spark.sql.execution.SQLExecution$.$anonfun$withNewExecutionId0$15(SQLExecution.scala:434)
		at org.apache.spark.JobArtifactSet$.withActiveJobArtifactState(JobArtifactSet.scala:97)
		at org.apache.spark.sql.artifact.ArtifactManager.$anonfun$withResources$1(ArtifactManager.scala:124)
		at org.apache.spark.sql.artifact.ArtifactManager.withClassLoaderIfNeeded(ArtifactManager.scala:118)
		at org.apache.spark.sql.artifact.ArtifactManager.withResources(ArtifactManager.scala:123)
		at org.apache.spark.sql.execution.SQLExecution$.$anonfun$withNewExecutionId0$14(SQLExecution.scala:434)
		at org.apache.spark.sql.execution.SQLExecution$.withSQLConfPropagated(SQLExecution.scala:967)
		at org.apache.spark.sql.execution.SQLExecution$.$anonfun$withNewExecutionId0$1(SQLExecution.scala:433)
		at org.apache.spark.sql.SparkSession.withActive(SparkSession.scala:860)
		at org.apache.spark.sql.execution.SQLExecution$.withNewExecutionId0(SQLExecution.scala:255)
		at org.apache.spark.sql.execution.SQLExecution$.withNewExecutionId(SQLExecution.scala:885)
		at org.apache.spark.sql.execution.QueryExecution.$anonfun$eagerlyExecuteCommands$2(QueryExecution.scala:591)
		at org.apache.spark.sql.execution.QueryExecution$.withInternalError(QueryExecution.scala:1607)
		at org.apache.spark.sql.execution.QueryExecution.$anonfun$eagerlyExecuteCommands$1(QueryExecution.scala:587)
		at org.apache.spark.sql.execution.QueryExecution.withMVTagsIfNecessary(QueryExecution.scala:528)
		at org.apache.spark.sql.execution.QueryExecution.org$apache$spark$sql$execution$QueryExecution$$eagerlyExecute$1(QueryExecution.scala:585)
		at org.apache.spark.sql.execution.QueryExecution$$anonfun$$nestedInanonfun$eagerlyExecuteCommands$8$1.applyOrElse(QueryExecution.scala:702)
		at org.apache.spark.sql.execution.QueryExecution$$anonfun$$nestedInanonfun$eagerlyExecuteCommands$8$1.applyOrElse(QueryExecution.scala:694)
		at org.apache.spark.sql.catalyst.trees.TreeNode.$anonfun$transformDownWithPruning$1(TreeNode.scala:543)
		at org.apache.spark.sql.catalyst.trees.CurrentOrigin$.withOrigin(origin.scala:121)
		at org.apache.spark.sql.catalyst.trees.TreeNode.transformDownWithPruning(TreeNode.scala:543)
		at org.apache.spark.sql.catalyst.plans.logical.LogicalPlan.org$apache$spark$sql$catalyst$plans$logical$AnalysisHelper$$super$transformDownWithPruning(LogicalPlan.scala:45)
		at org.apache.spark.sql.catalyst.plans.logical.AnalysisHelper.transformDownWithPruning(AnalysisHelper.scala:361)
		at org.apache.spark.sql.catalyst.plans.logical.AnalysisHelper.transformDownWithPruning$(AnalysisHelper.scala:357)
		at org.apache.spark.sql.catalyst.plans.logical.LogicalPlan.transformDownWithPruning(LogicalPlan.scala:45)
		at org.apache.spark.sql.catalyst.plans.logical.LogicalPlan.transformDownWithPruning(LogicalPlan.scala:45)
		at org.apache.spark.sql.catalyst.trees.TreeNode.transformDown(TreeNode.scala:519)
		at org.apache.spark.sql.execution.QueryExecution.$anonfun$eagerlyExecuteCommands$8(QueryExecution.scala:694)
		at org.apache.spark.sql.catalyst.plans.logical.AnalysisHelper$.allowInvokingTransformsInAnalyzer(AnalysisHelper.scala:418)
		at org.apache.spark.sql.execution.QueryExecution.eagerlyExecuteCommands(QueryExecution.scala:694)
		at org.apache.spark.sql.execution.QueryExecution.$anonfun$lazyCommandExecuted$1(QueryExecution.scala:484)
		at scala.util.Try$.apply(Try.scala:217)
		at org.apache.spark.util.Utils$.doTryWithCallerStacktrace(Utils.scala:1684)
		at org.apache.spark.util.LazyTry.tryT$lzycompute(LazyTry.scala:60)
		at org.apache.spark.util.LazyTry.tryT(LazyTry.scala:59)
		... 62 more
, operation-id=01f0f08c-8f2c-139f-af9a-c469a59b7d49
[0m14:31:34.060953 [debug] [ThreadPool]: Databricks adapter: Exception while trying to execute query
macro create_schema
: Database Error
  PERMISSION_DENIED: User does not have CREATE SCHEMA on Catalog 'samples'.
[0m14:31:34.124700 [debug] [ThreadPool]: On create_samples_dbt_dev_schema_star_schema: Close
[0m14:31:34.125572 [debug] [ThreadPool]: Databricks adapter: Connection(session-id=01f0f08c-8f24-13b2-b2d7-6498ed70bad5) - Closing
[0m14:31:34.192670 [debug] [ThreadPool]: On create_samples_dbt_dev_schema_staging: Close
[0m14:31:34.193782 [debug] [ThreadPool]: Databricks adapter: Connection(session-id=01f0f08c-8f23-1dfe-a74c-20e339e7dca4) - Closing
[0m14:31:34.265177 [info ] [MainThread]: 
[0m14:31:34.266259 [info ] [MainThread]: Finished running  in 0 hours 0 minutes and 2.05 seconds (2.05s).
[0m14:31:34.267551 [error] [MainThread]: Encountered an error:
Database Error
  Database Error
    PERMISSION_DENIED: User does not have CREATE SCHEMA on Catalog 'samples'.
[0m14:31:34.268586 [warn ] [MainThread]: [[33mWARNING[0m][DeprecationsSummary]: Deprecated functionality
Summary of encountered deprecations:
- MissingPlusPrefixDeprecation: 6 occurrences
- MissingArgumentsPropertyInGenericTestDeprecation: 3 occurrences
To see all deprecation instances instead of just the first occurrence of each,
run command again with the `--show-all-deprecations` flag. You may also need to
run with `--no-partial-parse` as some deprecations are only encountered during
parsing.
[0m14:31:34.271333 [debug] [MainThread]: Resource report: {"command_name": "run", "command_success": false, "command_wall_clock_time": 5.361083, "process_in_blocks": "84552", "process_kernel_time": 0.718476, "process_mem_max_rss": "261484", "process_out_blocks": "3661", "process_user_time": 5.065161}
[0m14:31:34.272104 [debug] [MainThread]: Command `dbt run` failed at 14:31:34.271926 after 5.36 seconds
[0m14:31:34.272818 [debug] [MainThread]: Sending event: {'category': 'dbt', 'action': 'invocation', 'label': 'end', 'context': [<snowplow_tracker.self_describing_json.SelfDescribingJson object at 0xffff81a6aa50>, <snowplow_tracker.self_describing_json.SelfDescribingJson object at 0xffff81306360>, <snowplow_tracker.self_describing_json.SelfDescribingJson object at 0xffff694fdf40>]}
[0m14:31:34.273423 [debug] [MainThread]: Flushing usage events
[0m14:31:34.814937 [debug] [MainThread]: An error was encountered while trying to flush usage events
[0m14:36:37.824673 [debug] [MainThread]: Sending event: {'category': 'dbt', 'action': 'invocation', 'label': 'start', 'context': [<snowplow_tracker.self_describing_json.SelfDescribingJson object at 0xffffa8e8eea0>, <snowplow_tracker.self_describing_json.SelfDescribingJson object at 0xffffa6681250>, <snowplow_tracker.self_describing_json.SelfDescribingJson object at 0xffffa6683d70>]}


============================== 14:36:37.833250 | 57c054d5-c934-453f-a68c-7ac9db3fa4b5 ==============================
[0m14:36:37.833250 [info ] [MainThread]: Running with dbt=1.11.2
[0m14:36:37.836575 [debug] [MainThread]: running dbt with arguments {'empty': 'False', 'use_experimental_parser': 'False', 'partial_parse': 'True', 'log_path': '/opt/airflow/dbt/logs', 'no_print': 'None', 'target_path': 'None', 'log_cache_events': 'False', 'warn_error_options': 'WarnErrorOptionsV2(error=[], warn=[], silence=[])', 'debug': 'False', 'send_anonymous_usage_stats': 'True', 'invocation_command': 'dbt run --select +dm_monthly_bookings', 'version_check': 'True', 'indirect_selection': 'eager', 'use_colors': 'True', 'log_format': 'default', 'fail_fast': 'False', 'quiet': 'False', 'profiles_dir': '/opt/airflow/dbt', 'static_parser': 'True', 'printer_width': '80', 'write_json': 'True', 'introspect': 'True', 'warn_error': 'None', 'cache_selected_only': 'False'}
[0m14:36:38.459168 [debug] [MainThread]: Spark adapter: Setting pyhive.hive logging to ERROR
[0m14:36:38.459870 [debug] [MainThread]: Spark adapter: Setting thrift.transport logging to ERROR
[0m14:36:38.460295 [debug] [MainThread]: Spark adapter: Setting thrift.protocol logging to ERROR
[0m14:36:39.092843 [warn ] [MainThread]: [[33mWARNING[0m][MissingPlusPrefixDeprecation]: Deprecated functionality
Missing '+' prefix on `schema` found at `wanderbricks.datamarts.schema` in file
`/opt/airflow/dbt/dbt_project.yml`. Hierarchical config values without a '+'
prefix are deprecated in dbt_project.yml.
[0m14:36:39.093468 [debug] [MainThread]: Sending event: {'category': 'dbt', 'action': 'deprecation', 'label': '57c054d5-c934-453f-a68c-7ac9db3fa4b5', 'property_': 'warn', 'context': [<snowplow_tracker.self_describing_json.SelfDescribingJson object at 0xffff8e5a07a0>]}
[0m14:36:39.191325 [debug] [MainThread]: Sending event: {'category': 'dbt', 'action': 'project_id', 'label': '57c054d5-c934-453f-a68c-7ac9db3fa4b5', 'context': [<snowplow_tracker.self_describing_json.SelfDescribingJson object at 0xffff8e5697f0>]}
[0m14:36:39.230116 [debug] [MainThread]: Sending event: {'category': 'dbt', 'action': 'adapter_info', 'label': '57c054d5-c934-453f-a68c-7ac9db3fa4b5', 'context': [<snowplow_tracker.self_describing_json.SelfDescribingJson object at 0xffff9812b380>]}
[0m14:36:39.231248 [info ] [MainThread]: Registered adapter: databricks=1.11.4
[0m14:36:39.309383 [warn ] [MainThread]: [[33mWARNING[0m]: Use managed Iceberg tables when table_format is iceberg. When this flag is disabled, UniForm is used instead.
You may opt into the new behavior sooner by setting `flags.use_managed_iceberg` to `True` in `dbt_project.yml`.
Visit https://docs.getdbt.com/reference/global-configs/behavior-changes for more information.
[0m14:36:39.310745 [debug] [MainThread]: Sending event: {'category': 'dbt', 'action': 'BehaviorChangeEvent', 'label': '57c054d5-c934-453f-a68c-7ac9db3fa4b5', 'context': [<snowplow_tracker.self_describing_json.SelfDescribingJson object at 0xffff8e50cb90>]}
[0m14:36:39.320794 [debug] [MainThread]: checksum: 3d40d8bbe1bef07db1c24822f2dbfff8bc07f2a48ed4fe2658a40653aec0b54b, vars: {}, profile: , target: , version: 1.11.2
[0m14:36:39.414016 [debug] [MainThread]: Partial parsing enabled: 0 files deleted, 0 files added, 0 files changed.
[0m14:36:39.414556 [debug] [MainThread]: Nothing changed, skipping partial parsing.
[0m14:36:39.414918 [debug] [MainThread]: Partial parsing enabled, no changes found, skipping parsing
[0m14:36:39.443691 [debug] [MainThread]: Sending event: {'category': 'dbt', 'action': 'load_project', 'label': '57c054d5-c934-453f-a68c-7ac9db3fa4b5', 'context': [<snowplow_tracker.self_describing_json.SelfDescribingJson object at 0xffff8df5bb60>]}
[0m14:36:39.527726 [debug] [MainThread]: Wrote artifact WritableManifest to /opt/airflow/dbt/target/manifest.json
[0m14:36:39.530762 [debug] [MainThread]: Wrote artifact SemanticManifest to /opt/airflow/dbt/target/semantic_manifest.json
[0m14:36:39.544458 [debug] [MainThread]: Sending event: {'category': 'dbt', 'action': 'resource_counts', 'label': '57c054d5-c934-453f-a68c-7ac9db3fa4b5', 'context': [<snowplow_tracker.self_describing_json.SelfDescribingJson object at 0xffff8df51280>]}
[0m14:36:39.545076 [info ] [MainThread]: Found 7 models, 18 data tests, 3 sources, 731 macros
[0m14:36:39.545569 [debug] [MainThread]: Sending event: {'category': 'dbt', 'action': 'runnable_timing', 'label': '57c054d5-c934-453f-a68c-7ac9db3fa4b5', 'context': [<snowplow_tracker.self_describing_json.SelfDescribingJson object at 0xffff8df9a4e0>]}
[0m14:36:39.547123 [info ] [MainThread]: 
[0m14:36:39.563060 [info ] [MainThread]: Concurrency: 4 threads (target='dev')
[0m14:36:39.563678 [info ] [MainThread]: 
[0m14:36:39.564918 [debug] [MainThread]: Databricks adapter: DatabricksDBTConnection(session-id=None, name=master) - Creating connection
[0m14:36:39.565518 [debug] [MainThread]: Acquiring new databricks connection 'master'
[0m14:36:39.571257 [debug] [ThreadPool]: Databricks adapter: DatabricksDBTConnection(session-id=None, name=list_samples) - Creating connection
[0m14:36:39.572072 [debug] [ThreadPool]: Acquiring new databricks connection 'list_samples'
[0m14:36:39.572600 [debug] [ThreadPool]: Databricks adapter: DatabricksDBTConnection(session-id=None, name=list_samples) - Creating connection
[0m14:36:39.574310 [debug] [ThreadPool]: Databricks adapter: DatabricksDBTConnection(session-id=None, name=list_samples) - Creating connection
[0m14:36:39.588205 [debug] [ThreadPool]: Acquiring new databricks connection 'list_samples'
[0m14:36:39.587887 [debug] [ThreadPool]: Using databricks connection "list_samples"
[0m14:36:39.588727 [debug] [ThreadPool]: Acquiring new databricks connection 'list_samples'
[0m14:36:39.590790 [debug] [ThreadPool]: Using databricks connection "list_samples"
[0m14:36:39.593553 [debug] [ThreadPool]: On list_samples: /* {"app": "dbt", "dbt_version": "1.11.2", "dbt_databricks_version": "1.11.4", "databricks_sql_connector_version": "4.1.3", "profile_name": "wanderbricks", "target_name": "dev", "connection_name": "list_samples"} */

    

  SHOW SCHEMAS IN `samples`


  
[0m14:36:39.593131 [debug] [ThreadPool]: Using databricks connection "list_samples"
[0m14:36:39.591282 [debug] [ThreadPool]: On list_samples: /* {"app": "dbt", "dbt_version": "1.11.2", "dbt_databricks_version": "1.11.4", "databricks_sql_connector_version": "4.1.3", "profile_name": "wanderbricks", "target_name": "dev", "connection_name": "list_samples"} */

    

  SHOW SCHEMAS IN `samples`


  
[0m14:36:39.594704 [debug] [ThreadPool]: Opening a new connection, currently in state init
[0m14:36:39.594326 [debug] [ThreadPool]: On list_samples: /* {"app": "dbt", "dbt_version": "1.11.2", "dbt_databricks_version": "1.11.4", "databricks_sql_connector_version": "4.1.3", "profile_name": "wanderbricks", "target_name": "dev", "connection_name": "list_samples"} */

    

  SHOW SCHEMAS IN `samples`


  
[0m14:36:39.593890 [debug] [ThreadPool]: Opening a new connection, currently in state init
[0m14:36:39.595501 [debug] [ThreadPool]: Opening a new connection, currently in state init
[0m14:36:40.115284 [debug] [ThreadPool]: Databricks adapter: Connection(session-id=01f0f08d-45cb-121a-a273-db345f355072) - Created
[0m14:36:40.116092 [debug] [ThreadPool]: Databricks adapter: Connection(session-id=01f0f08d-45cb-1067-9284-974b92f25e0e) - Created
[0m14:36:40.118381 [debug] [ThreadPool]: Databricks adapter: Connection(session-id=01f0f08d-45cb-15d8-a089-d7b510b8ccc4) - Created
[0m14:36:40.522635 [debug] [ThreadPool]: SQL status: OK in 0.930 seconds
[0m14:36:40.530679 [debug] [ThreadPool]: Databricks adapter: Cursor(session-id=01f0f08d-45cb-15d8-a089-d7b510b8ccc4, command-id=01f0f08d-45d9-19fb-8723-180fd70601c6) - Closing
[0m14:36:40.531737 [debug] [ThreadPool]: On list_samples: Close
[0m14:36:40.532276 [debug] [ThreadPool]: Databricks adapter: Connection(session-id=01f0f08d-45cb-15d8-a089-d7b510b8ccc4) - Closing
[0m14:36:40.534675 [debug] [ThreadPool]: SQL status: OK in 0.940 seconds
[0m14:36:40.536388 [debug] [ThreadPool]: SQL status: OK in 0.940 seconds
[0m14:36:40.537382 [debug] [ThreadPool]: Databricks adapter: Cursor(session-id=01f0f08d-45cb-1067-9284-974b92f25e0e, command-id=01f0f08d-45d9-19fb-af31-c6dec9e1ee89) - Closing
[0m14:36:40.538608 [debug] [ThreadPool]: Databricks adapter: Cursor(session-id=01f0f08d-45cb-121a-a273-db345f355072, command-id=01f0f08d-45d9-1aa8-9ae2-1a4f0d472997) - Closing
[0m14:36:40.618039 [debug] [ThreadPool]: On list_samples: Close
[0m14:36:40.618730 [debug] [ThreadPool]: Databricks adapter: Connection(session-id=01f0f08d-45cb-1067-9284-974b92f25e0e) - Closing
[0m14:36:40.716466 [debug] [ThreadPool]: On list_samples: Close
[0m14:36:40.717215 [debug] [ThreadPool]: Databricks adapter: Connection(session-id=01f0f08d-45cb-121a-a273-db345f355072) - Closing
[0m14:36:40.843786 [debug] [ThreadPool]: Databricks adapter: DatabricksDBTConnection(session-id=None, name=create_samples_dbt_dev_schema_datamarts) - Creating connection
[0m14:36:40.845216 [debug] [ThreadPool]: Databricks adapter: DatabricksDBTConnection(session-id=None, name=create_samples_dbt_dev_schema_staging) - Creating connection
[0m14:36:40.846182 [debug] [ThreadPool]: Databricks adapter: DatabricksDBTConnection(session-id=None, name=create_samples_dbt_dev_schema_star_schema) - Creating connection
[0m14:36:40.846542 [debug] [ThreadPool]: Acquiring new databricks connection 'create_samples_dbt_dev_schema_datamarts'
[0m14:36:40.847222 [debug] [ThreadPool]: Acquiring new databricks connection 'create_samples_dbt_dev_schema_staging'
[0m14:36:40.848115 [debug] [ThreadPool]: Acquiring new databricks connection 'create_samples_dbt_dev_schema_star_schema'
[0m14:36:40.849762 [debug] [ThreadPool]: Creating schema "database: "samples"
schema: "dbt_dev_schema_datamarts"
"
[0m14:36:40.850341 [debug] [ThreadPool]: Creating schema "database: "samples"
schema: "dbt_dev_schema_staging"
"
[0m14:36:40.850989 [debug] [ThreadPool]: Creating schema "database: "samples"
schema: "dbt_dev_schema_star_schema"
"
[0m14:36:40.860061 [debug] [ThreadPool]: Using databricks connection "create_samples_dbt_dev_schema_datamarts"
[0m14:36:40.869596 [debug] [ThreadPool]: Using databricks connection "create_samples_dbt_dev_schema_staging"
[0m14:36:40.871737 [debug] [ThreadPool]: Using databricks connection "create_samples_dbt_dev_schema_star_schema"
[0m14:36:40.872795 [debug] [ThreadPool]: On create_samples_dbt_dev_schema_datamarts: /* {"app": "dbt", "dbt_version": "1.11.2", "dbt_databricks_version": "1.11.4", "databricks_sql_connector_version": "4.1.3", "profile_name": "wanderbricks", "target_name": "dev", "connection_name": "create_samples_dbt_dev_schema_datamarts"} */
create schema if not exists `samples`.`dbt_dev_schema_datamarts`
  
[0m14:36:40.873226 [debug] [ThreadPool]: On create_samples_dbt_dev_schema_staging: /* {"app": "dbt", "dbt_version": "1.11.2", "dbt_databricks_version": "1.11.4", "databricks_sql_connector_version": "4.1.3", "profile_name": "wanderbricks", "target_name": "dev", "connection_name": "create_samples_dbt_dev_schema_staging"} */
create schema if not exists `samples`.`dbt_dev_schema_staging`
  
[0m14:36:40.873688 [debug] [ThreadPool]: On create_samples_dbt_dev_schema_star_schema: /* {"app": "dbt", "dbt_version": "1.11.2", "dbt_databricks_version": "1.11.4", "databricks_sql_connector_version": "4.1.3", "profile_name": "wanderbricks", "target_name": "dev", "connection_name": "create_samples_dbt_dev_schema_star_schema"} */
create schema if not exists `samples`.`dbt_dev_schema_star_schema`
  
[0m14:36:40.874098 [debug] [ThreadPool]: Opening a new connection, currently in state init
[0m14:36:40.874473 [debug] [ThreadPool]: Opening a new connection, currently in state init
[0m14:36:40.874883 [debug] [ThreadPool]: Opening a new connection, currently in state init
[0m14:36:41.197975 [debug] [ThreadPool]: Databricks adapter: Connection(session-id=01f0f08d-4672-135a-b194-01a37c941326) - Created
[0m14:36:41.227027 [debug] [ThreadPool]: Databricks adapter: Connection(session-id=01f0f08d-4674-1e9f-be4d-4f8d5cf8503c) - Created
[0m14:36:41.232798 [debug] [ThreadPool]: Databricks adapter: Connection(session-id=01f0f08d-4674-1f06-a914-56b23691499d) - Created
[0m14:36:41.585551 [debug] [ThreadPool]: Databricks adapter: Exception while trying to execute query
/* {"app": "dbt", "dbt_version": "1.11.2", "dbt_databricks_version": "1.11.4", "databricks_sql_connector_version": "4.1.3", "profile_name": "wanderbricks", "target_name": "dev", "connection_name": "create_samples_dbt_dev_schema_star_schema"} */
create schema if not exists `samples`.`dbt_dev_schema_star_schema`
  
: PERMISSION_DENIED: User does not have CREATE SCHEMA on Catalog 'samples'.
Error properties: diagnostic-info=org.apache.hive.service.cli.HiveSQLException: Error running query: [UNAUTHORIZED_ACCESS] com.databricks.sql.managedcatalog.acl.UnauthorizedAccessException: PERMISSION_DENIED: User does not have CREATE SCHEMA on Catalog 'samples'.
	at org.apache.spark.sql.hive.thriftserver.HiveThriftServerErrors$.runningQueryError(HiveThriftServerErrors.scala:49)
	at org.apache.spark.sql.hive.thriftserver.SparkExecuteStatementOperation.$anonfun$execute$1(SparkExecuteStatementOperation.scala:1050)
	at scala.runtime.java8.JFunction0$mcV$sp.apply(JFunction0$mcV$sp.scala:18)
	at com.databricks.unity.UCSEphemeralState$Handle.runWith(UCSEphemeralState.scala:51)
	at com.databricks.unity.HandleImpl.runWith(UCSHandle.scala:104)
	at org.apache.spark.sql.hive.thriftserver.SparkExecuteStatementOperation.org$apache$spark$sql$hive$thriftserver$SparkExecuteStatementOperation$$execute(SparkExecuteStatementOperation.scala:787)
	at org.apache.spark.sql.hive.thriftserver.SparkExecuteStatementOperation$$anon$2$$anon$3.$anonfun$run$5(SparkExecuteStatementOperation.scala:578)
	at scala.runtime.java8.JFunction0$mcV$sp.apply(JFunction0$mcV$sp.scala:18)
	at org.apache.spark.sql.execution.SQLExecution$.withRootExecution(SQLExecution.scala:869)
	at org.apache.spark.sql.hive.thriftserver.SparkExecuteStatementOperation$$anon$2$$anon$3.$anonfun$run$2(SparkExecuteStatementOperation.scala:578)
	at scala.runtime.java8.JFunction0$mcV$sp.apply(JFunction0$mcV$sp.scala:18)
	at com.databricks.logging.AttributionContextTracing.$anonfun$withAttributionContext$1(AttributionContextTracing.scala:80)
	at com.databricks.logging.AttributionContext$.$anonfun$withValue$1(AttributionContext.scala:348)
	at scala.util.DynamicVariable.withValue(DynamicVariable.scala:59)
	at com.databricks.logging.AttributionContext$.withValue(AttributionContext.scala:344)
	at com.databricks.logging.AttributionContextTracing.withAttributionContext(AttributionContextTracing.scala:78)
	at com.databricks.logging.AttributionContextTracing.withAttributionContext$(AttributionContextTracing.scala:75)
	at com.databricks.spark.util.DatabricksTracingHelper.withAttributionContext(DatabricksSparkTracingHelper.scala:62)
	at com.databricks.spark.util.DatabricksTracingHelper.withSpanFromRequest(DatabricksSparkTracingHelper.scala:89)
	at com.databricks.spark.util.DBRTracing$.withSpanFromRequest(DBRTracing.scala:43)
	at org.apache.spark.sql.hive.thriftserver.ThriftLocalProperties.$anonfun$withLocalProperties$15(ThriftLocalProperties.scala:238)
	at com.databricks.logging.AttributionContextTracing.$anonfun$withAttributionContext$1(AttributionContextTracing.scala:80)
	at com.databricks.logging.AttributionContext$.$anonfun$withValue$1(AttributionContext.scala:348)
	at scala.util.DynamicVariable.withValue(DynamicVariable.scala:59)
	at com.databricks.logging.AttributionContext$.withValue(AttributionContext.scala:344)
	at com.databricks.logging.AttributionContextTracing.withAttributionContext(AttributionContextTracing.scala:78)
	at com.databricks.logging.AttributionContextTracing.withAttributionContext$(AttributionContextTracing.scala:75)
	at com.databricks.spark.util.PublicDBLogging.withAttributionContext(DatabricksSparkUsageLogger.scala:29)
	at com.databricks.logging.AttributionContextTracing.withAttributionTags(AttributionContextTracing.scala:127)
	at com.databricks.logging.AttributionContextTracing.withAttributionTags$(AttributionContextTracing.scala:108)
	at com.databricks.spark.util.PublicDBLogging.withAttributionTags(DatabricksSparkUsageLogger.scala:29)
	at com.databricks.spark.util.PublicDBLogging.withAttributionTags0(DatabricksSparkUsageLogger.scala:108)
	at com.databricks.spark.util.DatabricksSparkUsageLogger.withAttributionTags(DatabricksSparkUsageLogger.scala:216)
	at com.databricks.spark.util.UsageLogging.$anonfun$withAttributionTags$1(UsageLogger.scala:668)
	at com.databricks.spark.util.UsageLogging$.withAttributionTags(UsageLogger.scala:780)
	at com.databricks.spark.util.UsageLogging$.withAttributionTags(UsageLogger.scala:789)
	at com.databricks.spark.util.UsageLogging.withAttributionTags(UsageLogger.scala:668)
	at com.databricks.spark.util.UsageLogging.withAttributionTags$(UsageLogger.scala:666)
	at org.apache.spark.sql.hive.thriftserver.SparkExecuteStatementOperation.withAttributionTags(SparkExecuteStatementOperation.scala:76)
	at org.apache.spark.sql.hive.thriftserver.ThriftLocalProperties.$anonfun$withLocalProperties$12(ThriftLocalProperties.scala:233)
	at com.databricks.spark.util.IdentityClaim$.withClaim(IdentityClaim.scala:48)
	at org.apache.spark.sql.hive.thriftserver.ThriftLocalProperties.withLocalProperties(ThriftLocalProperties.scala:229)
	at org.apache.spark.sql.hive.thriftserver.ThriftLocalProperties.withLocalProperties$(ThriftLocalProperties.scala:89)
	at org.apache.spark.sql.hive.thriftserver.SparkExecuteStatementOperation.withLocalProperties(SparkExecuteStatementOperation.scala:76)
	at org.apache.spark.sql.hive.thriftserver.SparkExecuteStatementOperation$$anon$2$$anon$3.run(SparkExecuteStatementOperation.scala:555)
	at org.apache.spark.sql.hive.thriftserver.SparkExecuteStatementOperation$$anon$2$$anon$3.run(SparkExecuteStatementOperation.scala:541)
	at java.base/java.security.AccessController.doPrivileged(AccessController.java:712)
	at java.base/javax.security.auth.Subject.doAs(Subject.java:439)
	at org.apache.hadoop.security.UserGroupInformation.doAs(UserGroupInformation.java:1953)
	at org.apache.spark.sql.hive.thriftserver.SparkExecuteStatementOperation$$anon$2.run(SparkExecuteStatementOperation.scala:591)
	at java.base/java.util.concurrent.Executors$RunnableAdapter.call(Executors.java:539)
	at java.base/java.util.concurrent.FutureTask.run(FutureTask.java:264)
	at java.base/java.util.concurrent.ThreadPoolExecutor.runWorker(ThreadPoolExecutor.java:1136)
	at java.base/java.util.concurrent.ThreadPoolExecutor$Worker.run(ThreadPoolExecutor.java:635)
	at java.base/java.lang.Thread.run(Thread.java:840)
Caused by: com.databricks.sql.managedcatalog.acl.UnauthorizedAccessException: PERMISSION_DENIED: User does not have CREATE SCHEMA on Catalog 'samples'.
	at com.databricks.sql.managedcatalog.client.ErrorDetailsHandlerImpl.wrapServiceException(ErrorDetailsHandler.scala:119)
	at com.databricks.sql.managedcatalog.client.ErrorDetailsHandlerImpl.wrapServiceException$(ErrorDetailsHandler.scala:88)
	at com.databricks.managedcatalog.ManagedCatalogClientImpl.wrapServiceException(ManagedCatalogClientImpl.scala:44)
	at com.databricks.sql.managedcatalog.client.ManagedCatalogClientImpl.recordAndWrapExceptionBase(ManagedCatalogClientImpl.scala:7975)
	at com.databricks.sql.managedcatalog.client.ManagedCatalogClientImpl.recordAndWrapException(ManagedCatalogClientImpl.scala:7959)
	at com.databricks.sql.managedcatalog.client.ManagedCatalogClientImpl.createSchemaProto(ManagedCatalogClientImpl.scala:1001)
	at com.databricks.sql.managedcatalog.client.ManagedCatalogClientImpl.$anonfun$createSchema$3(ManagedCatalogClientImpl.scala:989)
	at com.databricks.sql.managedcatalog.client.ManagedCatalogClientImpl.$anonfun$recordAndWrapExceptionBase$2(ManagedCatalogClientImpl.scala:7997)
	at com.databricks.spark.util.FrameProfiler$.$anonfun$record$1(FrameProfiler.scala:114)
	at com.databricks.spark.util.FrameProfilerExporter$.maybeExportFrameProfiler(FrameProfilerExporter.scala:145)
	at com.databricks.spark.util.FrameProfiler$.record(FrameProfiler.scala:105)
	at com.databricks.sql.managedcatalog.client.ManagedCatalogClientImpl.$anonfun$recordAndWrapExceptionBase$1(ManagedCatalogClientImpl.scala:7996)
	at com.databricks.sql.managedcatalog.client.ErrorDetailsHandlerImpl.wrapServiceException(ErrorDetailsHandler.scala:96)
	at com.databricks.sql.managedcatalog.client.ErrorDetailsHandlerImpl.wrapServiceException$(ErrorDetailsHandler.scala:88)
	at com.databricks.managedcatalog.ManagedCatalogClientImpl.wrapServiceException(ManagedCatalogClientImpl.scala:44)
	at com.databricks.sql.managedcatalog.client.ManagedCatalogClientImpl.recordAndWrapExceptionBase(ManagedCatalogClientImpl.scala:7975)
	at com.databricks.sql.managedcatalog.client.ManagedCatalogClientImpl.recordAndWrapException(ManagedCatalogClientImpl.scala:7959)
	at com.databricks.sql.managedcatalog.client.ManagedCatalogClientImpl.createSchema(ManagedCatalogClientImpl.scala:979)
	at com.databricks.sql.managedcatalog.ManagedCatalogCommon.createSchemaInUnityCatalog(ManagedCatalogCommon.scala:655)
	at com.databricks.sql.managedcatalog.ManagedCatalogCommon.$anonfun$createSchema$1(ManagedCatalogCommon.scala:567)
	at com.databricks.sql.managedcatalog.ManagedCatalogCommon.withSchemaCacheInvalidated(ManagedCatalogCommon.scala:1013)
	at com.databricks.sql.managedcatalog.ManagedCatalogCommon.withSchemaCacheInvalidated(ManagedCatalogCommon.scala:1005)
	at com.databricks.sql.managedcatalog.ManagedCatalogCommon.createSchema(ManagedCatalogCommon.scala:559)
	at com.databricks.sql.managedcatalog.ProfiledManagedCatalog.$anonfun$createSchema$1(ProfiledManagedCatalog.scala:148)
	at scala.runtime.java8.JFunction0$mcV$sp.apply(JFunction0$mcV$sp.scala:18)
	at org.apache.spark.sql.catalyst.MetricKeyUtils$.measure(MetricKey.scala:2144)
	at com.databricks.sql.managedcatalog.ProfiledManagedCatalog.$anonfun$profile$1(ProfiledManagedCatalog.scala:74)
	at com.databricks.spark.util.FrameProfiler$.$anonfun$record$1(FrameProfiler.scala:114)
	at com.databricks.spark.util.FrameProfilerExporter$.maybeExportFrameProfiler(FrameProfilerExporter.scala:145)
	at com.databricks.spark.util.FrameProfiler$.record(FrameProfiler.scala:105)
	at com.databricks.sql.managedcatalog.ProfiledManagedCatalog.profile(ProfiledManagedCatalog.scala:73)
	at com.databricks.sql.managedcatalog.ProfiledManagedCatalog.createSchema(ProfiledManagedCatalog.scala:148)
	at com.databricks.sql.managedcatalog.ManagedCatalogSessionCatalog.createDatabase(ManagedCatalogSessionCatalog.scala:948)
	at com.databricks.sql.managedcatalog.UnityCatalogV2Proxy.$anonfun$createNamespace$1(UnityCatalogV2Proxy.scala:182)
	at com.databricks.sql.managedcatalog.UnityCatalogV2Proxy.$anonfun$createNamespace$1$adapted(UnityCatalogV2Proxy.scala:168)
	at com.databricks.sql.managedcatalog.UnityCatalogV2Proxy.assertSingleNamespace(UnityCatalogV2Proxy.scala:131)
	at com.databricks.sql.managedcatalog.UnityCatalogV2Proxy.createNamespace(UnityCatalogV2Proxy.scala:168)
	at org.apache.spark.sql.execution.datasources.v2.CreateNamespaceExec.run(CreateNamespaceExec.scala:49)
	at org.apache.spark.sql.execution.datasources.v2.V2CommandExec.$anonfun$result$2(V2CommandExec.scala:48)
	at org.apache.spark.sql.execution.SparkPlan.runCommandInAetherOrSpark(SparkPlan.scala:195)
	at org.apache.spark.sql.execution.datasources.v2.V2CommandExec.$anonfun$result$1(V2CommandExec.scala:48)
	at com.databricks.spark.util.FrameProfiler$.$anonfun$record$1(FrameProfiler.scala:114)
	at com.databricks.spark.util.FrameProfilerExporter$.maybeExportFrameProfiler(FrameProfilerExporter.scala:198)
	at com.databricks.spark.util.FrameProfiler$.record(FrameProfiler.scala:105)
	at org.apache.spark.sql.execution.datasources.v2.V2CommandExec.result$lzycompute(V2CommandExec.scala:47)
	at org.apache.spark.sql.execution.datasources.v2.V2CommandExec.result(V2CommandExec.scala:45)
	at org.apache.spark.sql.execution.datasources.v2.V2CommandExec.executeCollect(V2CommandExec.scala:56)
	at org.apache.spark.sql.execution.QueryExecution.$anonfun$eagerlyExecuteCommands$5(QueryExecution.scala:596)
	at com.databricks.util.LexicalThreadLocal$Handle.runWith(LexicalThreadLocal.scala:63)
	at org.apache.spark.sql.execution.QueryExecution.$anonfun$eagerlyExecuteCommands$4(QueryExecution.scala:596)
	at org.apache.spark.sql.catalyst.QueryPlanningTracker$.withTracker(QueryPlanningTracker.scala:265)
	at org.apache.spark.sql.execution.QueryExecution.$anonfun$eagerlyExecuteCommands$3(QueryExecution.scala:595)
	at org.apache.spark.sql.execution.SQLExecution$.$anonfun$withNewExecutionId0$18(SQLExecution.scala:600)
	at com.databricks.sql.util.MemoryTrackerHelper.withMemoryTracking(MemoryTrackerHelper.scala:111)
	at org.apache.spark.sql.execution.SQLExecution$.$anonfun$withNewExecutionId0$16(SQLExecution.scala:513)
	at org.apache.spark.sql.execution.SQLExecution$.withSessionTagsApplied(SQLExecution.scala:932)
	at org.apache.spark.sql.execution.SQLExecution$.$anonfun$withNewExecutionId0$15(SQLExecution.scala:434)
	at org.apache.spark.JobArtifactSet$.withActiveJobArtifactState(JobArtifactSet.scala:97)
	at org.apache.spark.sql.artifact.ArtifactManager.$anonfun$withResources$1(ArtifactManager.scala:124)
	at org.apache.spark.sql.artifact.ArtifactManager.withClassLoaderIfNeeded(ArtifactManager.scala:118)
	at org.apache.spark.sql.artifact.ArtifactManager.withResources(ArtifactManager.scala:123)
	at org.apache.spark.sql.execution.SQLExecution$.$anonfun$withNewExecutionId0$14(SQLExecution.scala:434)
	at org.apache.spark.sql.execution.SQLExecution$.withSQLConfPropagated(SQLExecution.scala:967)
	at org.apache.spark.sql.execution.SQLExecution$.$anonfun$withNewExecutionId0$1(SQLExecution.scala:433)
	at org.apache.spark.sql.SparkSession.withActive(SparkSession.scala:860)
	at org.apache.spark.sql.execution.SQLExecution$.withNewExecutionId0(SQLExecution.scala:255)
	at org.apache.spark.sql.execution.SQLExecution$.withNewExecutionId(SQLExecution.scala:885)
	at org.apache.spark.sql.execution.QueryExecution.$anonfun$eagerlyExecuteCommands$2(QueryExecution.scala:591)
	at org.apache.spark.sql.execution.QueryExecution$.withInternalError(QueryExecution.scala:1607)
	at org.apache.spark.sql.execution.QueryExecution.$anonfun$eagerlyExecuteCommands$1(QueryExecution.scala:587)
	at org.apache.spark.sql.execution.QueryExecution.withMVTagsIfNecessary(QueryExecution.scala:528)
	at org.apache.spark.sql.execution.QueryExecution.org$apache$spark$sql$execution$QueryExecution$$eagerlyExecute$1(QueryExecution.scala:585)
	at org.apache.spark.sql.execution.QueryExecution$$anonfun$$nestedInanonfun$eagerlyExecuteCommands$8$1.applyOrElse(QueryExecution.scala:702)
	at org.apache.spark.sql.execution.QueryExecution$$anonfun$$nestedInanonfun$eagerlyExecuteCommands$8$1.applyOrElse(QueryExecution.scala:694)
	at org.apache.spark.sql.catalyst.trees.TreeNode.$anonfun$transformDownWithPruning$1(TreeNode.scala:543)
	at org.apache.spark.sql.catalyst.trees.CurrentOrigin$.withOrigin(origin.scala:121)
	at org.apache.spark.sql.catalyst.trees.TreeNode.transformDownWithPruning(TreeNode.scala:543)
	at org.apache.spark.sql.catalyst.plans.logical.LogicalPlan.org$apache$spark$sql$catalyst$plans$logical$AnalysisHelper$$super$transformDownWithPruning(LogicalPlan.scala:45)
	at org.apache.spark.sql.catalyst.plans.logical.AnalysisHelper.transformDownWithPruning(AnalysisHelper.scala:361)
	at org.apache.spark.sql.catalyst.plans.logical.AnalysisHelper.transformDownWithPruning$(AnalysisHelper.scala:357)
	at org.apache.spark.sql.catalyst.plans.logical.LogicalPlan.transformDownWithPruning(LogicalPlan.scala:45)
	at org.apache.spark.sql.catalyst.plans.logical.LogicalPlan.transformDownWithPruning(LogicalPlan.scala:45)
	at org.apache.spark.sql.catalyst.trees.TreeNode.transformDown(TreeNode.scala:519)
	at org.apache.spark.sql.execution.QueryExecution.$anonfun$eagerlyExecuteCommands$8(QueryExecution.scala:694)
	at org.apache.spark.sql.catalyst.plans.logical.AnalysisHelper$.allowInvokingTransformsInAnalyzer(AnalysisHelper.scala:418)
	at org.apache.spark.sql.execution.QueryExecution.eagerlyExecuteCommands(QueryExecution.scala:694)
	at org.apache.spark.sql.execution.QueryExecution.$anonfun$lazyCommandExecuted$1(QueryExecution.scala:484)
	at scala.util.Try$.apply(Try.scala:217)
	at org.apache.spark.util.Utils$.doTryWithCallerStacktrace(Utils.scala:1684)
	at org.apache.spark.util.Utils$.getTryWithCallerStacktrace(Utils.scala:1745)
	at org.apache.spark.util.LazyTry.get(LazyTry.scala:75)
	at org.apache.spark.sql.execution.QueryExecution.commandExecuted(QueryExecution.scala:489)
	at org.apache.spark.sql.classic.Dataset.<init>(Dataset.scala:431)
	at org.apache.spark.sql.classic.Dataset.<init>(Dataset.scala:411)
	at org.apache.spark.sql.hive.thriftserver.SparkExecuteStatementOperation.getOrCreateDF(SparkExecuteStatementOperation.scala:674)
	at org.apache.spark.sql.hive.thriftserver.SparkExecuteStatementOperation.analyzeQuery(SparkExecuteStatementOperation.scala:701)
	at org.apache.spark.sql.hive.thriftserver.SparkExecuteStatementOperation.$anonfun$execute$5(SparkExecuteStatementOperation.scala:847)
	at org.apache.spark.util.Utils$.timeTakenMs(Utils.scala:583)
	at org.apache.spark.sql.hive.thriftserver.SparkExecuteStatementOperation.$anonfun$execute$1(SparkExecuteStatementOperation.scala:847)
	... 53 more
	Suppressed: org.apache.spark.util.Utils$OriginalTryStackTraceException: Full stacktrace of original doTryWithCallerStacktrace caller
		at com.databricks.sql.managedcatalog.client.ErrorDetailsHandlerImpl.wrapServiceException(ErrorDetailsHandler.scala:119)
		at com.databricks.sql.managedcatalog.client.ErrorDetailsHandlerImpl.wrapServiceException$(ErrorDetailsHandler.scala:88)
		at com.databricks.managedcatalog.ManagedCatalogClientImpl.wrapServiceException(ManagedCatalogClientImpl.scala:44)
		at com.databricks.sql.managedcatalog.client.ManagedCatalogClientImpl.recordAndWrapExceptionBase(ManagedCatalogClientImpl.scala:7975)
		at com.databricks.sql.managedcatalog.client.ManagedCatalogClientImpl.recordAndWrapException(ManagedCatalogClientImpl.scala:7959)
		at com.databricks.sql.managedcatalog.client.ManagedCatalogClientImpl.createSchemaProto(ManagedCatalogClientImpl.scala:1001)
		at com.databricks.sql.managedcatalog.client.ManagedCatalogClientImpl.$anonfun$createSchema$3(ManagedCatalogClientImpl.scala:989)
		at com.databricks.sql.managedcatalog.client.ManagedCatalogClientImpl.$anonfun$recordAndWrapExceptionBase$2(ManagedCatalogClientImpl.scala:7997)
		at com.databricks.spark.util.FrameProfiler$.$anonfun$record$1(FrameProfiler.scala:114)
		at com.databricks.spark.util.FrameProfilerExporter$.maybeExportFrameProfiler(FrameProfilerExporter.scala:145)
		at com.databricks.spark.util.FrameProfiler$.record(FrameProfiler.scala:105)
		at com.databricks.sql.managedcatalog.client.ManagedCatalogClientImpl.$anonfun$recordAndWrapExceptionBase$1(ManagedCatalogClientImpl.scala:7996)
		at com.databricks.sql.managedcatalog.client.ErrorDetailsHandlerImpl.wrapServiceException(ErrorDetailsHandler.scala:96)
		at com.databricks.sql.managedcatalog.client.ErrorDetailsHandlerImpl.wrapServiceException$(ErrorDetailsHandler.scala:88)
		at com.databricks.managedcatalog.ManagedCatalogClientImpl.wrapServiceException(ManagedCatalogClientImpl.scala:44)
		at com.databricks.sql.managedcatalog.client.ManagedCatalogClientImpl.recordAndWrapExceptionBase(ManagedCatalogClientImpl.scala:7975)
		at com.databricks.sql.managedcatalog.client.ManagedCatalogClientImpl.recordAndWrapException(ManagedCatalogClientImpl.scala:7959)
		at com.databricks.sql.managedcatalog.client.ManagedCatalogClientImpl.createSchema(ManagedCatalogClientImpl.scala:979)
		at com.databricks.sql.managedcatalog.ManagedCatalogCommon.createSchemaInUnityCatalog(ManagedCatalogCommon.scala:655)
		at com.databricks.sql.managedcatalog.ManagedCatalogCommon.$anonfun$createSchema$1(ManagedCatalogCommon.scala:567)
		at com.databricks.sql.managedcatalog.ManagedCatalogCommon.withSchemaCacheInvalidated(ManagedCatalogCommon.scala:1013)
		at com.databricks.sql.managedcatalog.ManagedCatalogCommon.withSchemaCacheInvalidated(ManagedCatalogCommon.scala:1005)
		at com.databricks.sql.managedcatalog.ManagedCatalogCommon.createSchema(ManagedCatalogCommon.scala:559)
		at com.databricks.sql.managedcatalog.ProfiledManagedCatalog.$anonfun$createSchema$1(ProfiledManagedCatalog.scala:148)
		at scala.runtime.java8.JFunction0$mcV$sp.apply(JFunction0$mcV$sp.scala:18)
		at org.apache.spark.sql.catalyst.MetricKeyUtils$.measure(MetricKey.scala:2144)
		at com.databricks.sql.managedcatalog.ProfiledManagedCatalog.$anonfun$profile$1(ProfiledManagedCatalog.scala:74)
		at com.databricks.spark.util.FrameProfiler$.$anonfun$record$1(FrameProfiler.scala:114)
		at com.databricks.spark.util.FrameProfilerExporter$.maybeExportFrameProfiler(FrameProfilerExporter.scala:145)
		at com.databricks.spark.util.FrameProfiler$.record(FrameProfiler.scala:105)
		at com.databricks.sql.managedcatalog.ProfiledManagedCatalog.profile(ProfiledManagedCatalog.scala:73)
		at com.databricks.sql.managedcatalog.ProfiledManagedCatalog.createSchema(ProfiledManagedCatalog.scala:148)
		at com.databricks.sql.managedcatalog.ManagedCatalogSessionCatalog.createDatabase(ManagedCatalogSessionCatalog.scala:948)
		at com.databricks.sql.managedcatalog.UnityCatalogV2Proxy.$anonfun$createNamespace$1(UnityCatalogV2Proxy.scala:182)
		at com.databricks.sql.managedcatalog.UnityCatalogV2Proxy.$anonfun$createNamespace$1$adapted(UnityCatalogV2Proxy.scala:168)
		at com.databricks.sql.managedcatalog.UnityCatalogV2Proxy.assertSingleNamespace(UnityCatalogV2Proxy.scala:131)
		at com.databricks.sql.managedcatalog.UnityCatalogV2Proxy.createNamespace(UnityCatalogV2Proxy.scala:168)
		at org.apache.spark.sql.execution.datasources.v2.CreateNamespaceExec.run(CreateNamespaceExec.scala:49)
		at org.apache.spark.sql.execution.datasources.v2.V2CommandExec.$anonfun$result$2(V2CommandExec.scala:48)
		at org.apache.spark.sql.execution.SparkPlan.runCommandInAetherOrSpark(SparkPlan.scala:195)
		at org.apache.spark.sql.execution.datasources.v2.V2CommandExec.$anonfun$result$1(V2CommandExec.scala:48)
		at com.databricks.spark.util.FrameProfiler$.$anonfun$record$1(FrameProfiler.scala:114)
		at com.databricks.spark.util.FrameProfilerExporter$.maybeExportFrameProfiler(FrameProfilerExporter.scala:198)
		at com.databricks.spark.util.FrameProfiler$.record(FrameProfiler.scala:105)
		at org.apache.spark.sql.execution.datasources.v2.V2CommandExec.result$lzycompute(V2CommandExec.scala:47)
		at org.apache.spark.sql.execution.datasources.v2.V2CommandExec.result(V2CommandExec.scala:45)
		at org.apache.spark.sql.execution.datasources.v2.V2CommandExec.executeCollect(V2CommandExec.scala:56)
		at org.apache.spark.sql.execution.QueryExecution.$anonfun$eagerlyExecuteCommands$5(QueryExecution.scala:596)
		at com.databricks.util.LexicalThreadLocal$Handle.runWith(LexicalThreadLocal.scala:63)
		at org.apache.spark.sql.execution.QueryExecution.$anonfun$eagerlyExecuteCommands$4(QueryExecution.scala:596)
		at org.apache.spark.sql.catalyst.QueryPlanningTracker$.withTracker(QueryPlanningTracker.scala:265)
		at org.apache.spark.sql.execution.QueryExecution.$anonfun$eagerlyExecuteCommands$3(QueryExecution.scala:595)
		at org.apache.spark.sql.execution.SQLExecution$.$anonfun$withNewExecutionId0$18(SQLExecution.scala:600)
		at com.databricks.sql.util.MemoryTrackerHelper.withMemoryTracking(MemoryTrackerHelper.scala:111)
		at org.apache.spark.sql.execution.SQLExecution$.$anonfun$withNewExecutionId0$16(SQLExecution.scala:513)
		at org.apache.spark.sql.execution.SQLExecution$.withSessionTagsApplied(SQLExecution.scala:932)
		at org.apache.spark.sql.execution.SQLExecution$.$anonfun$withNewExecutionId0$15(SQLExecution.scala:434)
		at org.apache.spark.JobArtifactSet$.withActiveJobArtifactState(JobArtifactSet.scala:97)
		at org.apache.spark.sql.artifact.ArtifactManager.$anonfun$withResources$1(ArtifactManager.scala:124)
		at org.apache.spark.sql.artifact.ArtifactManager.withClassLoaderIfNeeded(ArtifactManager.scala:118)
		at org.apache.spark.sql.artifact.ArtifactManager.withResources(ArtifactManager.scala:123)
		at org.apache.spark.sql.execution.SQLExecution$.$anonfun$withNewExecutionId0$14(SQLExecution.scala:434)
		at org.apache.spark.sql.execution.SQLExecution$.withSQLConfPropagated(SQLExecution.scala:967)
		at org.apache.spark.sql.execution.SQLExecution$.$anonfun$withNewExecutionId0$1(SQLExecution.scala:433)
		at org.apache.spark.sql.SparkSession.withActive(SparkSession.scala:860)
		at org.apache.spark.sql.execution.SQLExecution$.withNewExecutionId0(SQLExecution.scala:255)
		at org.apache.spark.sql.execution.SQLExecution$.withNewExecutionId(SQLExecution.scala:885)
		at org.apache.spark.sql.execution.QueryExecution.$anonfun$eagerlyExecuteCommands$2(QueryExecution.scala:591)
		at org.apache.spark.sql.execution.QueryExecution$.withInternalError(QueryExecution.scala:1607)
		at org.apache.spark.sql.execution.QueryExecution.$anonfun$eagerlyExecuteCommands$1(QueryExecution.scala:587)
		at org.apache.spark.sql.execution.QueryExecution.withMVTagsIfNecessary(QueryExecution.scala:528)
		at org.apache.spark.sql.execution.QueryExecution.org$apache$spark$sql$execution$QueryExecution$$eagerlyExecute$1(QueryExecution.scala:585)
		at org.apache.spark.sql.execution.QueryExecution$$anonfun$$nestedInanonfun$eagerlyExecuteCommands$8$1.applyOrElse(QueryExecution.scala:702)
		at org.apache.spark.sql.execution.QueryExecution$$anonfun$$nestedInanonfun$eagerlyExecuteCommands$8$1.applyOrElse(QueryExecution.scala:694)
		at org.apache.spark.sql.catalyst.trees.TreeNode.$anonfun$transformDownWithPruning$1(TreeNode.scala:543)
		at org.apache.spark.sql.catalyst.trees.CurrentOrigin$.withOrigin(origin.scala:121)
		at org.apache.spark.sql.catalyst.trees.TreeNode.transformDownWithPruning(TreeNode.scala:543)
		at org.apache.spark.sql.catalyst.plans.logical.LogicalPlan.org$apache$spark$sql$catalyst$plans$logical$AnalysisHelper$$super$transformDownWithPruning(LogicalPlan.scala:45)
		at org.apache.spark.sql.catalyst.plans.logical.AnalysisHelper.transformDownWithPruning(AnalysisHelper.scala:361)
		at org.apache.spark.sql.catalyst.plans.logical.AnalysisHelper.transformDownWithPruning$(AnalysisHelper.scala:357)
		at org.apache.spark.sql.catalyst.plans.logical.LogicalPlan.transformDownWithPruning(LogicalPlan.scala:45)
		at org.apache.spark.sql.catalyst.plans.logical.LogicalPlan.transformDownWithPruning(LogicalPlan.scala:45)
		at org.apache.spark.sql.catalyst.trees.TreeNode.transformDown(TreeNode.scala:519)
		at org.apache.spark.sql.execution.QueryExecution.$anonfun$eagerlyExecuteCommands$8(QueryExecution.scala:694)
		at org.apache.spark.sql.catalyst.plans.logical.AnalysisHelper$.allowInvokingTransformsInAnalyzer(AnalysisHelper.scala:418)
		at org.apache.spark.sql.execution.QueryExecution.eagerlyExecuteCommands(QueryExecution.scala:694)
		at org.apache.spark.sql.execution.QueryExecution.$anonfun$lazyCommandExecuted$1(QueryExecution.scala:484)
		at scala.util.Try$.apply(Try.scala:217)
		at org.apache.spark.util.Utils$.doTryWithCallerStacktrace(Utils.scala:1684)
		at org.apache.spark.util.LazyTry.tryT$lzycompute(LazyTry.scala:60)
		at org.apache.spark.util.LazyTry.tryT(LazyTry.scala:59)
		... 62 more
, operation-id=01f0f08d-467e-118f-accc-4103ea69476f
[0m14:36:41.588994 [debug] [ThreadPool]: Databricks adapter: Exception while trying to execute query
macro create_schema
: Database Error
  PERMISSION_DENIED: User does not have CREATE SCHEMA on Catalog 'samples'.
[0m14:36:41.590584 [debug] [ThreadPool]: On create_samples_dbt_dev_schema_star_schema: Close
[0m14:36:41.593072 [debug] [ThreadPool]: Databricks adapter: Connection(session-id=01f0f08d-4672-135a-b194-01a37c941326) - Closing
[0m14:36:41.653256 [debug] [ThreadPool]: Databricks adapter: Exception while trying to execute query
/* {"app": "dbt", "dbt_version": "1.11.2", "dbt_databricks_version": "1.11.4", "databricks_sql_connector_version": "4.1.3", "profile_name": "wanderbricks", "target_name": "dev", "connection_name": "create_samples_dbt_dev_schema_datamarts"} */
create schema if not exists `samples`.`dbt_dev_schema_datamarts`
  
: PERMISSION_DENIED: User does not have CREATE SCHEMA on Catalog 'samples'.
Error properties: diagnostic-info=org.apache.hive.service.cli.HiveSQLException: Error running query: [UNAUTHORIZED_ACCESS] com.databricks.sql.managedcatalog.acl.UnauthorizedAccessException: PERMISSION_DENIED: User does not have CREATE SCHEMA on Catalog 'samples'.
	at org.apache.spark.sql.hive.thriftserver.HiveThriftServerErrors$.runningQueryError(HiveThriftServerErrors.scala:49)
	at org.apache.spark.sql.hive.thriftserver.SparkExecuteStatementOperation.$anonfun$execute$1(SparkExecuteStatementOperation.scala:1050)
	at scala.runtime.java8.JFunction0$mcV$sp.apply(JFunction0$mcV$sp.scala:18)
	at com.databricks.unity.UCSEphemeralState$Handle.runWith(UCSEphemeralState.scala:51)
	at com.databricks.unity.HandleImpl.runWith(UCSHandle.scala:104)
	at org.apache.spark.sql.hive.thriftserver.SparkExecuteStatementOperation.org$apache$spark$sql$hive$thriftserver$SparkExecuteStatementOperation$$execute(SparkExecuteStatementOperation.scala:787)
	at org.apache.spark.sql.hive.thriftserver.SparkExecuteStatementOperation$$anon$2$$anon$3.$anonfun$run$5(SparkExecuteStatementOperation.scala:578)
	at scala.runtime.java8.JFunction0$mcV$sp.apply(JFunction0$mcV$sp.scala:18)
	at org.apache.spark.sql.execution.SQLExecution$.withRootExecution(SQLExecution.scala:869)
	at org.apache.spark.sql.hive.thriftserver.SparkExecuteStatementOperation$$anon$2$$anon$3.$anonfun$run$2(SparkExecuteStatementOperation.scala:578)
	at scala.runtime.java8.JFunction0$mcV$sp.apply(JFunction0$mcV$sp.scala:18)
	at com.databricks.logging.AttributionContextTracing.$anonfun$withAttributionContext$1(AttributionContextTracing.scala:80)
	at com.databricks.logging.AttributionContext$.$anonfun$withValue$1(AttributionContext.scala:348)
	at scala.util.DynamicVariable.withValue(DynamicVariable.scala:59)
	at com.databricks.logging.AttributionContext$.withValue(AttributionContext.scala:344)
	at com.databricks.logging.AttributionContextTracing.withAttributionContext(AttributionContextTracing.scala:78)
	at com.databricks.logging.AttributionContextTracing.withAttributionContext$(AttributionContextTracing.scala:75)
	at com.databricks.spark.util.DatabricksTracingHelper.withAttributionContext(DatabricksSparkTracingHelper.scala:62)
	at com.databricks.spark.util.DatabricksTracingHelper.withSpanFromRequest(DatabricksSparkTracingHelper.scala:89)
	at com.databricks.spark.util.DBRTracing$.withSpanFromRequest(DBRTracing.scala:43)
	at org.apache.spark.sql.hive.thriftserver.ThriftLocalProperties.$anonfun$withLocalProperties$15(ThriftLocalProperties.scala:238)
	at com.databricks.logging.AttributionContextTracing.$anonfun$withAttributionContext$1(AttributionContextTracing.scala:80)
	at com.databricks.logging.AttributionContext$.$anonfun$withValue$1(AttributionContext.scala:348)
	at scala.util.DynamicVariable.withValue(DynamicVariable.scala:59)
	at com.databricks.logging.AttributionContext$.withValue(AttributionContext.scala:344)
	at com.databricks.logging.AttributionContextTracing.withAttributionContext(AttributionContextTracing.scala:78)
	at com.databricks.logging.AttributionContextTracing.withAttributionContext$(AttributionContextTracing.scala:75)
	at com.databricks.spark.util.PublicDBLogging.withAttributionContext(DatabricksSparkUsageLogger.scala:29)
	at com.databricks.logging.AttributionContextTracing.withAttributionTags(AttributionContextTracing.scala:127)
	at com.databricks.logging.AttributionContextTracing.withAttributionTags$(AttributionContextTracing.scala:108)
	at com.databricks.spark.util.PublicDBLogging.withAttributionTags(DatabricksSparkUsageLogger.scala:29)
	at com.databricks.spark.util.PublicDBLogging.withAttributionTags0(DatabricksSparkUsageLogger.scala:108)
	at com.databricks.spark.util.DatabricksSparkUsageLogger.withAttributionTags(DatabricksSparkUsageLogger.scala:216)
	at com.databricks.spark.util.UsageLogging.$anonfun$withAttributionTags$1(UsageLogger.scala:668)
	at com.databricks.spark.util.UsageLogging$.withAttributionTags(UsageLogger.scala:780)
	at com.databricks.spark.util.UsageLogging$.withAttributionTags(UsageLogger.scala:789)
	at com.databricks.spark.util.UsageLogging.withAttributionTags(UsageLogger.scala:668)
	at com.databricks.spark.util.UsageLogging.withAttributionTags$(UsageLogger.scala:666)
	at org.apache.spark.sql.hive.thriftserver.SparkExecuteStatementOperation.withAttributionTags(SparkExecuteStatementOperation.scala:76)
	at org.apache.spark.sql.hive.thriftserver.ThriftLocalProperties.$anonfun$withLocalProperties$12(ThriftLocalProperties.scala:233)
	at com.databricks.spark.util.IdentityClaim$.withClaim(IdentityClaim.scala:48)
	at org.apache.spark.sql.hive.thriftserver.ThriftLocalProperties.withLocalProperties(ThriftLocalProperties.scala:229)
	at org.apache.spark.sql.hive.thriftserver.ThriftLocalProperties.withLocalProperties$(ThriftLocalProperties.scala:89)
	at org.apache.spark.sql.hive.thriftserver.SparkExecuteStatementOperation.withLocalProperties(SparkExecuteStatementOperation.scala:76)
	at org.apache.spark.sql.hive.thriftserver.SparkExecuteStatementOperation$$anon$2$$anon$3.run(SparkExecuteStatementOperation.scala:555)
	at org.apache.spark.sql.hive.thriftserver.SparkExecuteStatementOperation$$anon$2$$anon$3.run(SparkExecuteStatementOperation.scala:541)
	at java.base/java.security.AccessController.doPrivileged(AccessController.java:712)
	at java.base/javax.security.auth.Subject.doAs(Subject.java:439)
	at org.apache.hadoop.security.UserGroupInformation.doAs(UserGroupInformation.java:1953)
	at org.apache.spark.sql.hive.thriftserver.SparkExecuteStatementOperation$$anon$2.run(SparkExecuteStatementOperation.scala:591)
	at java.base/java.util.concurrent.Executors$RunnableAdapter.call(Executors.java:539)
	at java.base/java.util.concurrent.FutureTask.run(FutureTask.java:264)
	at java.base/java.util.concurrent.ThreadPoolExecutor.runWorker(ThreadPoolExecutor.java:1136)
	at java.base/java.util.concurrent.ThreadPoolExecutor$Worker.run(ThreadPoolExecutor.java:635)
	at java.base/java.lang.Thread.run(Thread.java:840)
Caused by: com.databricks.sql.managedcatalog.acl.UnauthorizedAccessException: PERMISSION_DENIED: User does not have CREATE SCHEMA on Catalog 'samples'.
	at com.databricks.sql.managedcatalog.client.ErrorDetailsHandlerImpl.wrapServiceException(ErrorDetailsHandler.scala:119)
	at com.databricks.sql.managedcatalog.client.ErrorDetailsHandlerImpl.wrapServiceException$(ErrorDetailsHandler.scala:88)
	at com.databricks.managedcatalog.ManagedCatalogClientImpl.wrapServiceException(ManagedCatalogClientImpl.scala:44)
	at com.databricks.sql.managedcatalog.client.ManagedCatalogClientImpl.recordAndWrapExceptionBase(ManagedCatalogClientImpl.scala:7975)
	at com.databricks.sql.managedcatalog.client.ManagedCatalogClientImpl.recordAndWrapException(ManagedCatalogClientImpl.scala:7959)
	at com.databricks.sql.managedcatalog.client.ManagedCatalogClientImpl.createSchemaProto(ManagedCatalogClientImpl.scala:1001)
	at com.databricks.sql.managedcatalog.client.ManagedCatalogClientImpl.$anonfun$createSchema$3(ManagedCatalogClientImpl.scala:989)
	at com.databricks.sql.managedcatalog.client.ManagedCatalogClientImpl.$anonfun$recordAndWrapExceptionBase$2(ManagedCatalogClientImpl.scala:7997)
	at com.databricks.spark.util.FrameProfiler$.$anonfun$record$1(FrameProfiler.scala:114)
	at com.databricks.spark.util.FrameProfilerExporter$.maybeExportFrameProfiler(FrameProfilerExporter.scala:145)
	at com.databricks.spark.util.FrameProfiler$.record(FrameProfiler.scala:105)
	at com.databricks.sql.managedcatalog.client.ManagedCatalogClientImpl.$anonfun$recordAndWrapExceptionBase$1(ManagedCatalogClientImpl.scala:7996)
	at com.databricks.sql.managedcatalog.client.ErrorDetailsHandlerImpl.wrapServiceException(ErrorDetailsHandler.scala:96)
	at com.databricks.sql.managedcatalog.client.ErrorDetailsHandlerImpl.wrapServiceException$(ErrorDetailsHandler.scala:88)
	at com.databricks.managedcatalog.ManagedCatalogClientImpl.wrapServiceException(ManagedCatalogClientImpl.scala:44)
	at com.databricks.sql.managedcatalog.client.ManagedCatalogClientImpl.recordAndWrapExceptionBase(ManagedCatalogClientImpl.scala:7975)
	at com.databricks.sql.managedcatalog.client.ManagedCatalogClientImpl.recordAndWrapException(ManagedCatalogClientImpl.scala:7959)
	at com.databricks.sql.managedcatalog.client.ManagedCatalogClientImpl.createSchema(ManagedCatalogClientImpl.scala:979)
	at com.databricks.sql.managedcatalog.ManagedCatalogCommon.createSchemaInUnityCatalog(ManagedCatalogCommon.scala:655)
	at com.databricks.sql.managedcatalog.ManagedCatalogCommon.$anonfun$createSchema$1(ManagedCatalogCommon.scala:567)
	at com.databricks.sql.managedcatalog.ManagedCatalogCommon.withSchemaCacheInvalidated(ManagedCatalogCommon.scala:1013)
	at com.databricks.sql.managedcatalog.ManagedCatalogCommon.withSchemaCacheInvalidated(ManagedCatalogCommon.scala:1005)
	at com.databricks.sql.managedcatalog.ManagedCatalogCommon.createSchema(ManagedCatalogCommon.scala:559)
	at com.databricks.sql.managedcatalog.ProfiledManagedCatalog.$anonfun$createSchema$1(ProfiledManagedCatalog.scala:148)
	at scala.runtime.java8.JFunction0$mcV$sp.apply(JFunction0$mcV$sp.scala:18)
	at org.apache.spark.sql.catalyst.MetricKeyUtils$.measure(MetricKey.scala:2144)
	at com.databricks.sql.managedcatalog.ProfiledManagedCatalog.$anonfun$profile$1(ProfiledManagedCatalog.scala:74)
	at com.databricks.spark.util.FrameProfiler$.$anonfun$record$1(FrameProfiler.scala:114)
	at com.databricks.spark.util.FrameProfilerExporter$.maybeExportFrameProfiler(FrameProfilerExporter.scala:145)
	at com.databricks.spark.util.FrameProfiler$.record(FrameProfiler.scala:105)
	at com.databricks.sql.managedcatalog.ProfiledManagedCatalog.profile(ProfiledManagedCatalog.scala:73)
	at com.databricks.sql.managedcatalog.ProfiledManagedCatalog.createSchema(ProfiledManagedCatalog.scala:148)
	at com.databricks.sql.managedcatalog.ManagedCatalogSessionCatalog.createDatabase(ManagedCatalogSessionCatalog.scala:948)
	at com.databricks.sql.managedcatalog.UnityCatalogV2Proxy.$anonfun$createNamespace$1(UnityCatalogV2Proxy.scala:182)
	at com.databricks.sql.managedcatalog.UnityCatalogV2Proxy.$anonfun$createNamespace$1$adapted(UnityCatalogV2Proxy.scala:168)
	at com.databricks.sql.managedcatalog.UnityCatalogV2Proxy.assertSingleNamespace(UnityCatalogV2Proxy.scala:131)
	at com.databricks.sql.managedcatalog.UnityCatalogV2Proxy.createNamespace(UnityCatalogV2Proxy.scala:168)
	at org.apache.spark.sql.execution.datasources.v2.CreateNamespaceExec.run(CreateNamespaceExec.scala:49)
	at org.apache.spark.sql.execution.datasources.v2.V2CommandExec.$anonfun$result$2(V2CommandExec.scala:48)
	at org.apache.spark.sql.execution.SparkPlan.runCommandInAetherOrSpark(SparkPlan.scala:195)
	at org.apache.spark.sql.execution.datasources.v2.V2CommandExec.$anonfun$result$1(V2CommandExec.scala:48)
	at com.databricks.spark.util.FrameProfiler$.$anonfun$record$1(FrameProfiler.scala:114)
	at com.databricks.spark.util.FrameProfilerExporter$.maybeExportFrameProfiler(FrameProfilerExporter.scala:198)
	at com.databricks.spark.util.FrameProfiler$.record(FrameProfiler.scala:105)
	at org.apache.spark.sql.execution.datasources.v2.V2CommandExec.result$lzycompute(V2CommandExec.scala:47)
	at org.apache.spark.sql.execution.datasources.v2.V2CommandExec.result(V2CommandExec.scala:45)
	at org.apache.spark.sql.execution.datasources.v2.V2CommandExec.executeCollect(V2CommandExec.scala:56)
	at org.apache.spark.sql.execution.QueryExecution.$anonfun$eagerlyExecuteCommands$5(QueryExecution.scala:596)
	at com.databricks.util.LexicalThreadLocal$Handle.runWith(LexicalThreadLocal.scala:63)
	at org.apache.spark.sql.execution.QueryExecution.$anonfun$eagerlyExecuteCommands$4(QueryExecution.scala:596)
	at org.apache.spark.sql.catalyst.QueryPlanningTracker$.withTracker(QueryPlanningTracker.scala:265)
	at org.apache.spark.sql.execution.QueryExecution.$anonfun$eagerlyExecuteCommands$3(QueryExecution.scala:595)
	at org.apache.spark.sql.execution.SQLExecution$.$anonfun$withNewExecutionId0$18(SQLExecution.scala:600)
	at com.databricks.sql.util.MemoryTrackerHelper.withMemoryTracking(MemoryTrackerHelper.scala:111)
	at org.apache.spark.sql.execution.SQLExecution$.$anonfun$withNewExecutionId0$16(SQLExecution.scala:513)
	at org.apache.spark.sql.execution.SQLExecution$.withSessionTagsApplied(SQLExecution.scala:932)
	at org.apache.spark.sql.execution.SQLExecution$.$anonfun$withNewExecutionId0$15(SQLExecution.scala:434)
	at org.apache.spark.JobArtifactSet$.withActiveJobArtifactState(JobArtifactSet.scala:97)
	at org.apache.spark.sql.artifact.ArtifactManager.$anonfun$withResources$1(ArtifactManager.scala:124)
	at org.apache.spark.sql.artifact.ArtifactManager.withClassLoaderIfNeeded(ArtifactManager.scala:118)
	at org.apache.spark.sql.artifact.ArtifactManager.withResources(ArtifactManager.scala:123)
	at org.apache.spark.sql.execution.SQLExecution$.$anonfun$withNewExecutionId0$14(SQLExecution.scala:434)
	at org.apache.spark.sql.execution.SQLExecution$.withSQLConfPropagated(SQLExecution.scala:967)
	at org.apache.spark.sql.execution.SQLExecution$.$anonfun$withNewExecutionId0$1(SQLExecution.scala:433)
	at org.apache.spark.sql.SparkSession.withActive(SparkSession.scala:860)
	at org.apache.spark.sql.execution.SQLExecution$.withNewExecutionId0(SQLExecution.scala:255)
	at org.apache.spark.sql.execution.SQLExecution$.withNewExecutionId(SQLExecution.scala:885)
	at org.apache.spark.sql.execution.QueryExecution.$anonfun$eagerlyExecuteCommands$2(QueryExecution.scala:591)
	at org.apache.spark.sql.execution.QueryExecution$.withInternalError(QueryExecution.scala:1607)
	at org.apache.spark.sql.execution.QueryExecution.$anonfun$eagerlyExecuteCommands$1(QueryExecution.scala:587)
	at org.apache.spark.sql.execution.QueryExecution.withMVTagsIfNecessary(QueryExecution.scala:528)
	at org.apache.spark.sql.execution.QueryExecution.org$apache$spark$sql$execution$QueryExecution$$eagerlyExecute$1(QueryExecution.scala:585)
	at org.apache.spark.sql.execution.QueryExecution$$anonfun$$nestedInanonfun$eagerlyExecuteCommands$8$1.applyOrElse(QueryExecution.scala:702)
	at org.apache.spark.sql.execution.QueryExecution$$anonfun$$nestedInanonfun$eagerlyExecuteCommands$8$1.applyOrElse(QueryExecution.scala:694)
	at org.apache.spark.sql.catalyst.trees.TreeNode.$anonfun$transformDownWithPruning$1(TreeNode.scala:543)
	at org.apache.spark.sql.catalyst.trees.CurrentOrigin$.withOrigin(origin.scala:121)
	at org.apache.spark.sql.catalyst.trees.TreeNode.transformDownWithPruning(TreeNode.scala:543)
	at org.apache.spark.sql.catalyst.plans.logical.LogicalPlan.org$apache$spark$sql$catalyst$plans$logical$AnalysisHelper$$super$transformDownWithPruning(LogicalPlan.scala:45)
	at org.apache.spark.sql.catalyst.plans.logical.AnalysisHelper.transformDownWithPruning(AnalysisHelper.scala:361)
	at org.apache.spark.sql.catalyst.plans.logical.AnalysisHelper.transformDownWithPruning$(AnalysisHelper.scala:357)
	at org.apache.spark.sql.catalyst.plans.logical.LogicalPlan.transformDownWithPruning(LogicalPlan.scala:45)
	at org.apache.spark.sql.catalyst.plans.logical.LogicalPlan.transformDownWithPruning(LogicalPlan.scala:45)
	at org.apache.spark.sql.catalyst.trees.TreeNode.transformDown(TreeNode.scala:519)
	at org.apache.spark.sql.execution.QueryExecution.$anonfun$eagerlyExecuteCommands$8(QueryExecution.scala:694)
	at org.apache.spark.sql.catalyst.plans.logical.AnalysisHelper$.allowInvokingTransformsInAnalyzer(AnalysisHelper.scala:418)
	at org.apache.spark.sql.execution.QueryExecution.eagerlyExecuteCommands(QueryExecution.scala:694)
	at org.apache.spark.sql.execution.QueryExecution.$anonfun$lazyCommandExecuted$1(QueryExecution.scala:484)
	at scala.util.Try$.apply(Try.scala:217)
	at org.apache.spark.util.Utils$.doTryWithCallerStacktrace(Utils.scala:1684)
	at org.apache.spark.util.Utils$.getTryWithCallerStacktrace(Utils.scala:1745)
	at org.apache.spark.util.LazyTry.get(LazyTry.scala:75)
	at org.apache.spark.sql.execution.QueryExecution.commandExecuted(QueryExecution.scala:489)
	at org.apache.spark.sql.classic.Dataset.<init>(Dataset.scala:431)
	at org.apache.spark.sql.classic.Dataset.<init>(Dataset.scala:411)
	at org.apache.spark.sql.hive.thriftserver.SparkExecuteStatementOperation.getOrCreateDF(SparkExecuteStatementOperation.scala:674)
	at org.apache.spark.sql.hive.thriftserver.SparkExecuteStatementOperation.analyzeQuery(SparkExecuteStatementOperation.scala:701)
	at org.apache.spark.sql.hive.thriftserver.SparkExecuteStatementOperation.$anonfun$execute$5(SparkExecuteStatementOperation.scala:847)
	at org.apache.spark.util.Utils$.timeTakenMs(Utils.scala:583)
	at org.apache.spark.sql.hive.thriftserver.SparkExecuteStatementOperation.$anonfun$execute$1(SparkExecuteStatementOperation.scala:847)
	... 53 more
	Suppressed: org.apache.spark.util.Utils$OriginalTryStackTraceException: Full stacktrace of original doTryWithCallerStacktrace caller
		at com.databricks.sql.managedcatalog.client.ErrorDetailsHandlerImpl.wrapServiceException(ErrorDetailsHandler.scala:119)
		at com.databricks.sql.managedcatalog.client.ErrorDetailsHandlerImpl.wrapServiceException$(ErrorDetailsHandler.scala:88)
		at com.databricks.managedcatalog.ManagedCatalogClientImpl.wrapServiceException(ManagedCatalogClientImpl.scala:44)
		at com.databricks.sql.managedcatalog.client.ManagedCatalogClientImpl.recordAndWrapExceptionBase(ManagedCatalogClientImpl.scala:7975)
		at com.databricks.sql.managedcatalog.client.ManagedCatalogClientImpl.recordAndWrapException(ManagedCatalogClientImpl.scala:7959)
		at com.databricks.sql.managedcatalog.client.ManagedCatalogClientImpl.createSchemaProto(ManagedCatalogClientImpl.scala:1001)
		at com.databricks.sql.managedcatalog.client.ManagedCatalogClientImpl.$anonfun$createSchema$3(ManagedCatalogClientImpl.scala:989)
		at com.databricks.sql.managedcatalog.client.ManagedCatalogClientImpl.$anonfun$recordAndWrapExceptionBase$2(ManagedCatalogClientImpl.scala:7997)
		at com.databricks.spark.util.FrameProfiler$.$anonfun$record$1(FrameProfiler.scala:114)
		at com.databricks.spark.util.FrameProfilerExporter$.maybeExportFrameProfiler(FrameProfilerExporter.scala:145)
		at com.databricks.spark.util.FrameProfiler$.record(FrameProfiler.scala:105)
		at com.databricks.sql.managedcatalog.client.ManagedCatalogClientImpl.$anonfun$recordAndWrapExceptionBase$1(ManagedCatalogClientImpl.scala:7996)
		at com.databricks.sql.managedcatalog.client.ErrorDetailsHandlerImpl.wrapServiceException(ErrorDetailsHandler.scala:96)
		at com.databricks.sql.managedcatalog.client.ErrorDetailsHandlerImpl.wrapServiceException$(ErrorDetailsHandler.scala:88)
		at com.databricks.managedcatalog.ManagedCatalogClientImpl.wrapServiceException(ManagedCatalogClientImpl.scala:44)
		at com.databricks.sql.managedcatalog.client.ManagedCatalogClientImpl.recordAndWrapExceptionBase(ManagedCatalogClientImpl.scala:7975)
		at com.databricks.sql.managedcatalog.client.ManagedCatalogClientImpl.recordAndWrapException(ManagedCatalogClientImpl.scala:7959)
		at com.databricks.sql.managedcatalog.client.ManagedCatalogClientImpl.createSchema(ManagedCatalogClientImpl.scala:979)
		at com.databricks.sql.managedcatalog.ManagedCatalogCommon.createSchemaInUnityCatalog(ManagedCatalogCommon.scala:655)
		at com.databricks.sql.managedcatalog.ManagedCatalogCommon.$anonfun$createSchema$1(ManagedCatalogCommon.scala:567)
		at com.databricks.sql.managedcatalog.ManagedCatalogCommon.withSchemaCacheInvalidated(ManagedCatalogCommon.scala:1013)
		at com.databricks.sql.managedcatalog.ManagedCatalogCommon.withSchemaCacheInvalidated(ManagedCatalogCommon.scala:1005)
		at com.databricks.sql.managedcatalog.ManagedCatalogCommon.createSchema(ManagedCatalogCommon.scala:559)
		at com.databricks.sql.managedcatalog.ProfiledManagedCatalog.$anonfun$createSchema$1(ProfiledManagedCatalog.scala:148)
		at scala.runtime.java8.JFunction0$mcV$sp.apply(JFunction0$mcV$sp.scala:18)
		at org.apache.spark.sql.catalyst.MetricKeyUtils$.measure(MetricKey.scala:2144)
		at com.databricks.sql.managedcatalog.ProfiledManagedCatalog.$anonfun$profile$1(ProfiledManagedCatalog.scala:74)
		at com.databricks.spark.util.FrameProfiler$.$anonfun$record$1(FrameProfiler.scala:114)
		at com.databricks.spark.util.FrameProfilerExporter$.maybeExportFrameProfiler(FrameProfilerExporter.scala:145)
		at com.databricks.spark.util.FrameProfiler$.record(FrameProfiler.scala:105)
		at com.databricks.sql.managedcatalog.ProfiledManagedCatalog.profile(ProfiledManagedCatalog.scala:73)
		at com.databricks.sql.managedcatalog.ProfiledManagedCatalog.createSchema(ProfiledManagedCatalog.scala:148)
		at com.databricks.sql.managedcatalog.ManagedCatalogSessionCatalog.createDatabase(ManagedCatalogSessionCatalog.scala:948)
		at com.databricks.sql.managedcatalog.UnityCatalogV2Proxy.$anonfun$createNamespace$1(UnityCatalogV2Proxy.scala:182)
		at com.databricks.sql.managedcatalog.UnityCatalogV2Proxy.$anonfun$createNamespace$1$adapted(UnityCatalogV2Proxy.scala:168)
		at com.databricks.sql.managedcatalog.UnityCatalogV2Proxy.assertSingleNamespace(UnityCatalogV2Proxy.scala:131)
		at com.databricks.sql.managedcatalog.UnityCatalogV2Proxy.createNamespace(UnityCatalogV2Proxy.scala:168)
		at org.apache.spark.sql.execution.datasources.v2.CreateNamespaceExec.run(CreateNamespaceExec.scala:49)
		at org.apache.spark.sql.execution.datasources.v2.V2CommandExec.$anonfun$result$2(V2CommandExec.scala:48)
		at org.apache.spark.sql.execution.SparkPlan.runCommandInAetherOrSpark(SparkPlan.scala:195)
		at org.apache.spark.sql.execution.datasources.v2.V2CommandExec.$anonfun$result$1(V2CommandExec.scala:48)
		at com.databricks.spark.util.FrameProfiler$.$anonfun$record$1(FrameProfiler.scala:114)
		at com.databricks.spark.util.FrameProfilerExporter$.maybeExportFrameProfiler(FrameProfilerExporter.scala:198)
		at com.databricks.spark.util.FrameProfiler$.record(FrameProfiler.scala:105)
		at org.apache.spark.sql.execution.datasources.v2.V2CommandExec.result$lzycompute(V2CommandExec.scala:47)
		at org.apache.spark.sql.execution.datasources.v2.V2CommandExec.result(V2CommandExec.scala:45)
		at org.apache.spark.sql.execution.datasources.v2.V2CommandExec.executeCollect(V2CommandExec.scala:56)
		at org.apache.spark.sql.execution.QueryExecution.$anonfun$eagerlyExecuteCommands$5(QueryExecution.scala:596)
		at com.databricks.util.LexicalThreadLocal$Handle.runWith(LexicalThreadLocal.scala:63)
		at org.apache.spark.sql.execution.QueryExecution.$anonfun$eagerlyExecuteCommands$4(QueryExecution.scala:596)
		at org.apache.spark.sql.catalyst.QueryPlanningTracker$.withTracker(QueryPlanningTracker.scala:265)
		at org.apache.spark.sql.execution.QueryExecution.$anonfun$eagerlyExecuteCommands$3(QueryExecution.scala:595)
		at org.apache.spark.sql.execution.SQLExecution$.$anonfun$withNewExecutionId0$18(SQLExecution.scala:600)
		at com.databricks.sql.util.MemoryTrackerHelper.withMemoryTracking(MemoryTrackerHelper.scala:111)
		at org.apache.spark.sql.execution.SQLExecution$.$anonfun$withNewExecutionId0$16(SQLExecution.scala:513)
		at org.apache.spark.sql.execution.SQLExecution$.withSessionTagsApplied(SQLExecution.scala:932)
		at org.apache.spark.sql.execution.SQLExecution$.$anonfun$withNewExecutionId0$15(SQLExecution.scala:434)
		at org.apache.spark.JobArtifactSet$.withActiveJobArtifactState(JobArtifactSet.scala:97)
		at org.apache.spark.sql.artifact.ArtifactManager.$anonfun$withResources$1(ArtifactManager.scala:124)
		at org.apache.spark.sql.artifact.ArtifactManager.withClassLoaderIfNeeded(ArtifactManager.scala:118)
		at org.apache.spark.sql.artifact.ArtifactManager.withResources(ArtifactManager.scala:123)
		at org.apache.spark.sql.execution.SQLExecution$.$anonfun$withNewExecutionId0$14(SQLExecution.scala:434)
		at org.apache.spark.sql.execution.SQLExecution$.withSQLConfPropagated(SQLExecution.scala:967)
		at org.apache.spark.sql.execution.SQLExecution$.$anonfun$withNewExecutionId0$1(SQLExecution.scala:433)
		at org.apache.spark.sql.SparkSession.withActive(SparkSession.scala:860)
		at org.apache.spark.sql.execution.SQLExecution$.withNewExecutionId0(SQLExecution.scala:255)
		at org.apache.spark.sql.execution.SQLExecution$.withNewExecutionId(SQLExecution.scala:885)
		at org.apache.spark.sql.execution.QueryExecution.$anonfun$eagerlyExecuteCommands$2(QueryExecution.scala:591)
		at org.apache.spark.sql.execution.QueryExecution$.withInternalError(QueryExecution.scala:1607)
		at org.apache.spark.sql.execution.QueryExecution.$anonfun$eagerlyExecuteCommands$1(QueryExecution.scala:587)
		at org.apache.spark.sql.execution.QueryExecution.withMVTagsIfNecessary(QueryExecution.scala:528)
		at org.apache.spark.sql.execution.QueryExecution.org$apache$spark$sql$execution$QueryExecution$$eagerlyExecute$1(QueryExecution.scala:585)
		at org.apache.spark.sql.execution.QueryExecution$$anonfun$$nestedInanonfun$eagerlyExecuteCommands$8$1.applyOrElse(QueryExecution.scala:702)
		at org.apache.spark.sql.execution.QueryExecution$$anonfun$$nestedInanonfun$eagerlyExecuteCommands$8$1.applyOrElse(QueryExecution.scala:694)
		at org.apache.spark.sql.catalyst.trees.TreeNode.$anonfun$transformDownWithPruning$1(TreeNode.scala:543)
		at org.apache.spark.sql.catalyst.trees.CurrentOrigin$.withOrigin(origin.scala:121)
		at org.apache.spark.sql.catalyst.trees.TreeNode.transformDownWithPruning(TreeNode.scala:543)
		at org.apache.spark.sql.catalyst.plans.logical.LogicalPlan.org$apache$spark$sql$catalyst$plans$logical$AnalysisHelper$$super$transformDownWithPruning(LogicalPlan.scala:45)
		at org.apache.spark.sql.catalyst.plans.logical.AnalysisHelper.transformDownWithPruning(AnalysisHelper.scala:361)
		at org.apache.spark.sql.catalyst.plans.logical.AnalysisHelper.transformDownWithPruning$(AnalysisHelper.scala:357)
		at org.apache.spark.sql.catalyst.plans.logical.LogicalPlan.transformDownWithPruning(LogicalPlan.scala:45)
		at org.apache.spark.sql.catalyst.plans.logical.LogicalPlan.transformDownWithPruning(LogicalPlan.scala:45)
		at org.apache.spark.sql.catalyst.trees.TreeNode.transformDown(TreeNode.scala:519)
		at org.apache.spark.sql.execution.QueryExecution.$anonfun$eagerlyExecuteCommands$8(QueryExecution.scala:694)
		at org.apache.spark.sql.catalyst.plans.logical.AnalysisHelper$.allowInvokingTransformsInAnalyzer(AnalysisHelper.scala:418)
		at org.apache.spark.sql.execution.QueryExecution.eagerlyExecuteCommands(QueryExecution.scala:694)
		at org.apache.spark.sql.execution.QueryExecution.$anonfun$lazyCommandExecuted$1(QueryExecution.scala:484)
		at scala.util.Try$.apply(Try.scala:217)
		at org.apache.spark.util.Utils$.doTryWithCallerStacktrace(Utils.scala:1684)
		at org.apache.spark.util.LazyTry.tryT$lzycompute(LazyTry.scala:60)
		at org.apache.spark.util.LazyTry.tryT(LazyTry.scala:59)
		... 62 more
, operation-id=01f0f08d-4682-1e8e-9471-6284a8cf67d7
[0m14:36:41.656202 [debug] [ThreadPool]: Databricks adapter: Exception while trying to execute query
macro create_schema
: Database Error
  PERMISSION_DENIED: User does not have CREATE SCHEMA on Catalog 'samples'.
[0m14:36:41.688279 [debug] [ThreadPool]: Databricks adapter: Exception while trying to execute query
/* {"app": "dbt", "dbt_version": "1.11.2", "dbt_databricks_version": "1.11.4", "databricks_sql_connector_version": "4.1.3", "profile_name": "wanderbricks", "target_name": "dev", "connection_name": "create_samples_dbt_dev_schema_staging"} */
create schema if not exists `samples`.`dbt_dev_schema_staging`
  
: PERMISSION_DENIED: User does not have CREATE SCHEMA on Catalog 'samples'.
Error properties: diagnostic-info=org.apache.hive.service.cli.HiveSQLException: Error running query: [UNAUTHORIZED_ACCESS] com.databricks.sql.managedcatalog.acl.UnauthorizedAccessException: PERMISSION_DENIED: User does not have CREATE SCHEMA on Catalog 'samples'.
	at org.apache.spark.sql.hive.thriftserver.HiveThriftServerErrors$.runningQueryError(HiveThriftServerErrors.scala:49)
	at org.apache.spark.sql.hive.thriftserver.SparkExecuteStatementOperation.$anonfun$execute$1(SparkExecuteStatementOperation.scala:1050)
	at scala.runtime.java8.JFunction0$mcV$sp.apply(JFunction0$mcV$sp.scala:18)
	at com.databricks.unity.UCSEphemeralState$Handle.runWith(UCSEphemeralState.scala:51)
	at com.databricks.unity.HandleImpl.runWith(UCSHandle.scala:104)
	at org.apache.spark.sql.hive.thriftserver.SparkExecuteStatementOperation.org$apache$spark$sql$hive$thriftserver$SparkExecuteStatementOperation$$execute(SparkExecuteStatementOperation.scala:787)
	at org.apache.spark.sql.hive.thriftserver.SparkExecuteStatementOperation$$anon$2$$anon$3.$anonfun$run$5(SparkExecuteStatementOperation.scala:578)
	at scala.runtime.java8.JFunction0$mcV$sp.apply(JFunction0$mcV$sp.scala:18)
	at org.apache.spark.sql.execution.SQLExecution$.withRootExecution(SQLExecution.scala:869)
	at org.apache.spark.sql.hive.thriftserver.SparkExecuteStatementOperation$$anon$2$$anon$3.$anonfun$run$2(SparkExecuteStatementOperation.scala:578)
	at scala.runtime.java8.JFunction0$mcV$sp.apply(JFunction0$mcV$sp.scala:18)
	at com.databricks.logging.AttributionContextTracing.$anonfun$withAttributionContext$1(AttributionContextTracing.scala:80)
	at com.databricks.logging.AttributionContext$.$anonfun$withValue$1(AttributionContext.scala:348)
	at scala.util.DynamicVariable.withValue(DynamicVariable.scala:59)
	at com.databricks.logging.AttributionContext$.withValue(AttributionContext.scala:344)
	at com.databricks.logging.AttributionContextTracing.withAttributionContext(AttributionContextTracing.scala:78)
	at com.databricks.logging.AttributionContextTracing.withAttributionContext$(AttributionContextTracing.scala:75)
	at com.databricks.spark.util.DatabricksTracingHelper.withAttributionContext(DatabricksSparkTracingHelper.scala:62)
	at com.databricks.spark.util.DatabricksTracingHelper.withSpanFromRequest(DatabricksSparkTracingHelper.scala:89)
	at com.databricks.spark.util.DBRTracing$.withSpanFromRequest(DBRTracing.scala:43)
	at org.apache.spark.sql.hive.thriftserver.ThriftLocalProperties.$anonfun$withLocalProperties$15(ThriftLocalProperties.scala:238)
	at com.databricks.logging.AttributionContextTracing.$anonfun$withAttributionContext$1(AttributionContextTracing.scala:80)
	at com.databricks.logging.AttributionContext$.$anonfun$withValue$1(AttributionContext.scala:348)
	at scala.util.DynamicVariable.withValue(DynamicVariable.scala:59)
	at com.databricks.logging.AttributionContext$.withValue(AttributionContext.scala:344)
	at com.databricks.logging.AttributionContextTracing.withAttributionContext(AttributionContextTracing.scala:78)
	at com.databricks.logging.AttributionContextTracing.withAttributionContext$(AttributionContextTracing.scala:75)
	at com.databricks.spark.util.PublicDBLogging.withAttributionContext(DatabricksSparkUsageLogger.scala:29)
	at com.databricks.logging.AttributionContextTracing.withAttributionTags(AttributionContextTracing.scala:127)
	at com.databricks.logging.AttributionContextTracing.withAttributionTags$(AttributionContextTracing.scala:108)
	at com.databricks.spark.util.PublicDBLogging.withAttributionTags(DatabricksSparkUsageLogger.scala:29)
	at com.databricks.spark.util.PublicDBLogging.withAttributionTags0(DatabricksSparkUsageLogger.scala:108)
	at com.databricks.spark.util.DatabricksSparkUsageLogger.withAttributionTags(DatabricksSparkUsageLogger.scala:216)
	at com.databricks.spark.util.UsageLogging.$anonfun$withAttributionTags$1(UsageLogger.scala:668)
	at com.databricks.spark.util.UsageLogging$.withAttributionTags(UsageLogger.scala:780)
	at com.databricks.spark.util.UsageLogging$.withAttributionTags(UsageLogger.scala:789)
	at com.databricks.spark.util.UsageLogging.withAttributionTags(UsageLogger.scala:668)
	at com.databricks.spark.util.UsageLogging.withAttributionTags$(UsageLogger.scala:666)
	at org.apache.spark.sql.hive.thriftserver.SparkExecuteStatementOperation.withAttributionTags(SparkExecuteStatementOperation.scala:76)
	at org.apache.spark.sql.hive.thriftserver.ThriftLocalProperties.$anonfun$withLocalProperties$12(ThriftLocalProperties.scala:233)
	at com.databricks.spark.util.IdentityClaim$.withClaim(IdentityClaim.scala:48)
	at org.apache.spark.sql.hive.thriftserver.ThriftLocalProperties.withLocalProperties(ThriftLocalProperties.scala:229)
	at org.apache.spark.sql.hive.thriftserver.ThriftLocalProperties.withLocalProperties$(ThriftLocalProperties.scala:89)
	at org.apache.spark.sql.hive.thriftserver.SparkExecuteStatementOperation.withLocalProperties(SparkExecuteStatementOperation.scala:76)
	at org.apache.spark.sql.hive.thriftserver.SparkExecuteStatementOperation$$anon$2$$anon$3.run(SparkExecuteStatementOperation.scala:555)
	at org.apache.spark.sql.hive.thriftserver.SparkExecuteStatementOperation$$anon$2$$anon$3.run(SparkExecuteStatementOperation.scala:541)
	at java.base/java.security.AccessController.doPrivileged(AccessController.java:712)
	at java.base/javax.security.auth.Subject.doAs(Subject.java:439)
	at org.apache.hadoop.security.UserGroupInformation.doAs(UserGroupInformation.java:1953)
	at org.apache.spark.sql.hive.thriftserver.SparkExecuteStatementOperation$$anon$2.run(SparkExecuteStatementOperation.scala:591)
	at java.base/java.util.concurrent.Executors$RunnableAdapter.call(Executors.java:539)
	at java.base/java.util.concurrent.FutureTask.run(FutureTask.java:264)
	at java.base/java.util.concurrent.ThreadPoolExecutor.runWorker(ThreadPoolExecutor.java:1136)
	at java.base/java.util.concurrent.ThreadPoolExecutor$Worker.run(ThreadPoolExecutor.java:635)
	at java.base/java.lang.Thread.run(Thread.java:840)
Caused by: com.databricks.sql.managedcatalog.acl.UnauthorizedAccessException: PERMISSION_DENIED: User does not have CREATE SCHEMA on Catalog 'samples'.
	at com.databricks.sql.managedcatalog.client.ErrorDetailsHandlerImpl.wrapServiceException(ErrorDetailsHandler.scala:119)
	at com.databricks.sql.managedcatalog.client.ErrorDetailsHandlerImpl.wrapServiceException$(ErrorDetailsHandler.scala:88)
	at com.databricks.managedcatalog.ManagedCatalogClientImpl.wrapServiceException(ManagedCatalogClientImpl.scala:44)
	at com.databricks.sql.managedcatalog.client.ManagedCatalogClientImpl.recordAndWrapExceptionBase(ManagedCatalogClientImpl.scala:7975)
	at com.databricks.sql.managedcatalog.client.ManagedCatalogClientImpl.recordAndWrapException(ManagedCatalogClientImpl.scala:7959)
	at com.databricks.sql.managedcatalog.client.ManagedCatalogClientImpl.createSchemaProto(ManagedCatalogClientImpl.scala:1001)
	at com.databricks.sql.managedcatalog.client.ManagedCatalogClientImpl.$anonfun$createSchema$3(ManagedCatalogClientImpl.scala:989)
	at com.databricks.sql.managedcatalog.client.ManagedCatalogClientImpl.$anonfun$recordAndWrapExceptionBase$2(ManagedCatalogClientImpl.scala:7997)
	at com.databricks.spark.util.FrameProfiler$.$anonfun$record$1(FrameProfiler.scala:114)
	at com.databricks.spark.util.FrameProfilerExporter$.maybeExportFrameProfiler(FrameProfilerExporter.scala:145)
	at com.databricks.spark.util.FrameProfiler$.record(FrameProfiler.scala:105)
	at com.databricks.sql.managedcatalog.client.ManagedCatalogClientImpl.$anonfun$recordAndWrapExceptionBase$1(ManagedCatalogClientImpl.scala:7996)
	at com.databricks.sql.managedcatalog.client.ErrorDetailsHandlerImpl.wrapServiceException(ErrorDetailsHandler.scala:96)
	at com.databricks.sql.managedcatalog.client.ErrorDetailsHandlerImpl.wrapServiceException$(ErrorDetailsHandler.scala:88)
	at com.databricks.managedcatalog.ManagedCatalogClientImpl.wrapServiceException(ManagedCatalogClientImpl.scala:44)
	at com.databricks.sql.managedcatalog.client.ManagedCatalogClientImpl.recordAndWrapExceptionBase(ManagedCatalogClientImpl.scala:7975)
	at com.databricks.sql.managedcatalog.client.ManagedCatalogClientImpl.recordAndWrapException(ManagedCatalogClientImpl.scala:7959)
	at com.databricks.sql.managedcatalog.client.ManagedCatalogClientImpl.createSchema(ManagedCatalogClientImpl.scala:979)
	at com.databricks.sql.managedcatalog.ManagedCatalogCommon.createSchemaInUnityCatalog(ManagedCatalogCommon.scala:655)
	at com.databricks.sql.managedcatalog.ManagedCatalogCommon.$anonfun$createSchema$1(ManagedCatalogCommon.scala:567)
	at com.databricks.sql.managedcatalog.ManagedCatalogCommon.withSchemaCacheInvalidated(ManagedCatalogCommon.scala:1013)
	at com.databricks.sql.managedcatalog.ManagedCatalogCommon.withSchemaCacheInvalidated(ManagedCatalogCommon.scala:1005)
	at com.databricks.sql.managedcatalog.ManagedCatalogCommon.createSchema(ManagedCatalogCommon.scala:559)
	at com.databricks.sql.managedcatalog.ProfiledManagedCatalog.$anonfun$createSchema$1(ProfiledManagedCatalog.scala:148)
	at scala.runtime.java8.JFunction0$mcV$sp.apply(JFunction0$mcV$sp.scala:18)
	at org.apache.spark.sql.catalyst.MetricKeyUtils$.measure(MetricKey.scala:2144)
	at com.databricks.sql.managedcatalog.ProfiledManagedCatalog.$anonfun$profile$1(ProfiledManagedCatalog.scala:74)
	at com.databricks.spark.util.FrameProfiler$.$anonfun$record$1(FrameProfiler.scala:114)
	at com.databricks.spark.util.FrameProfilerExporter$.maybeExportFrameProfiler(FrameProfilerExporter.scala:145)
	at com.databricks.spark.util.FrameProfiler$.record(FrameProfiler.scala:105)
	at com.databricks.sql.managedcatalog.ProfiledManagedCatalog.profile(ProfiledManagedCatalog.scala:73)
	at com.databricks.sql.managedcatalog.ProfiledManagedCatalog.createSchema(ProfiledManagedCatalog.scala:148)
	at com.databricks.sql.managedcatalog.ManagedCatalogSessionCatalog.createDatabase(ManagedCatalogSessionCatalog.scala:948)
	at com.databricks.sql.managedcatalog.UnityCatalogV2Proxy.$anonfun$createNamespace$1(UnityCatalogV2Proxy.scala:182)
	at com.databricks.sql.managedcatalog.UnityCatalogV2Proxy.$anonfun$createNamespace$1$adapted(UnityCatalogV2Proxy.scala:168)
	at com.databricks.sql.managedcatalog.UnityCatalogV2Proxy.assertSingleNamespace(UnityCatalogV2Proxy.scala:131)
	at com.databricks.sql.managedcatalog.UnityCatalogV2Proxy.createNamespace(UnityCatalogV2Proxy.scala:168)
	at org.apache.spark.sql.execution.datasources.v2.CreateNamespaceExec.run(CreateNamespaceExec.scala:49)
	at org.apache.spark.sql.execution.datasources.v2.V2CommandExec.$anonfun$result$2(V2CommandExec.scala:48)
	at org.apache.spark.sql.execution.SparkPlan.runCommandInAetherOrSpark(SparkPlan.scala:195)
	at org.apache.spark.sql.execution.datasources.v2.V2CommandExec.$anonfun$result$1(V2CommandExec.scala:48)
	at com.databricks.spark.util.FrameProfiler$.$anonfun$record$1(FrameProfiler.scala:114)
	at com.databricks.spark.util.FrameProfilerExporter$.maybeExportFrameProfiler(FrameProfilerExporter.scala:198)
	at com.databricks.spark.util.FrameProfiler$.record(FrameProfiler.scala:105)
	at org.apache.spark.sql.execution.datasources.v2.V2CommandExec.result$lzycompute(V2CommandExec.scala:47)
	at org.apache.spark.sql.execution.datasources.v2.V2CommandExec.result(V2CommandExec.scala:45)
	at org.apache.spark.sql.execution.datasources.v2.V2CommandExec.executeCollect(V2CommandExec.scala:56)
	at org.apache.spark.sql.execution.QueryExecution.$anonfun$eagerlyExecuteCommands$5(QueryExecution.scala:596)
	at com.databricks.util.LexicalThreadLocal$Handle.runWith(LexicalThreadLocal.scala:63)
	at org.apache.spark.sql.execution.QueryExecution.$anonfun$eagerlyExecuteCommands$4(QueryExecution.scala:596)
	at org.apache.spark.sql.catalyst.QueryPlanningTracker$.withTracker(QueryPlanningTracker.scala:265)
	at org.apache.spark.sql.execution.QueryExecution.$anonfun$eagerlyExecuteCommands$3(QueryExecution.scala:595)
	at org.apache.spark.sql.execution.SQLExecution$.$anonfun$withNewExecutionId0$18(SQLExecution.scala:600)
	at com.databricks.sql.util.MemoryTrackerHelper.withMemoryTracking(MemoryTrackerHelper.scala:111)
	at org.apache.spark.sql.execution.SQLExecution$.$anonfun$withNewExecutionId0$16(SQLExecution.scala:513)
	at org.apache.spark.sql.execution.SQLExecution$.withSessionTagsApplied(SQLExecution.scala:932)
	at org.apache.spark.sql.execution.SQLExecution$.$anonfun$withNewExecutionId0$15(SQLExecution.scala:434)
	at org.apache.spark.JobArtifactSet$.withActiveJobArtifactState(JobArtifactSet.scala:97)
	at org.apache.spark.sql.artifact.ArtifactManager.$anonfun$withResources$1(ArtifactManager.scala:124)
	at org.apache.spark.sql.artifact.ArtifactManager.withClassLoaderIfNeeded(ArtifactManager.scala:118)
	at org.apache.spark.sql.artifact.ArtifactManager.withResources(ArtifactManager.scala:123)
	at org.apache.spark.sql.execution.SQLExecution$.$anonfun$withNewExecutionId0$14(SQLExecution.scala:434)
	at org.apache.spark.sql.execution.SQLExecution$.withSQLConfPropagated(SQLExecution.scala:967)
	at org.apache.spark.sql.execution.SQLExecution$.$anonfun$withNewExecutionId0$1(SQLExecution.scala:433)
	at org.apache.spark.sql.SparkSession.withActive(SparkSession.scala:860)
	at org.apache.spark.sql.execution.SQLExecution$.withNewExecutionId0(SQLExecution.scala:255)
	at org.apache.spark.sql.execution.SQLExecution$.withNewExecutionId(SQLExecution.scala:885)
	at org.apache.spark.sql.execution.QueryExecution.$anonfun$eagerlyExecuteCommands$2(QueryExecution.scala:591)
	at org.apache.spark.sql.execution.QueryExecution$.withInternalError(QueryExecution.scala:1607)
	at org.apache.spark.sql.execution.QueryExecution.$anonfun$eagerlyExecuteCommands$1(QueryExecution.scala:587)
	at org.apache.spark.sql.execution.QueryExecution.withMVTagsIfNecessary(QueryExecution.scala:528)
	at org.apache.spark.sql.execution.QueryExecution.org$apache$spark$sql$execution$QueryExecution$$eagerlyExecute$1(QueryExecution.scala:585)
	at org.apache.spark.sql.execution.QueryExecution$$anonfun$$nestedInanonfun$eagerlyExecuteCommands$8$1.applyOrElse(QueryExecution.scala:702)
	at org.apache.spark.sql.execution.QueryExecution$$anonfun$$nestedInanonfun$eagerlyExecuteCommands$8$1.applyOrElse(QueryExecution.scala:694)
	at org.apache.spark.sql.catalyst.trees.TreeNode.$anonfun$transformDownWithPruning$1(TreeNode.scala:543)
	at org.apache.spark.sql.catalyst.trees.CurrentOrigin$.withOrigin(origin.scala:121)
	at org.apache.spark.sql.catalyst.trees.TreeNode.transformDownWithPruning(TreeNode.scala:543)
	at org.apache.spark.sql.catalyst.plans.logical.LogicalPlan.org$apache$spark$sql$catalyst$plans$logical$AnalysisHelper$$super$transformDownWithPruning(LogicalPlan.scala:45)
	at org.apache.spark.sql.catalyst.plans.logical.AnalysisHelper.transformDownWithPruning(AnalysisHelper.scala:361)
	at org.apache.spark.sql.catalyst.plans.logical.AnalysisHelper.transformDownWithPruning$(AnalysisHelper.scala:357)
	at org.apache.spark.sql.catalyst.plans.logical.LogicalPlan.transformDownWithPruning(LogicalPlan.scala:45)
	at org.apache.spark.sql.catalyst.plans.logical.LogicalPlan.transformDownWithPruning(LogicalPlan.scala:45)
	at org.apache.spark.sql.catalyst.trees.TreeNode.transformDown(TreeNode.scala:519)
	at org.apache.spark.sql.execution.QueryExecution.$anonfun$eagerlyExecuteCommands$8(QueryExecution.scala:694)
	at org.apache.spark.sql.catalyst.plans.logical.AnalysisHelper$.allowInvokingTransformsInAnalyzer(AnalysisHelper.scala:418)
	at org.apache.spark.sql.execution.QueryExecution.eagerlyExecuteCommands(QueryExecution.scala:694)
	at org.apache.spark.sql.execution.QueryExecution.$anonfun$lazyCommandExecuted$1(QueryExecution.scala:484)
	at scala.util.Try$.apply(Try.scala:217)
	at org.apache.spark.util.Utils$.doTryWithCallerStacktrace(Utils.scala:1684)
	at org.apache.spark.util.Utils$.getTryWithCallerStacktrace(Utils.scala:1745)
	at org.apache.spark.util.LazyTry.get(LazyTry.scala:75)
	at org.apache.spark.sql.execution.QueryExecution.commandExecuted(QueryExecution.scala:489)
	at org.apache.spark.sql.classic.Dataset.<init>(Dataset.scala:431)
	at org.apache.spark.sql.classic.Dataset.<init>(Dataset.scala:411)
	at org.apache.spark.sql.hive.thriftserver.SparkExecuteStatementOperation.getOrCreateDF(SparkExecuteStatementOperation.scala:674)
	at org.apache.spark.sql.hive.thriftserver.SparkExecuteStatementOperation.analyzeQuery(SparkExecuteStatementOperation.scala:701)
	at org.apache.spark.sql.hive.thriftserver.SparkExecuteStatementOperation.$anonfun$execute$5(SparkExecuteStatementOperation.scala:847)
	at org.apache.spark.util.Utils$.timeTakenMs(Utils.scala:583)
	at org.apache.spark.sql.hive.thriftserver.SparkExecuteStatementOperation.$anonfun$execute$1(SparkExecuteStatementOperation.scala:847)
	... 53 more
	Suppressed: org.apache.spark.util.Utils$OriginalTryStackTraceException: Full stacktrace of original doTryWithCallerStacktrace caller
		at com.databricks.sql.managedcatalog.client.ErrorDetailsHandlerImpl.wrapServiceException(ErrorDetailsHandler.scala:119)
		at com.databricks.sql.managedcatalog.client.ErrorDetailsHandlerImpl.wrapServiceException$(ErrorDetailsHandler.scala:88)
		at com.databricks.managedcatalog.ManagedCatalogClientImpl.wrapServiceException(ManagedCatalogClientImpl.scala:44)
		at com.databricks.sql.managedcatalog.client.ManagedCatalogClientImpl.recordAndWrapExceptionBase(ManagedCatalogClientImpl.scala:7975)
		at com.databricks.sql.managedcatalog.client.ManagedCatalogClientImpl.recordAndWrapException(ManagedCatalogClientImpl.scala:7959)
		at com.databricks.sql.managedcatalog.client.ManagedCatalogClientImpl.createSchemaProto(ManagedCatalogClientImpl.scala:1001)
		at com.databricks.sql.managedcatalog.client.ManagedCatalogClientImpl.$anonfun$createSchema$3(ManagedCatalogClientImpl.scala:989)
		at com.databricks.sql.managedcatalog.client.ManagedCatalogClientImpl.$anonfun$recordAndWrapExceptionBase$2(ManagedCatalogClientImpl.scala:7997)
		at com.databricks.spark.util.FrameProfiler$.$anonfun$record$1(FrameProfiler.scala:114)
		at com.databricks.spark.util.FrameProfilerExporter$.maybeExportFrameProfiler(FrameProfilerExporter.scala:145)
		at com.databricks.spark.util.FrameProfiler$.record(FrameProfiler.scala:105)
		at com.databricks.sql.managedcatalog.client.ManagedCatalogClientImpl.$anonfun$recordAndWrapExceptionBase$1(ManagedCatalogClientImpl.scala:7996)
		at com.databricks.sql.managedcatalog.client.ErrorDetailsHandlerImpl.wrapServiceException(ErrorDetailsHandler.scala:96)
		at com.databricks.sql.managedcatalog.client.ErrorDetailsHandlerImpl.wrapServiceException$(ErrorDetailsHandler.scala:88)
		at com.databricks.managedcatalog.ManagedCatalogClientImpl.wrapServiceException(ManagedCatalogClientImpl.scala:44)
		at com.databricks.sql.managedcatalog.client.ManagedCatalogClientImpl.recordAndWrapExceptionBase(ManagedCatalogClientImpl.scala:7975)
		at com.databricks.sql.managedcatalog.client.ManagedCatalogClientImpl.recordAndWrapException(ManagedCatalogClientImpl.scala:7959)
		at com.databricks.sql.managedcatalog.client.ManagedCatalogClientImpl.createSchema(ManagedCatalogClientImpl.scala:979)
		at com.databricks.sql.managedcatalog.ManagedCatalogCommon.createSchemaInUnityCatalog(ManagedCatalogCommon.scala:655)
		at com.databricks.sql.managedcatalog.ManagedCatalogCommon.$anonfun$createSchema$1(ManagedCatalogCommon.scala:567)
		at com.databricks.sql.managedcatalog.ManagedCatalogCommon.withSchemaCacheInvalidated(ManagedCatalogCommon.scala:1013)
		at com.databricks.sql.managedcatalog.ManagedCatalogCommon.withSchemaCacheInvalidated(ManagedCatalogCommon.scala:1005)
		at com.databricks.sql.managedcatalog.ManagedCatalogCommon.createSchema(ManagedCatalogCommon.scala:559)
		at com.databricks.sql.managedcatalog.ProfiledManagedCatalog.$anonfun$createSchema$1(ProfiledManagedCatalog.scala:148)
		at scala.runtime.java8.JFunction0$mcV$sp.apply(JFunction0$mcV$sp.scala:18)
		at org.apache.spark.sql.catalyst.MetricKeyUtils$.measure(MetricKey.scala:2144)
		at com.databricks.sql.managedcatalog.ProfiledManagedCatalog.$anonfun$profile$1(ProfiledManagedCatalog.scala:74)
		at com.databricks.spark.util.FrameProfiler$.$anonfun$record$1(FrameProfiler.scala:114)
		at com.databricks.spark.util.FrameProfilerExporter$.maybeExportFrameProfiler(FrameProfilerExporter.scala:145)
		at com.databricks.spark.util.FrameProfiler$.record(FrameProfiler.scala:105)
		at com.databricks.sql.managedcatalog.ProfiledManagedCatalog.profile(ProfiledManagedCatalog.scala:73)
		at com.databricks.sql.managedcatalog.ProfiledManagedCatalog.createSchema(ProfiledManagedCatalog.scala:148)
		at com.databricks.sql.managedcatalog.ManagedCatalogSessionCatalog.createDatabase(ManagedCatalogSessionCatalog.scala:948)
		at com.databricks.sql.managedcatalog.UnityCatalogV2Proxy.$anonfun$createNamespace$1(UnityCatalogV2Proxy.scala:182)
		at com.databricks.sql.managedcatalog.UnityCatalogV2Proxy.$anonfun$createNamespace$1$adapted(UnityCatalogV2Proxy.scala:168)
		at com.databricks.sql.managedcatalog.UnityCatalogV2Proxy.assertSingleNamespace(UnityCatalogV2Proxy.scala:131)
		at com.databricks.sql.managedcatalog.UnityCatalogV2Proxy.createNamespace(UnityCatalogV2Proxy.scala:168)
		at org.apache.spark.sql.execution.datasources.v2.CreateNamespaceExec.run(CreateNamespaceExec.scala:49)
		at org.apache.spark.sql.execution.datasources.v2.V2CommandExec.$anonfun$result$2(V2CommandExec.scala:48)
		at org.apache.spark.sql.execution.SparkPlan.runCommandInAetherOrSpark(SparkPlan.scala:195)
		at org.apache.spark.sql.execution.datasources.v2.V2CommandExec.$anonfun$result$1(V2CommandExec.scala:48)
		at com.databricks.spark.util.FrameProfiler$.$anonfun$record$1(FrameProfiler.scala:114)
		at com.databricks.spark.util.FrameProfilerExporter$.maybeExportFrameProfiler(FrameProfilerExporter.scala:198)
		at com.databricks.spark.util.FrameProfiler$.record(FrameProfiler.scala:105)
		at org.apache.spark.sql.execution.datasources.v2.V2CommandExec.result$lzycompute(V2CommandExec.scala:47)
		at org.apache.spark.sql.execution.datasources.v2.V2CommandExec.result(V2CommandExec.scala:45)
		at org.apache.spark.sql.execution.datasources.v2.V2CommandExec.executeCollect(V2CommandExec.scala:56)
		at org.apache.spark.sql.execution.QueryExecution.$anonfun$eagerlyExecuteCommands$5(QueryExecution.scala:596)
		at com.databricks.util.LexicalThreadLocal$Handle.runWith(LexicalThreadLocal.scala:63)
		at org.apache.spark.sql.execution.QueryExecution.$anonfun$eagerlyExecuteCommands$4(QueryExecution.scala:596)
		at org.apache.spark.sql.catalyst.QueryPlanningTracker$.withTracker(QueryPlanningTracker.scala:265)
		at org.apache.spark.sql.execution.QueryExecution.$anonfun$eagerlyExecuteCommands$3(QueryExecution.scala:595)
		at org.apache.spark.sql.execution.SQLExecution$.$anonfun$withNewExecutionId0$18(SQLExecution.scala:600)
		at com.databricks.sql.util.MemoryTrackerHelper.withMemoryTracking(MemoryTrackerHelper.scala:111)
		at org.apache.spark.sql.execution.SQLExecution$.$anonfun$withNewExecutionId0$16(SQLExecution.scala:513)
		at org.apache.spark.sql.execution.SQLExecution$.withSessionTagsApplied(SQLExecution.scala:932)
		at org.apache.spark.sql.execution.SQLExecution$.$anonfun$withNewExecutionId0$15(SQLExecution.scala:434)
		at org.apache.spark.JobArtifactSet$.withActiveJobArtifactState(JobArtifactSet.scala:97)
		at org.apache.spark.sql.artifact.ArtifactManager.$anonfun$withResources$1(ArtifactManager.scala:124)
		at org.apache.spark.sql.artifact.ArtifactManager.withClassLoaderIfNeeded(ArtifactManager.scala:118)
		at org.apache.spark.sql.artifact.ArtifactManager.withResources(ArtifactManager.scala:123)
		at org.apache.spark.sql.execution.SQLExecution$.$anonfun$withNewExecutionId0$14(SQLExecution.scala:434)
		at org.apache.spark.sql.execution.SQLExecution$.withSQLConfPropagated(SQLExecution.scala:967)
		at org.apache.spark.sql.execution.SQLExecution$.$anonfun$withNewExecutionId0$1(SQLExecution.scala:433)
		at org.apache.spark.sql.SparkSession.withActive(SparkSession.scala:860)
		at org.apache.spark.sql.execution.SQLExecution$.withNewExecutionId0(SQLExecution.scala:255)
		at org.apache.spark.sql.execution.SQLExecution$.withNewExecutionId(SQLExecution.scala:885)
		at org.apache.spark.sql.execution.QueryExecution.$anonfun$eagerlyExecuteCommands$2(QueryExecution.scala:591)
		at org.apache.spark.sql.execution.QueryExecution$.withInternalError(QueryExecution.scala:1607)
		at org.apache.spark.sql.execution.QueryExecution.$anonfun$eagerlyExecuteCommands$1(QueryExecution.scala:587)
		at org.apache.spark.sql.execution.QueryExecution.withMVTagsIfNecessary(QueryExecution.scala:528)
		at org.apache.spark.sql.execution.QueryExecution.org$apache$spark$sql$execution$QueryExecution$$eagerlyExecute$1(QueryExecution.scala:585)
		at org.apache.spark.sql.execution.QueryExecution$$anonfun$$nestedInanonfun$eagerlyExecuteCommands$8$1.applyOrElse(QueryExecution.scala:702)
		at org.apache.spark.sql.execution.QueryExecution$$anonfun$$nestedInanonfun$eagerlyExecuteCommands$8$1.applyOrElse(QueryExecution.scala:694)
		at org.apache.spark.sql.catalyst.trees.TreeNode.$anonfun$transformDownWithPruning$1(TreeNode.scala:543)
		at org.apache.spark.sql.catalyst.trees.CurrentOrigin$.withOrigin(origin.scala:121)
		at org.apache.spark.sql.catalyst.trees.TreeNode.transformDownWithPruning(TreeNode.scala:543)
		at org.apache.spark.sql.catalyst.plans.logical.LogicalPlan.org$apache$spark$sql$catalyst$plans$logical$AnalysisHelper$$super$transformDownWithPruning(LogicalPlan.scala:45)
		at org.apache.spark.sql.catalyst.plans.logical.AnalysisHelper.transformDownWithPruning(AnalysisHelper.scala:361)
		at org.apache.spark.sql.catalyst.plans.logical.AnalysisHelper.transformDownWithPruning$(AnalysisHelper.scala:357)
		at org.apache.spark.sql.catalyst.plans.logical.LogicalPlan.transformDownWithPruning(LogicalPlan.scala:45)
		at org.apache.spark.sql.catalyst.plans.logical.LogicalPlan.transformDownWithPruning(LogicalPlan.scala:45)
		at org.apache.spark.sql.catalyst.trees.TreeNode.transformDown(TreeNode.scala:519)
		at org.apache.spark.sql.execution.QueryExecution.$anonfun$eagerlyExecuteCommands$8(QueryExecution.scala:694)
		at org.apache.spark.sql.catalyst.plans.logical.AnalysisHelper$.allowInvokingTransformsInAnalyzer(AnalysisHelper.scala:418)
		at org.apache.spark.sql.execution.QueryExecution.eagerlyExecuteCommands(QueryExecution.scala:694)
		at org.apache.spark.sql.execution.QueryExecution.$anonfun$lazyCommandExecuted$1(QueryExecution.scala:484)
		at scala.util.Try$.apply(Try.scala:217)
		at org.apache.spark.util.Utils$.doTryWithCallerStacktrace(Utils.scala:1684)
		at org.apache.spark.util.LazyTry.tryT$lzycompute(LazyTry.scala:60)
		at org.apache.spark.util.LazyTry.tryT(LazyTry.scala:59)
		... 62 more
, operation-id=01f0f08d-4684-1092-b3a5-1fa936152b0e
[0m14:36:41.691286 [debug] [ThreadPool]: Databricks adapter: Exception while trying to execute query
macro create_schema
: Database Error
  PERMISSION_DENIED: User does not have CREATE SCHEMA on Catalog 'samples'.
[0m14:36:41.732815 [debug] [ThreadPool]: On create_samples_dbt_dev_schema_datamarts: Close
[0m14:36:41.734481 [debug] [ThreadPool]: Databricks adapter: Connection(session-id=01f0f08d-4674-1e9f-be4d-4f8d5cf8503c) - Closing
[0m14:36:41.868137 [debug] [ThreadPool]: On create_samples_dbt_dev_schema_staging: Close
[0m14:36:41.870153 [debug] [ThreadPool]: Databricks adapter: Connection(session-id=01f0f08d-4674-1f06-a914-56b23691499d) - Closing
[0m14:36:41.997531 [info ] [MainThread]: 
[0m14:36:42.004024 [info ] [MainThread]: Finished running  in 0 hours 0 minutes and 2.43 seconds (2.43s).
[0m14:36:42.005919 [error] [MainThread]: Encountered an error:
Database Error
  Database Error
    PERMISSION_DENIED: User does not have CREATE SCHEMA on Catalog 'samples'.
[0m14:36:42.010683 [warn ] [MainThread]: [[33mWARNING[0m][DeprecationsSummary]: Deprecated functionality
Summary of encountered deprecations:
- MissingPlusPrefixDeprecation: 6 occurrences
To see all deprecation instances instead of just the first occurrence of each,
run command again with the `--show-all-deprecations` flag. You may also need to
run with `--no-partial-parse` as some deprecations are only encountered during
parsing.
[0m14:36:42.018767 [debug] [MainThread]: Resource report: {"command_name": "run", "command_success": false, "command_wall_clock_time": 4.256904, "process_in_blocks": "0", "process_kernel_time": 0.441865, "process_mem_max_rss": "250284", "process_out_blocks": "1964", "process_user_time": 3.853613}
[0m14:36:42.022456 [debug] [MainThread]: Command `dbt run` failed at 14:36:42.022274 after 4.26 seconds
[0m14:36:42.023788 [debug] [MainThread]: Sending event: {'category': 'dbt', 'action': 'invocation', 'label': 'end', 'context': [<snowplow_tracker.self_describing_json.SelfDescribingJson object at 0xffffa6ca7320>, <snowplow_tracker.self_describing_json.SelfDescribingJson object at 0xffff8e4d8950>, <snowplow_tracker.self_describing_json.SelfDescribingJson object at 0xffff8df9a5d0>]}
[0m14:36:42.025201 [debug] [MainThread]: Flushing usage events
[0m14:36:42.855201 [debug] [MainThread]: An error was encountered while trying to flush usage events
[0m15:24:17.804884 [debug] [MainThread]: Sending event: {'category': 'dbt', 'action': 'invocation', 'label': 'start', 'context': [<snowplow_tracker.self_describing_json.SelfDescribingJson object at 0xffffa4f99df0>, <snowplow_tracker.self_describing_json.SelfDescribingJson object at 0xffffa5250c80>, <snowplow_tracker.self_describing_json.SelfDescribingJson object at 0xffffa4f98da0>]}


============================== 15:24:17.811337 | 651595f5-0ebc-4c0f-9460-8fa16d238057 ==============================
[0m15:24:17.811337 [info ] [MainThread]: Running with dbt=1.11.2
[0m15:24:17.812061 [debug] [MainThread]: running dbt with arguments {'empty': 'False', 'target_path': 'None', 'debug': 'False', 'printer_width': '80', 'profiles_dir': '/opt/airflow/dbt', 'use_colors': 'True', 'invocation_command': 'dbt run --select +dm_monthly_bookings', 'quiet': 'False', 'version_check': 'True', 'warn_error_options': 'WarnErrorOptionsV2(error=[], warn=[], silence=[])', 'fail_fast': 'False', 'cache_selected_only': 'False', 'introspect': 'True', 'log_format': 'default', 'log_path': '/opt/airflow/dbt/logs', 'static_parser': 'True', 'indirect_selection': 'eager', 'use_experimental_parser': 'False', 'partial_parse': 'True', 'send_anonymous_usage_stats': 'True', 'log_cache_events': 'False', 'write_json': 'True', 'no_print': 'None', 'warn_error': 'None'}
[0m15:24:18.373139 [debug] [MainThread]: Spark adapter: Setting pyhive.hive logging to ERROR
[0m15:24:18.373690 [debug] [MainThread]: Spark adapter: Setting thrift.transport logging to ERROR
[0m15:24:18.373985 [debug] [MainThread]: Spark adapter: Setting thrift.protocol logging to ERROR
[0m15:24:19.341687 [warn ] [MainThread]: [[33mWARNING[0m][MissingPlusPrefixDeprecation]: Deprecated functionality
Missing '+' prefix on `schema` found at `wanderbricks.staging.schema` in file
`/opt/airflow/dbt/dbt_project.yml`. Hierarchical config values without a '+'
prefix are deprecated in dbt_project.yml.
[0m15:24:19.342987 [debug] [MainThread]: Sending event: {'category': 'dbt', 'action': 'deprecation', 'label': '651595f5-0ebc-4c0f-9460-8fa16d238057', 'property_': 'warn', 'context': [<snowplow_tracker.self_describing_json.SelfDescribingJson object at 0xffff8ee17aa0>]}
[0m15:24:19.427197 [debug] [MainThread]: Sending event: {'category': 'dbt', 'action': 'project_id', 'label': '651595f5-0ebc-4c0f-9460-8fa16d238057', 'context': [<snowplow_tracker.self_describing_json.SelfDescribingJson object at 0xffff8cf4f830>]}
[0m15:24:19.463720 [debug] [MainThread]: Sending event: {'category': 'dbt', 'action': 'adapter_info', 'label': '651595f5-0ebc-4c0f-9460-8fa16d238057', 'context': [<snowplow_tracker.self_describing_json.SelfDescribingJson object at 0xffffa680a000>]}
[0m15:24:19.464698 [info ] [MainThread]: Registered adapter: databricks=1.11.4
[0m15:24:19.628012 [warn ] [MainThread]: [[33mWARNING[0m]: Use managed Iceberg tables when table_format is iceberg. When this flag is disabled, UniForm is used instead.
You may opt into the new behavior sooner by setting `flags.use_managed_iceberg` to `True` in `dbt_project.yml`.
Visit https://docs.getdbt.com/reference/global-configs/behavior-changes for more information.
[0m15:24:19.632668 [debug] [MainThread]: Sending event: {'category': 'dbt', 'action': 'BehaviorChangeEvent', 'label': '651595f5-0ebc-4c0f-9460-8fa16d238057', 'context': [<snowplow_tracker.self_describing_json.SelfDescribingJson object at 0xffffa2214680>]}
[0m15:24:19.667335 [debug] [MainThread]: checksum: 3d40d8bbe1bef07db1c24822f2dbfff8bc07f2a48ed4fe2658a40653aec0b54b, vars: {}, profile: , target: , version: 1.11.2
[0m15:24:19.914357 [info ] [MainThread]: Unable to do partial parsing because profile has changed
[0m15:24:19.916242 [debug] [MainThread]: Sending event: {'category': 'dbt', 'action': 'partial_parser', 'label': '651595f5-0ebc-4c0f-9460-8fa16d238057', 'context': [<snowplow_tracker.self_describing_json.SelfDescribingJson object at 0xffff8c65c770>]}
[0m15:24:21.511545 [warn ] [MainThread]: [[33mWARNING[0m][MissingArgumentsPropertyInGenericTestDeprecation]: Deprecated
functionality
Found top-level arguments to test `relationships` defined on 'stg_bookings' in
package 'wanderbricks' (models/staging/schema.yml). Arguments to generic tests
should be nested under the `arguments` property.
[0m15:24:21.513249 [debug] [MainThread]: Sending event: {'category': 'dbt', 'action': 'deprecation', 'label': '651595f5-0ebc-4c0f-9460-8fa16d238057', 'property_': 'warn', 'context': [<snowplow_tracker.self_describing_json.SelfDescribingJson object at 0xffff8c47dcd0>]}
[0m15:24:21.702230 [debug] [MainThread]: Sending event: {'category': 'dbt', 'action': 'load_project', 'label': '651595f5-0ebc-4c0f-9460-8fa16d238057', 'context': [<snowplow_tracker.self_describing_json.SelfDescribingJson object at 0xffff8c5bfda0>]}
[0m15:24:21.797740 [debug] [MainThread]: Wrote artifact WritableManifest to /opt/airflow/dbt/target/manifest.json
[0m15:24:21.807623 [debug] [MainThread]: Wrote artifact SemanticManifest to /opt/airflow/dbt/target/semantic_manifest.json
[0m15:24:21.844474 [debug] [MainThread]: Sending event: {'category': 'dbt', 'action': 'resource_counts', 'label': '651595f5-0ebc-4c0f-9460-8fa16d238057', 'context': [<snowplow_tracker.self_describing_json.SelfDescribingJson object at 0xffff8bb5c3e0>]}
[0m15:24:21.845194 [info ] [MainThread]: Found 7 models, 18 data tests, 3 sources, 731 macros
[0m15:24:21.845759 [debug] [MainThread]: Sending event: {'category': 'dbt', 'action': 'runnable_timing', 'label': '651595f5-0ebc-4c0f-9460-8fa16d238057', 'context': [<snowplow_tracker.self_describing_json.SelfDescribingJson object at 0xffffa215dd00>]}
[0m15:24:21.847421 [info ] [MainThread]: 
[0m15:24:21.847857 [info ] [MainThread]: Concurrency: 4 threads (target='dev')
[0m15:24:21.848216 [info ] [MainThread]: 
[0m15:24:21.848965 [debug] [MainThread]: Databricks adapter: DatabricksDBTConnection(session-id=None, name=master) - Creating connection
[0m15:24:21.849338 [debug] [MainThread]: Acquiring new databricks connection 'master'
[0m15:24:21.854094 [debug] [ThreadPool]: Databricks adapter: DatabricksDBTConnection(session-id=None, name=list_lakehouse) - Creating connection
[0m15:24:21.854606 [debug] [ThreadPool]: Databricks adapter: DatabricksDBTConnection(session-id=None, name=list_lakehouse) - Creating connection
[0m15:24:21.855032 [debug] [ThreadPool]: Acquiring new databricks connection 'list_lakehouse'
[0m15:24:21.855353 [debug] [ThreadPool]: Databricks adapter: DatabricksDBTConnection(session-id=None, name=list_lakehouse) - Creating connection
[0m15:24:21.855684 [debug] [ThreadPool]: Acquiring new databricks connection 'list_lakehouse'
[0m15:24:21.863639 [debug] [ThreadPool]: Using databricks connection "list_lakehouse"
[0m15:24:21.864261 [debug] [ThreadPool]: Acquiring new databricks connection 'list_lakehouse'
[0m15:24:21.866002 [debug] [ThreadPool]: Using databricks connection "list_lakehouse"
[0m15:24:21.866411 [debug] [ThreadPool]: On list_lakehouse: /* {"app": "dbt", "dbt_version": "1.11.2", "dbt_databricks_version": "1.11.4", "databricks_sql_connector_version": "4.1.3", "profile_name": "wanderbricks", "target_name": "dev", "connection_name": "list_lakehouse"} */

    

  SHOW SCHEMAS IN `lakehouse`


  
[0m15:24:21.870610 [debug] [ThreadPool]: Using databricks connection "list_lakehouse"
[0m15:24:21.871034 [debug] [ThreadPool]: On list_lakehouse: /* {"app": "dbt", "dbt_version": "1.11.2", "dbt_databricks_version": "1.11.4", "databricks_sql_connector_version": "4.1.3", "profile_name": "wanderbricks", "target_name": "dev", "connection_name": "list_lakehouse"} */

    

  SHOW SCHEMAS IN `lakehouse`


  
[0m15:24:21.872301 [debug] [ThreadPool]: Opening a new connection, currently in state init
[0m15:24:21.872813 [debug] [ThreadPool]: On list_lakehouse: /* {"app": "dbt", "dbt_version": "1.11.2", "dbt_databricks_version": "1.11.4", "databricks_sql_connector_version": "4.1.3", "profile_name": "wanderbricks", "target_name": "dev", "connection_name": "list_lakehouse"} */

    

  SHOW SCHEMAS IN `lakehouse`


  
[0m15:24:21.873181 [debug] [ThreadPool]: Opening a new connection, currently in state init
[0m15:24:21.874361 [debug] [ThreadPool]: Opening a new connection, currently in state init
[0m15:24:22.235818 [debug] [ThreadPool]: Databricks adapter: Connection(session-id=01f0f093-efc4-1e7e-be23-d9fd78f9504a) - Created
[0m15:24:22.245515 [debug] [ThreadPool]: Databricks adapter: Connection(session-id=01f0f093-efc4-14e5-ac10-e63b2f8c88a2) - Created
[0m15:24:22.250482 [debug] [ThreadPool]: Databricks adapter: Connection(session-id=01f0f093-efc5-1524-9f00-7852cf4ec8c8) - Created
[0m15:24:22.764430 [debug] [ThreadPool]: SQL status: OK in 0.890 seconds
[0m15:24:22.765195 [debug] [ThreadPool]: SQL status: OK in 0.890 seconds
[0m15:24:22.765509 [debug] [ThreadPool]: SQL status: OK in 0.890 seconds
[0m15:24:22.799287 [debug] [ThreadPool]: Databricks adapter: Cursor(session-id=01f0f093-efc5-1524-9f00-7852cf4ec8c8, command-id=01f0f093-efcf-13b7-94a0-ed88c30d7849) - Closing
[0m15:24:22.803103 [debug] [ThreadPool]: Databricks adapter: Cursor(session-id=01f0f093-efc4-1e7e-be23-d9fd78f9504a, command-id=01f0f093-efcd-1418-849b-21b9338b6c12) - Closing
[0m15:24:22.803996 [debug] [ThreadPool]: Databricks adapter: Cursor(session-id=01f0f093-efc4-14e5-ac10-e63b2f8c88a2, command-id=01f0f093-efce-1c2c-a327-155f860330d7) - Closing
[0m15:24:22.806356 [debug] [ThreadPool]: On list_lakehouse: Close
[0m15:24:22.811301 [debug] [ThreadPool]: Databricks adapter: Connection(session-id=01f0f093-efc5-1524-9f00-7852cf4ec8c8) - Closing
[0m15:24:22.880536 [debug] [ThreadPool]: On list_lakehouse: Close
[0m15:24:22.881326 [debug] [ThreadPool]: Databricks adapter: Connection(session-id=01f0f093-efc4-1e7e-be23-d9fd78f9504a) - Closing
[0m15:24:22.941022 [debug] [ThreadPool]: On list_lakehouse: Close
[0m15:24:22.941807 [debug] [ThreadPool]: Databricks adapter: Connection(session-id=01f0f093-efc4-14e5-ac10-e63b2f8c88a2) - Closing
[0m15:24:23.010777 [debug] [ThreadPool]: Databricks adapter: DatabricksDBTConnection(session-id=None, name=create_lakehouse_default_datamarts) - Creating connection
[0m15:24:23.011683 [debug] [ThreadPool]: Databricks adapter: DatabricksDBTConnection(session-id=None, name=create_lakehouse_default_staging) - Creating connection
[0m15:24:23.012339 [debug] [ThreadPool]: Databricks adapter: DatabricksDBTConnection(session-id=None, name=create_lakehouse_default_star_schema) - Creating connection
[0m15:24:23.012761 [debug] [ThreadPool]: Acquiring new databricks connection 'create_lakehouse_default_datamarts'
[0m15:24:23.013354 [debug] [ThreadPool]: Acquiring new databricks connection 'create_lakehouse_default_staging'
[0m15:24:23.013768 [debug] [ThreadPool]: Acquiring new databricks connection 'create_lakehouse_default_star_schema'
[0m15:24:23.014526 [debug] [ThreadPool]: Creating schema "database: "lakehouse"
schema: "default_datamarts"
"
[0m15:24:23.015029 [debug] [ThreadPool]: Creating schema "database: "lakehouse"
schema: "default_staging"
"
[0m15:24:23.015446 [debug] [ThreadPool]: Creating schema "database: "lakehouse"
schema: "default_star_schema"
"
[0m15:24:23.023517 [debug] [ThreadPool]: Using databricks connection "create_lakehouse_default_datamarts"
[0m15:24:23.025238 [debug] [ThreadPool]: Using databricks connection "create_lakehouse_default_staging"
[0m15:24:23.027461 [debug] [ThreadPool]: Using databricks connection "create_lakehouse_default_star_schema"
[0m15:24:23.028031 [debug] [ThreadPool]: On create_lakehouse_default_datamarts: /* {"app": "dbt", "dbt_version": "1.11.2", "dbt_databricks_version": "1.11.4", "databricks_sql_connector_version": "4.1.3", "profile_name": "wanderbricks", "target_name": "dev", "connection_name": "create_lakehouse_default_datamarts"} */
create schema if not exists `lakehouse`.`default_datamarts`
  
[0m15:24:23.028601 [debug] [ThreadPool]: On create_lakehouse_default_staging: /* {"app": "dbt", "dbt_version": "1.11.2", "dbt_databricks_version": "1.11.4", "databricks_sql_connector_version": "4.1.3", "profile_name": "wanderbricks", "target_name": "dev", "connection_name": "create_lakehouse_default_staging"} */
create schema if not exists `lakehouse`.`default_staging`
  
[0m15:24:23.029122 [debug] [ThreadPool]: On create_lakehouse_default_star_schema: /* {"app": "dbt", "dbt_version": "1.11.2", "dbt_databricks_version": "1.11.4", "databricks_sql_connector_version": "4.1.3", "profile_name": "wanderbricks", "target_name": "dev", "connection_name": "create_lakehouse_default_star_schema"} */
create schema if not exists `lakehouse`.`default_star_schema`
  
[0m15:24:23.029662 [debug] [ThreadPool]: Opening a new connection, currently in state init
[0m15:24:23.030118 [debug] [ThreadPool]: Opening a new connection, currently in state init
[0m15:24:23.030478 [debug] [ThreadPool]: Opening a new connection, currently in state init
[0m15:24:23.292028 [debug] [ThreadPool]: Databricks adapter: Connection(session-id=01f0f093-f066-1b7d-ac93-93c752217d6c) - Created
[0m15:24:23.313199 [debug] [ThreadPool]: Databricks adapter: Connection(session-id=01f0f093-f069-179d-97c7-bb6bd7f7c11d) - Created
[0m15:24:23.318876 [debug] [ThreadPool]: Databricks adapter: Connection(session-id=01f0f093-f067-1a45-868e-7ad848d9b70d) - Created
[0m15:24:23.869470 [debug] [ThreadPool]: SQL status: OK in 0.840 seconds
[0m15:24:23.870641 [debug] [ThreadPool]: SQL status: OK in 0.840 seconds
[0m15:24:23.874643 [debug] [ThreadPool]: Databricks adapter: Cursor(session-id=01f0f093-f066-1b7d-ac93-93c752217d6c, command-id=01f0f093-f06e-16e5-b1c2-c3be9287479f) - Closing
[0m15:24:23.875762 [debug] [ThreadPool]: Databricks adapter: Cursor(session-id=01f0f093-f067-1a45-868e-7ad848d9b70d, command-id=01f0f093-f072-11e9-a77a-507c0d433473) - Closing
[0m15:24:23.880048 [debug] [ThreadPool]: On create_lakehouse_default_staging: Close
[0m15:24:23.881978 [debug] [ThreadPool]: Databricks adapter: Connection(session-id=01f0f093-f066-1b7d-ac93-93c752217d6c) - Closing
[0m15:24:23.891152 [debug] [ThreadPool]: SQL status: OK in 0.860 seconds
[0m15:24:23.892312 [debug] [ThreadPool]: Databricks adapter: Cursor(session-id=01f0f093-f069-179d-97c7-bb6bd7f7c11d, command-id=01f0f093-f072-10b0-8246-f8c9553332da) - Closing
[0m15:24:24.020946 [debug] [ThreadPool]: On create_lakehouse_default_star_schema: Close
[0m15:24:24.026147 [debug] [ThreadPool]: Databricks adapter: Connection(session-id=01f0f093-f067-1a45-868e-7ad848d9b70d) - Closing
[0m15:24:24.105162 [debug] [ThreadPool]: On create_lakehouse_default_datamarts: Close
[0m15:24:24.106962 [debug] [ThreadPool]: Databricks adapter: Connection(session-id=01f0f093-f069-179d-97c7-bb6bd7f7c11d) - Closing
[0m15:24:24.278844 [debug] [ThreadPool]: Databricks adapter: DatabricksDBTConnection(session-id=None, name=list_lakehouse_default_datamarts) - Creating connection
[0m15:24:24.285260 [debug] [ThreadPool]: Databricks adapter: DatabricksDBTConnection(session-id=None, name=list_lakehouse_default_staging) - Creating connection
[0m15:24:24.287697 [debug] [ThreadPool]: Acquiring new databricks connection 'list_lakehouse_default_datamarts'
[0m15:24:24.289775 [debug] [ThreadPool]: Databricks adapter: DatabricksDBTConnection(session-id=None, name=list_lakehouse_default_star_schema) - Creating connection
[0m15:24:24.292187 [debug] [ThreadPool]: Acquiring new databricks connection 'list_lakehouse_default_staging'
[0m15:24:24.313887 [debug] [ThreadPool]: Acquiring new databricks connection 'list_lakehouse_default_star_schema'
[0m15:24:24.318410 [debug] [ThreadPool]: Using databricks connection "list_lakehouse_default_datamarts"
[0m15:24:24.334123 [debug] [ThreadPool]: On list_lakehouse_default_datamarts: /* {"app": "dbt", "dbt_version": "1.11.2", "dbt_databricks_version": "1.11.4", "databricks_sql_connector_version": "4.1.3", "profile_name": "wanderbricks", "target_name": "dev", "connection_name": "list_lakehouse_default_datamarts"} */

    
SELECT
  table_name,
  if(table_type IN ('EXTERNAL', 'MANAGED', 'MANAGED_SHALLOW_CLONE', 'EXTERNAL_SHALLOW_CLONE'), 'table', lower(table_type)) AS table_type,
  lower(data_source_format) AS file_format,
  table_owner,
  if(
    table_type IN (
      'EXTERNAL',
      'MANAGED',
      'MANAGED_SHALLOW_CLONE',
      'EXTERNAL_SHALLOW_CLONE'
    ),
    lower(table_type),
    NULL
  ) AS databricks_table_type
FROM `system`.`information_schema`.`tables`
WHERE table_catalog = 'lakehouse' 
  AND table_schema = 'default_datamarts'

  
[0m15:24:24.335042 [debug] [ThreadPool]: Opening a new connection, currently in state init
[0m15:24:24.327816 [debug] [ThreadPool]: Using databricks connection "list_lakehouse_default_staging"
[0m15:24:24.338320 [debug] [ThreadPool]: On list_lakehouse_default_staging: /* {"app": "dbt", "dbt_version": "1.11.2", "dbt_databricks_version": "1.11.4", "databricks_sql_connector_version": "4.1.3", "profile_name": "wanderbricks", "target_name": "dev", "connection_name": "list_lakehouse_default_staging"} */

    
SELECT
  table_name,
  if(table_type IN ('EXTERNAL', 'MANAGED', 'MANAGED_SHALLOW_CLONE', 'EXTERNAL_SHALLOW_CLONE'), 'table', lower(table_type)) AS table_type,
  lower(data_source_format) AS file_format,
  table_owner,
  if(
    table_type IN (
      'EXTERNAL',
      'MANAGED',
      'MANAGED_SHALLOW_CLONE',
      'EXTERNAL_SHALLOW_CLONE'
    ),
    lower(table_type),
    NULL
  ) AS databricks_table_type
FROM `system`.`information_schema`.`tables`
WHERE table_catalog = 'lakehouse' 
  AND table_schema = 'default_staging'

  
[0m15:24:24.340390 [debug] [ThreadPool]: Opening a new connection, currently in state init
[0m15:24:24.332338 [debug] [ThreadPool]: Using databricks connection "list_lakehouse_default_star_schema"
[0m15:24:24.357647 [debug] [ThreadPool]: On list_lakehouse_default_star_schema: /* {"app": "dbt", "dbt_version": "1.11.2", "dbt_databricks_version": "1.11.4", "databricks_sql_connector_version": "4.1.3", "profile_name": "wanderbricks", "target_name": "dev", "connection_name": "list_lakehouse_default_star_schema"} */

    
SELECT
  table_name,
  if(table_type IN ('EXTERNAL', 'MANAGED', 'MANAGED_SHALLOW_CLONE', 'EXTERNAL_SHALLOW_CLONE'), 'table', lower(table_type)) AS table_type,
  lower(data_source_format) AS file_format,
  table_owner,
  if(
    table_type IN (
      'EXTERNAL',
      'MANAGED',
      'MANAGED_SHALLOW_CLONE',
      'EXTERNAL_SHALLOW_CLONE'
    ),
    lower(table_type),
    NULL
  ) AS databricks_table_type
FROM `system`.`information_schema`.`tables`
WHERE table_catalog = 'lakehouse' 
  AND table_schema = 'default_star_schema'

  
[0m15:24:24.363651 [debug] [ThreadPool]: Opening a new connection, currently in state init
[0m15:24:24.779357 [debug] [ThreadPool]: Databricks adapter: Connection(session-id=01f0f093-f144-1a31-907c-2595218f44f2) - Created
[0m15:24:24.782184 [debug] [ThreadPool]: Databricks adapter: Connection(session-id=01f0f093-f144-1ffb-a9c9-0ef5a34aa4f3) - Created
[0m15:24:24.782926 [debug] [ThreadPool]: Databricks adapter: Connection(session-id=01f0f093-f147-19a0-a0ea-4fc366f700f1) - Created
[0m15:24:25.630133 [debug] [ThreadPool]: SQL status: OK in 1.290 seconds
[0m15:24:25.630699 [debug] [ThreadPool]: SQL status: OK in 1.290 seconds
[0m15:24:25.631030 [debug] [ThreadPool]: SQL status: OK in 1.270 seconds
[0m15:24:25.643881 [debug] [ThreadPool]: Databricks adapter: Cursor(session-id=01f0f093-f144-1a31-907c-2595218f44f2, command-id=01f0f093-f152-1f8d-826b-128c80fe2226) - Closing
[0m15:24:25.645250 [debug] [ThreadPool]: Databricks adapter: Cursor(session-id=01f0f093-f147-19a0-a0ea-4fc366f700f1, command-id=01f0f093-f151-1fe8-b7c5-d100473f6f11) - Closing
[0m15:24:25.646272 [debug] [ThreadPool]: On list_lakehouse_default_staging: Close
[0m15:24:25.647118 [debug] [ThreadPool]: Databricks adapter: Cursor(session-id=01f0f093-f144-1ffb-a9c9-0ef5a34aa4f3, command-id=01f0f093-f152-109e-9b4e-240d69c089ab) - Closing
[0m15:24:25.647807 [debug] [ThreadPool]: Databricks adapter: Connection(session-id=01f0f093-f144-1a31-907c-2595218f44f2) - Closing
[0m15:24:25.713943 [debug] [ThreadPool]: On list_lakehouse_default_datamarts: Close
[0m15:24:25.714577 [debug] [ThreadPool]: Databricks adapter: Connection(session-id=01f0f093-f147-19a0-a0ea-4fc366f700f1) - Closing
[0m15:24:25.778478 [debug] [ThreadPool]: On list_lakehouse_default_star_schema: Close
[0m15:24:25.779816 [debug] [ThreadPool]: Databricks adapter: Connection(session-id=01f0f093-f144-1ffb-a9c9-0ef5a34aa4f3) - Closing
[0m15:24:25.854435 [debug] [MainThread]: Sending event: {'category': 'dbt', 'action': 'runnable_timing', 'label': '651595f5-0ebc-4c0f-9460-8fa16d238057', 'context': [<snowplow_tracker.self_describing_json.SelfDescribingJson object at 0xffff8bb5d6d0>]}
[0m15:24:25.867585 [debug] [Thread-4 (]: Began running node model.wanderbricks.stg_bookings
[0m15:24:25.868214 [debug] [Thread-5 (]: Began running node model.wanderbricks.stg_properties
[0m15:24:25.868895 [debug] [Thread-6 (]: Began running node model.wanderbricks.stg_users
[0m15:24:25.870104 [info ] [Thread-4 (]: 1 of 7 START sql view model default_staging.stg_bookings ....................... [RUN]
[0m15:24:25.872320 [info ] [Thread-5 (]: 2 of 7 START sql view model default_staging.stg_properties ..................... [RUN]
[0m15:24:25.873038 [info ] [Thread-6 (]: 3 of 7 START sql view model default_staging.stg_users .......................... [RUN]
[0m15:24:25.874339 [debug] [Thread-4 (]: Databricks adapter: DatabricksDBTConnection(session-id=None, name=model.wanderbricks.stg_bookings) - Creating connection
[0m15:24:25.874925 [debug] [Thread-5 (]: Databricks adapter: DatabricksDBTConnection(session-id=None, name=model.wanderbricks.stg_properties) - Creating connection
[0m15:24:25.875411 [debug] [Thread-6 (]: Databricks adapter: DatabricksDBTConnection(session-id=None, name=model.wanderbricks.stg_users) - Creating connection
[0m15:24:25.875993 [debug] [Thread-4 (]: Acquiring new databricks connection 'model.wanderbricks.stg_bookings'
[0m15:24:25.876416 [debug] [Thread-5 (]: Acquiring new databricks connection 'model.wanderbricks.stg_properties'
[0m15:24:25.876818 [debug] [Thread-6 (]: Acquiring new databricks connection 'model.wanderbricks.stg_users'
[0m15:24:25.877508 [debug] [Thread-4 (]: Began compiling node model.wanderbricks.stg_bookings
[0m15:24:25.878115 [debug] [Thread-5 (]: Began compiling node model.wanderbricks.stg_properties
[0m15:24:25.878598 [debug] [Thread-6 (]: Began compiling node model.wanderbricks.stg_users
[0m15:24:25.909898 [debug] [Thread-5 (]: Writing injected SQL for node "model.wanderbricks.stg_properties"
[0m15:24:25.912418 [debug] [Thread-6 (]: Writing injected SQL for node "model.wanderbricks.stg_users"
[0m15:24:25.927365 [debug] [Thread-4 (]: Writing injected SQL for node "model.wanderbricks.stg_bookings"
[0m15:24:25.935123 [debug] [Thread-5 (]: Began executing node model.wanderbricks.stg_properties
[0m15:24:25.935481 [debug] [Thread-6 (]: Began executing node model.wanderbricks.stg_users
[0m15:24:25.950352 [debug] [Thread-5 (]: MATERIALIZING VIEW
[0m15:24:25.952065 [debug] [Thread-6 (]: MATERIALIZING VIEW
[0m15:24:25.953843 [warn ] [Thread-5 (]: [[33mWARNING[0m]: Use revamped materializations based on separating create and insert.  This allows more performant column comments, as well as new column features.
You may opt into the new behavior sooner by setting `flags.use_materialization_v2` to `True` in `dbt_project.yml`.
Visit https://docs.getdbt.com/reference/global-configs/behavior-changes for more information.
[0m15:24:25.954882 [debug] [Thread-4 (]: Began executing node model.wanderbricks.stg_bookings
[0m15:24:25.955313 [warn ] [Thread-6 (]: [[33mWARNING[0m]: Use revamped materializations based on separating create and insert.  This allows more performant column comments, as well as new column features.
You may opt into the new behavior sooner by setting `flags.use_materialization_v2` to `True` in `dbt_project.yml`.
Visit https://docs.getdbt.com/reference/global-configs/behavior-changes for more information.
[0m15:24:25.956021 [debug] [Thread-5 (]: Sending event: {'category': 'dbt', 'action': 'BehaviorChangeEvent', 'label': '651595f5-0ebc-4c0f-9460-8fa16d238057', 'context': [<snowplow_tracker.self_describing_json.SelfDescribingJson object at 0xffff8b8e1d30>]}
[0m15:24:25.957718 [debug] [Thread-4 (]: MATERIALIZING VIEW
[0m15:24:25.958070 [debug] [Thread-6 (]: Sending event: {'category': 'dbt', 'action': 'BehaviorChangeEvent', 'label': '651595f5-0ebc-4c0f-9460-8fa16d238057', 'context': [<snowplow_tracker.self_describing_json.SelfDescribingJson object at 0xffff8b8e1e50>]}
[0m15:24:25.966942 [debug] [Thread-5 (]: Creating view `lakehouse`.`default_staging`.`stg_properties`
[0m15:24:25.967737 [debug] [Thread-4 (]: Creating view `lakehouse`.`default_staging`.`stg_bookings`
[0m15:24:25.968584 [debug] [Thread-6 (]: Creating view `lakehouse`.`default_staging`.`stg_users`
[0m15:24:25.976090 [debug] [Thread-5 (]: Writing runtime sql for node "model.wanderbricks.stg_properties"
[0m15:24:25.976747 [debug] [Thread-4 (]: Writing runtime sql for node "model.wanderbricks.stg_bookings"
[0m15:24:25.977418 [debug] [Thread-6 (]: Writing runtime sql for node "model.wanderbricks.stg_users"
[0m15:24:25.996937 [debug] [Thread-6 (]: Using databricks connection "model.wanderbricks.stg_users"
[0m15:24:25.997221 [debug] [Thread-5 (]: Using databricks connection "model.wanderbricks.stg_properties"
[0m15:24:25.997666 [debug] [Thread-6 (]: On model.wanderbricks.stg_users: /* {"app": "dbt", "dbt_version": "1.11.2", "dbt_databricks_version": "1.11.4", "databricks_sql_connector_version": "4.1.3", "profile_name": "wanderbricks", "target_name": "dev", "node_id": "model.wanderbricks.stg_users"} */

  
  
  create or replace view `lakehouse`.`default_staging`.`stg_users`
  
  as (
    with source as (
    select * from `samples`.`wanderbricks`.`users`
),

renamed as (
    select
        user_id,
        email,
        name,
        country,
        user_type,
        created_at,
        is_business,
        company_name
    from source
)

select * from renamed
  )

[0m15:24:25.998094 [debug] [Thread-5 (]: On model.wanderbricks.stg_properties: /* {"app": "dbt", "dbt_version": "1.11.2", "dbt_databricks_version": "1.11.4", "databricks_sql_connector_version": "4.1.3", "profile_name": "wanderbricks", "target_name": "dev", "node_id": "model.wanderbricks.stg_properties"} */

  
  
  create or replace view `lakehouse`.`default_staging`.`stg_properties`
  
  as (
    with source as (
    select * from `samples`.`wanderbricks`.`properties`
),

renamed as (
    select
        id as property_id,
        name,
        city,
        country,
        price_per_night
    from source
)

select * from renamed
  )

[0m15:24:25.998474 [debug] [Thread-4 (]: Using databricks connection "model.wanderbricks.stg_bookings"
[0m15:24:25.998865 [debug] [Thread-6 (]: Opening a new connection, currently in state init
[0m15:24:25.999406 [debug] [Thread-5 (]: Opening a new connection, currently in state init
[0m15:24:25.999749 [debug] [Thread-4 (]: On model.wanderbricks.stg_bookings: /* {"app": "dbt", "dbt_version": "1.11.2", "dbt_databricks_version": "1.11.4", "databricks_sql_connector_version": "4.1.3", "profile_name": "wanderbricks", "target_name": "dev", "node_id": "model.wanderbricks.stg_bookings"} */

  
  
  create or replace view `lakehouse`.`default_staging`.`stg_bookings`
  
  as (
    with source as (
    select * from `samples`.`wanderbricks`.`bookings`
),

renamed as (
    select
        id as booking_id,
        user_id,
        property_id,
        start_date,
        end_date,
        amount
    from source
)

select * from renamed
  )

[0m15:24:26.002730 [debug] [Thread-4 (]: Opening a new connection, currently in state init
[0m15:24:26.267458 [debug] [Thread-6 (]: Databricks adapter: Connection(session-id=01f0f093-f22d-1018-bd53-30e2a0216830) - Created
[0m15:24:26.273610 [debug] [Thread-5 (]: Databricks adapter: Connection(session-id=01f0f093-f22e-104b-91c3-1cdadd3fff22) - Created
[0m15:24:26.280509 [debug] [Thread-4 (]: Databricks adapter: Connection(session-id=01f0f093-f22d-1f40-97bb-2ed5b1bf52f8) - Created
[0m15:24:27.812563 [debug] [Thread-5 (]: Databricks adapter: Exception while trying to execute query
/* {"app": "dbt", "dbt_version": "1.11.2", "dbt_databricks_version": "1.11.4", "databricks_sql_connector_version": "4.1.3", "profile_name": "wanderbricks", "target_name": "dev", "node_id": "model.wanderbricks.stg_properties"} */

  
  
  create or replace view `lakehouse`.`default_staging`.`stg_properties`
  
  as (
    with source as (
    select * from `samples`.`wanderbricks`.`properties`
),

renamed as (
    select
        id as property_id,
        name,
        city,
        country,
        price_per_night
    from source
)

select * from renamed
  )

: [UNRESOLVED_COLUMN.WITH_SUGGESTION] A column, variable, or function parameter with name `id` cannot be resolved. Did you mean one of the following? [`title`, `host_id`, `bedrooms`, `base_price`, `bathrooms`]. SQLSTATE: 42703; line 14 pos 8
Error properties: diagnostic-info=org.apache.hive.service.cli.HiveSQLException: Error running query: [UNRESOLVED_COLUMN.WITH_SUGGESTION] org.apache.spark.sql.catalyst.ExtendedAnalysisException: [UNRESOLVED_COLUMN.WITH_SUGGESTION] A column, variable, or function parameter with name `id` cannot be resolved. Did you mean one of the following? [`title`, `host_id`, `bedrooms`, `base_price`, `bathrooms`]. SQLSTATE: 42703; line 14 pos 8
	at org.apache.spark.sql.hive.thriftserver.HiveThriftServerErrors$.runningQueryError(HiveThriftServerErrors.scala:49)
	at org.apache.spark.sql.hive.thriftserver.SparkExecuteStatementOperation.$anonfun$execute$1(SparkExecuteStatementOperation.scala:1050)
	at scala.runtime.java8.JFunction0$mcV$sp.apply(JFunction0$mcV$sp.scala:18)
	at com.databricks.unity.UCSEphemeralState$Handle.runWith(UCSEphemeralState.scala:51)
	at com.databricks.unity.HandleImpl.runWith(UCSHandle.scala:104)
	at org.apache.spark.sql.hive.thriftserver.SparkExecuteStatementOperation.org$apache$spark$sql$hive$thriftserver$SparkExecuteStatementOperation$$execute(SparkExecuteStatementOperation.scala:787)
	at org.apache.spark.sql.hive.thriftserver.SparkExecuteStatementOperation$$anon$2$$anon$3.$anonfun$run$5(SparkExecuteStatementOperation.scala:578)
	at scala.runtime.java8.JFunction0$mcV$sp.apply(JFunction0$mcV$sp.scala:18)
	at org.apache.spark.sql.execution.SQLExecution$.withRootExecution(SQLExecution.scala:869)
	at org.apache.spark.sql.hive.thriftserver.SparkExecuteStatementOperation$$anon$2$$anon$3.$anonfun$run$2(SparkExecuteStatementOperation.scala:578)
	at scala.runtime.java8.JFunction0$mcV$sp.apply(JFunction0$mcV$sp.scala:18)
	at com.databricks.logging.AttributionContextTracing.$anonfun$withAttributionContext$1(AttributionContextTracing.scala:80)
	at com.databricks.logging.AttributionContext$.$anonfun$withValue$1(AttributionContext.scala:348)
	at scala.util.DynamicVariable.withValue(DynamicVariable.scala:59)
	at com.databricks.logging.AttributionContext$.withValue(AttributionContext.scala:344)
	at com.databricks.logging.AttributionContextTracing.withAttributionContext(AttributionContextTracing.scala:78)
	at com.databricks.logging.AttributionContextTracing.withAttributionContext$(AttributionContextTracing.scala:75)
	at com.databricks.spark.util.DatabricksTracingHelper.withAttributionContext(DatabricksSparkTracingHelper.scala:62)
	at com.databricks.spark.util.DatabricksTracingHelper.withSpanFromRequest(DatabricksSparkTracingHelper.scala:89)
	at com.databricks.spark.util.DBRTracing$.withSpanFromRequest(DBRTracing.scala:43)
	at org.apache.spark.sql.hive.thriftserver.ThriftLocalProperties.$anonfun$withLocalProperties$15(ThriftLocalProperties.scala:238)
	at com.databricks.logging.AttributionContextTracing.$anonfun$withAttributionContext$1(AttributionContextTracing.scala:80)
	at com.databricks.logging.AttributionContext$.$anonfun$withValue$1(AttributionContext.scala:348)
	at scala.util.DynamicVariable.withValue(DynamicVariable.scala:59)
	at com.databricks.logging.AttributionContext$.withValue(AttributionContext.scala:344)
	at com.databricks.logging.AttributionContextTracing.withAttributionContext(AttributionContextTracing.scala:78)
	at com.databricks.logging.AttributionContextTracing.withAttributionContext$(AttributionContextTracing.scala:75)
	at com.databricks.spark.util.PublicDBLogging.withAttributionContext(DatabricksSparkUsageLogger.scala:29)
	at com.databricks.logging.AttributionContextTracing.withAttributionTags(AttributionContextTracing.scala:127)
	at com.databricks.logging.AttributionContextTracing.withAttributionTags$(AttributionContextTracing.scala:108)
	at com.databricks.spark.util.PublicDBLogging.withAttributionTags(DatabricksSparkUsageLogger.scala:29)
	at com.databricks.spark.util.PublicDBLogging.withAttributionTags0(DatabricksSparkUsageLogger.scala:108)
	at com.databricks.spark.util.DatabricksSparkUsageLogger.withAttributionTags(DatabricksSparkUsageLogger.scala:216)
	at com.databricks.spark.util.UsageLogging.$anonfun$withAttributionTags$1(UsageLogger.scala:668)
	at com.databricks.spark.util.UsageLogging$.withAttributionTags(UsageLogger.scala:780)
	at com.databricks.spark.util.UsageLogging$.withAttributionTags(UsageLogger.scala:789)
	at com.databricks.spark.util.UsageLogging.withAttributionTags(UsageLogger.scala:668)
	at com.databricks.spark.util.UsageLogging.withAttributionTags$(UsageLogger.scala:666)
	at org.apache.spark.sql.hive.thriftserver.SparkExecuteStatementOperation.withAttributionTags(SparkExecuteStatementOperation.scala:76)
	at org.apache.spark.sql.hive.thriftserver.ThriftLocalProperties.$anonfun$withLocalProperties$12(ThriftLocalProperties.scala:233)
	at com.databricks.spark.util.IdentityClaim$.withClaim(IdentityClaim.scala:48)
	at org.apache.spark.sql.hive.thriftserver.ThriftLocalProperties.withLocalProperties(ThriftLocalProperties.scala:229)
	at org.apache.spark.sql.hive.thriftserver.ThriftLocalProperties.withLocalProperties$(ThriftLocalProperties.scala:89)
	at org.apache.spark.sql.hive.thriftserver.SparkExecuteStatementOperation.withLocalProperties(SparkExecuteStatementOperation.scala:76)
	at org.apache.spark.sql.hive.thriftserver.SparkExecuteStatementOperation$$anon$2$$anon$3.run(SparkExecuteStatementOperation.scala:555)
	at org.apache.spark.sql.hive.thriftserver.SparkExecuteStatementOperation$$anon$2$$anon$3.run(SparkExecuteStatementOperation.scala:541)
	at java.base/java.security.AccessController.doPrivileged(AccessController.java:712)
	at java.base/javax.security.auth.Subject.doAs(Subject.java:439)
	at org.apache.hadoop.security.UserGroupInformation.doAs(UserGroupInformation.java:1953)
	at org.apache.spark.sql.hive.thriftserver.SparkExecuteStatementOperation$$anon$2.run(SparkExecuteStatementOperation.scala:591)
	at java.base/java.util.concurrent.Executors$RunnableAdapter.call(Executors.java:539)
	at java.base/java.util.concurrent.FutureTask.run(FutureTask.java:264)
	at java.base/java.util.concurrent.ThreadPoolExecutor.runWorker(ThreadPoolExecutor.java:1136)
	at java.base/java.util.concurrent.ThreadPoolExecutor$Worker.run(ThreadPoolExecutor.java:635)
	at java.base/java.lang.Thread.run(Thread.java:840)
Caused by: org.apache.spark.sql.catalyst.ExtendedAnalysisException: [UNRESOLVED_COLUMN.WITH_SUGGESTION] A column, variable, or function parameter with name `id` cannot be resolved. Did you mean one of the following? [`title`, `host_id`, `bedrooms`, `base_price`, `bathrooms`]. SQLSTATE: 42703; line 14 pos 8
	at org.apache.spark.sql.catalyst.ExtendedAnalysisException.copyPlan(ExtendedAnalysisException.scala:96)
	at org.apache.spark.sql.hive.thriftserver.SparkExecuteStatementOperation.$anonfun$execute$1(SparkExecuteStatementOperation.scala:1011)
	... 53 more
, operation-id=01f0f093-f235-1c71-9ec2-5f46aa8bca1f
[0m15:24:27.815874 [debug] [Thread-4 (]: Databricks adapter: Exception while trying to execute query
/* {"app": "dbt", "dbt_version": "1.11.2", "dbt_databricks_version": "1.11.4", "databricks_sql_connector_version": "4.1.3", "profile_name": "wanderbricks", "target_name": "dev", "node_id": "model.wanderbricks.stg_bookings"} */

  
  
  create or replace view `lakehouse`.`default_staging`.`stg_bookings`
  
  as (
    with source as (
    select * from `samples`.`wanderbricks`.`bookings`
),

renamed as (
    select
        id as booking_id,
        user_id,
        property_id,
        start_date,
        end_date,
        amount
    from source
)

select * from renamed
  )

: [UNRESOLVED_COLUMN.WITH_SUGGESTION] A column, variable, or function parameter with name `id` cannot be resolved. Did you mean one of the following? [`user_id`, `status`, `check_in`, `booking_id`, `check_out`]. SQLSTATE: 42703; line 14 pos 8
Error properties: diagnostic-info=org.apache.hive.service.cli.HiveSQLException: Error running query: [UNRESOLVED_COLUMN.WITH_SUGGESTION] org.apache.spark.sql.catalyst.ExtendedAnalysisException: [UNRESOLVED_COLUMN.WITH_SUGGESTION] A column, variable, or function parameter with name `id` cannot be resolved. Did you mean one of the following? [`user_id`, `status`, `check_in`, `booking_id`, `check_out`]. SQLSTATE: 42703; line 14 pos 8
	at org.apache.spark.sql.hive.thriftserver.HiveThriftServerErrors$.runningQueryError(HiveThriftServerErrors.scala:49)
	at org.apache.spark.sql.hive.thriftserver.SparkExecuteStatementOperation.$anonfun$execute$1(SparkExecuteStatementOperation.scala:1050)
	at scala.runtime.java8.JFunction0$mcV$sp.apply(JFunction0$mcV$sp.scala:18)
	at com.databricks.unity.UCSEphemeralState$Handle.runWith(UCSEphemeralState.scala:51)
	at com.databricks.unity.HandleImpl.runWith(UCSHandle.scala:104)
	at org.apache.spark.sql.hive.thriftserver.SparkExecuteStatementOperation.org$apache$spark$sql$hive$thriftserver$SparkExecuteStatementOperation$$execute(SparkExecuteStatementOperation.scala:787)
	at org.apache.spark.sql.hive.thriftserver.SparkExecuteStatementOperation$$anon$2$$anon$3.$anonfun$run$5(SparkExecuteStatementOperation.scala:578)
	at scala.runtime.java8.JFunction0$mcV$sp.apply(JFunction0$mcV$sp.scala:18)
	at org.apache.spark.sql.execution.SQLExecution$.withRootExecution(SQLExecution.scala:869)
	at org.apache.spark.sql.hive.thriftserver.SparkExecuteStatementOperation$$anon$2$$anon$3.$anonfun$run$2(SparkExecuteStatementOperation.scala:578)
	at scala.runtime.java8.JFunction0$mcV$sp.apply(JFunction0$mcV$sp.scala:18)
	at com.databricks.logging.AttributionContextTracing.$anonfun$withAttributionContext$1(AttributionContextTracing.scala:80)
	at com.databricks.logging.AttributionContext$.$anonfun$withValue$1(AttributionContext.scala:348)
	at scala.util.DynamicVariable.withValue(DynamicVariable.scala:59)
	at com.databricks.logging.AttributionContext$.withValue(AttributionContext.scala:344)
	at com.databricks.logging.AttributionContextTracing.withAttributionContext(AttributionContextTracing.scala:78)
	at com.databricks.logging.AttributionContextTracing.withAttributionContext$(AttributionContextTracing.scala:75)
	at com.databricks.spark.util.DatabricksTracingHelper.withAttributionContext(DatabricksSparkTracingHelper.scala:62)
	at com.databricks.spark.util.DatabricksTracingHelper.withSpanFromRequest(DatabricksSparkTracingHelper.scala:89)
	at com.databricks.spark.util.DBRTracing$.withSpanFromRequest(DBRTracing.scala:43)
	at org.apache.spark.sql.hive.thriftserver.ThriftLocalProperties.$anonfun$withLocalProperties$15(ThriftLocalProperties.scala:238)
	at com.databricks.logging.AttributionContextTracing.$anonfun$withAttributionContext$1(AttributionContextTracing.scala:80)
	at com.databricks.logging.AttributionContext$.$anonfun$withValue$1(AttributionContext.scala:348)
	at scala.util.DynamicVariable.withValue(DynamicVariable.scala:59)
	at com.databricks.logging.AttributionContext$.withValue(AttributionContext.scala:344)
	at com.databricks.logging.AttributionContextTracing.withAttributionContext(AttributionContextTracing.scala:78)
	at com.databricks.logging.AttributionContextTracing.withAttributionContext$(AttributionContextTracing.scala:75)
	at com.databricks.spark.util.PublicDBLogging.withAttributionContext(DatabricksSparkUsageLogger.scala:29)
	at com.databricks.logging.AttributionContextTracing.withAttributionTags(AttributionContextTracing.scala:127)
	at com.databricks.logging.AttributionContextTracing.withAttributionTags$(AttributionContextTracing.scala:108)
	at com.databricks.spark.util.PublicDBLogging.withAttributionTags(DatabricksSparkUsageLogger.scala:29)
	at com.databricks.spark.util.PublicDBLogging.withAttributionTags0(DatabricksSparkUsageLogger.scala:108)
	at com.databricks.spark.util.DatabricksSparkUsageLogger.withAttributionTags(DatabricksSparkUsageLogger.scala:216)
	at com.databricks.spark.util.UsageLogging.$anonfun$withAttributionTags$1(UsageLogger.scala:668)
	at com.databricks.spark.util.UsageLogging$.withAttributionTags(UsageLogger.scala:780)
	at com.databricks.spark.util.UsageLogging$.withAttributionTags(UsageLogger.scala:789)
	at com.databricks.spark.util.UsageLogging.withAttributionTags(UsageLogger.scala:668)
	at com.databricks.spark.util.UsageLogging.withAttributionTags$(UsageLogger.scala:666)
	at org.apache.spark.sql.hive.thriftserver.SparkExecuteStatementOperation.withAttributionTags(SparkExecuteStatementOperation.scala:76)
	at org.apache.spark.sql.hive.thriftserver.ThriftLocalProperties.$anonfun$withLocalProperties$12(ThriftLocalProperties.scala:233)
	at com.databricks.spark.util.IdentityClaim$.withClaim(IdentityClaim.scala:48)
	at org.apache.spark.sql.hive.thriftserver.ThriftLocalProperties.withLocalProperties(ThriftLocalProperties.scala:229)
	at org.apache.spark.sql.hive.thriftserver.ThriftLocalProperties.withLocalProperties$(ThriftLocalProperties.scala:89)
	at org.apache.spark.sql.hive.thriftserver.SparkExecuteStatementOperation.withLocalProperties(SparkExecuteStatementOperation.scala:76)
	at org.apache.spark.sql.hive.thriftserver.SparkExecuteStatementOperation$$anon$2$$anon$3.run(SparkExecuteStatementOperation.scala:555)
	at org.apache.spark.sql.hive.thriftserver.SparkExecuteStatementOperation$$anon$2$$anon$3.run(SparkExecuteStatementOperation.scala:541)
	at java.base/java.security.AccessController.doPrivileged(AccessController.java:712)
	at java.base/javax.security.auth.Subject.doAs(Subject.java:439)
	at org.apache.hadoop.security.UserGroupInformation.doAs(UserGroupInformation.java:1953)
	at org.apache.spark.sql.hive.thriftserver.SparkExecuteStatementOperation$$anon$2.run(SparkExecuteStatementOperation.scala:591)
	at java.base/java.util.concurrent.Executors$RunnableAdapter.call(Executors.java:539)
	at java.base/java.util.concurrent.FutureTask.run(FutureTask.java:264)
	at java.base/java.util.concurrent.ThreadPoolExecutor.runWorker(ThreadPoolExecutor.java:1136)
	at java.base/java.util.concurrent.ThreadPoolExecutor$Worker.run(ThreadPoolExecutor.java:635)
	at java.base/java.lang.Thread.run(Thread.java:840)
Caused by: org.apache.spark.sql.catalyst.ExtendedAnalysisException: [UNRESOLVED_COLUMN.WITH_SUGGESTION] A column, variable, or function parameter with name `id` cannot be resolved. Did you mean one of the following? [`user_id`, `status`, `check_in`, `booking_id`, `check_out`]. SQLSTATE: 42703; line 14 pos 8
	at org.apache.spark.sql.catalyst.ExtendedAnalysisException.copyPlan(ExtendedAnalysisException.scala:96)
	at org.apache.spark.sql.hive.thriftserver.SparkExecuteStatementOperation.$anonfun$execute$1(SparkExecuteStatementOperation.scala:1011)
	... 53 more
, operation-id=01f0f093-f236-1877-90cb-2fd739ce0dcc
[0m15:24:27.828568 [debug] [Thread-5 (]: On model.wanderbricks.stg_properties: Close
[0m15:24:27.829825 [debug] [Thread-5 (]: Databricks adapter: Connection(session-id=01f0f093-f22e-104b-91c3-1cdadd3fff22) - Closing
[0m15:24:27.903955 [debug] [Thread-4 (]: On model.wanderbricks.stg_bookings: Close
[0m15:24:27.904960 [debug] [Thread-4 (]: Databricks adapter: Connection(session-id=01f0f093-f22d-1f40-97bb-2ed5b1bf52f8) - Closing
[0m15:24:27.917201 [debug] [Thread-5 (]: Database Error in model stg_properties (models/staging/stg_properties.sql)
  [UNRESOLVED_COLUMN.WITH_SUGGESTION] A column, variable, or function parameter with name `id` cannot be resolved. Did you mean one of the following? [`title`, `host_id`, `bedrooms`, `base_price`, `bathrooms`]. SQLSTATE: 42703; line 14 pos 8
  compiled code at target/run/wanderbricks/models/staging/stg_properties.sql
[0m15:24:27.970957 [debug] [Thread-4 (]: Database Error in model stg_bookings (models/staging/stg_bookings.sql)
  [UNRESOLVED_COLUMN.WITH_SUGGESTION] A column, variable, or function parameter with name `id` cannot be resolved. Did you mean one of the following? [`user_id`, `status`, `check_in`, `booking_id`, `check_out`]. SQLSTATE: 42703; line 14 pos 8
  compiled code at target/run/wanderbricks/models/staging/stg_bookings.sql
[0m15:24:27.976982 [debug] [Thread-5 (]: Sending event: {'category': 'dbt', 'action': 'run_model', 'label': '651595f5-0ebc-4c0f-9460-8fa16d238057', 'context': [<snowplow_tracker.self_describing_json.SelfDescribingJson object at 0xffffa521c170>]}
[0m15:24:27.977374 [debug] [Thread-4 (]: Sending event: {'category': 'dbt', 'action': 'run_model', 'label': '651595f5-0ebc-4c0f-9460-8fa16d238057', 'context': [<snowplow_tracker.self_describing_json.SelfDescribingJson object at 0xffff8ba4ad80>]}
[0m15:24:27.979369 [error] [Thread-5 (]: 2 of 7 ERROR creating sql view model default_staging.stg_properties ............ [[31mERROR[0m in 2.10s]
[0m15:24:27.982961 [error] [Thread-4 (]: 1 of 7 ERROR creating sql view model default_staging.stg_bookings .............. [[31mERROR[0m in 2.10s]
[0m15:24:27.983993 [debug] [Thread-5 (]: Finished running node model.wanderbricks.stg_properties
[0m15:24:27.984691 [debug] [Thread-4 (]: Finished running node model.wanderbricks.stg_bookings
[0m15:24:27.986251 [debug] [Thread-10 ]: Marking all children of 'model.wanderbricks.stg_properties' to be skipped because of status 'error'.  Reason: Database Error in model stg_properties (models/staging/stg_properties.sql)
  [UNRESOLVED_COLUMN.WITH_SUGGESTION] A column, variable, or function parameter with name `id` cannot be resolved. Did you mean one of the following? [`title`, `host_id`, `bedrooms`, `base_price`, `bathrooms`]. SQLSTATE: 42703; line 14 pos 8
  compiled code at target/run/wanderbricks/models/staging/stg_properties.sql.
[0m15:24:27.995281 [debug] [Thread-10 ]: Marking all children of 'model.wanderbricks.stg_bookings' to be skipped because of status 'error'.  Reason: Database Error in model stg_bookings (models/staging/stg_bookings.sql)
  [UNRESOLVED_COLUMN.WITH_SUGGESTION] A column, variable, or function parameter with name `id` cannot be resolved. Did you mean one of the following? [`user_id`, `status`, `check_in`, `booking_id`, `check_out`]. SQLSTATE: 42703; line 14 pos 8
  compiled code at target/run/wanderbricks/models/staging/stg_bookings.sql.
[0m15:24:27.996942 [debug] [Thread-7 (]: Began running node model.wanderbricks.dim_properties
[0m15:24:27.998234 [debug] [Thread-5 (]: Began running node model.wanderbricks.fct_bookings
[0m15:24:27.999302 [info ] [Thread-7 (]: 4 of 7 SKIP relation default_star_schema.dim_properties ........................ [[33mSKIP[0m]
[0m15:24:28.000215 [info ] [Thread-5 (]: 5 of 7 SKIP relation default_star_schema.fct_bookings .......................... [[33mSKIP[0m]
[0m15:24:28.000957 [debug] [Thread-7 (]: Finished running node model.wanderbricks.dim_properties
[0m15:24:28.001579 [debug] [Thread-5 (]: Finished running node model.wanderbricks.fct_bookings
[0m15:24:28.018294 [debug] [Thread-6 (]: SQL status: OK in 2.020 seconds
[0m15:24:28.027306 [debug] [Thread-6 (]: Databricks adapter: Cursor(session-id=01f0f093-f22d-1018-bd53-30e2a0216830, command-id=01f0f093-f234-1c2d-9552-c594dccd49f6) - Closing
[0m15:24:28.051565 [debug] [Thread-6 (]: Applying tags to relation None
[0m15:24:28.060331 [debug] [Thread-6 (]: On model.wanderbricks.stg_users: Close
[0m15:24:28.061402 [debug] [Thread-6 (]: Databricks adapter: Connection(session-id=01f0f093-f22d-1018-bd53-30e2a0216830) - Closing
[0m15:24:28.125734 [debug] [Thread-6 (]: Sending event: {'category': 'dbt', 'action': 'run_model', 'label': '651595f5-0ebc-4c0f-9460-8fa16d238057', 'context': [<snowplow_tracker.self_describing_json.SelfDescribingJson object at 0xffffa70a74a0>]}
[0m15:24:28.126599 [info ] [Thread-6 (]: 3 of 7 OK created sql view model default_staging.stg_users ..................... [[32mOK[0m in 2.25s]
[0m15:24:28.127496 [debug] [Thread-6 (]: Finished running node model.wanderbricks.stg_users
[0m15:24:28.130590 [debug] [Thread-4 (]: Began running node model.wanderbricks.dim_users
[0m15:24:28.136144 [info ] [Thread-4 (]: 6 of 7 START sql table model default_star_schema.dim_users ..................... [RUN]
[0m15:24:28.142103 [debug] [Thread-4 (]: Databricks adapter: DatabricksDBTConnection(session-id=None, name=model.wanderbricks.dim_users) - Creating connection
[0m15:24:28.142696 [debug] [Thread-4 (]: Acquiring new databricks connection 'model.wanderbricks.dim_users'
[0m15:24:28.143209 [debug] [Thread-4 (]: Began compiling node model.wanderbricks.dim_users
[0m15:24:28.149606 [debug] [Thread-4 (]: Writing injected SQL for node "model.wanderbricks.dim_users"
[0m15:24:28.153307 [debug] [Thread-4 (]: Began executing node model.wanderbricks.dim_users
[0m15:24:28.166600 [debug] [Thread-4 (]: MATERIALIZING TABLE
[0m15:24:28.206023 [debug] [Thread-4 (]: Writing runtime sql for node "model.wanderbricks.dim_users"
[0m15:24:28.210108 [debug] [Thread-4 (]: Using databricks connection "model.wanderbricks.dim_users"
[0m15:24:28.211116 [debug] [Thread-4 (]: On model.wanderbricks.dim_users: /* {"app": "dbt", "dbt_version": "1.11.2", "dbt_databricks_version": "1.11.4", "databricks_sql_connector_version": "4.1.3", "profile_name": "wanderbricks", "target_name": "dev", "node_id": "model.wanderbricks.dim_users"} */

  
    
        create or replace table `lakehouse`.`default_star_schema`.`dim_users`
      
      
    using delta
  
      
      
      
      
      
      
      
      as
      with stg_users as (
    select * from `lakehouse`.`default_staging`.`stg_users`
)

select
    user_id,
    email,
    name,
    country,
    user_type,
    created_at,
    is_business,
    company_name
from stg_users
  
[0m15:24:28.211508 [debug] [Thread-4 (]: Opening a new connection, currently in state init
[0m15:24:28.394251 [debug] [Thread-4 (]: Databricks adapter: Connection(session-id=01f0f093-f371-1839-bf23-1519f511b412) - Created
[0m15:24:34.480364 [debug] [Thread-4 (]: SQL status: OK in 6.270 seconds
[0m15:24:34.489790 [debug] [Thread-4 (]: Databricks adapter: Cursor(session-id=01f0f093-f371-1839-bf23-1519f511b412, command-id=01f0f093-f379-1973-9099-357495af5599) - Closing
[0m15:24:34.579692 [debug] [Thread-4 (]: Applying tags to relation None
[0m15:24:34.601005 [debug] [Thread-4 (]: On model.wanderbricks.dim_users: Close
[0m15:24:34.601526 [debug] [Thread-4 (]: Databricks adapter: Connection(session-id=01f0f093-f371-1839-bf23-1519f511b412) - Closing
[0m15:24:34.675737 [debug] [Thread-4 (]: Sending event: {'category': 'dbt', 'action': 'run_model', 'label': '651595f5-0ebc-4c0f-9460-8fa16d238057', 'context': [<snowplow_tracker.self_describing_json.SelfDescribingJson object at 0xffff596f0500>]}
[0m15:24:34.677341 [info ] [Thread-4 (]: 6 of 7 OK created sql table model default_star_schema.dim_users ................ [[32mOK[0m in 6.53s]
[0m15:24:34.679046 [debug] [Thread-4 (]: Finished running node model.wanderbricks.dim_users
[0m15:24:34.683931 [debug] [Thread-5 (]: Began running node model.wanderbricks.dm_monthly_bookings
[0m15:24:34.685060 [info ] [Thread-5 (]: 7 of 7 SKIP relation default_datamarts.dm_monthly_bookings ..................... [[33mSKIP[0m]
[0m15:24:34.685949 [debug] [Thread-5 (]: Finished running node model.wanderbricks.dm_monthly_bookings
[0m15:24:34.697163 [debug] [MainThread]: Databricks adapter: DatabricksDBTConnection(session-id=None, name=master) - Creating connection
[0m15:24:34.697917 [debug] [MainThread]: Acquiring new databricks connection 'master'
[0m15:24:34.699216 [info ] [MainThread]: 
[0m15:24:34.699785 [info ] [MainThread]: Finished running 4 table models, 3 view models in 0 hours 0 minutes and 12.85 seconds (12.85s).
[0m15:24:34.701356 [debug] [MainThread]: Command end result
[0m15:24:34.783489 [debug] [MainThread]: Wrote artifact WritableManifest to /opt/airflow/dbt/target/manifest.json
[0m15:24:34.789926 [debug] [MainThread]: Wrote artifact SemanticManifest to /opt/airflow/dbt/target/semantic_manifest.json
[0m15:24:34.814365 [debug] [MainThread]: Wrote artifact RunExecutionResult to /opt/airflow/dbt/target/run_results.json
[0m15:24:34.814800 [info ] [MainThread]: 
[0m15:24:34.815234 [info ] [MainThread]: [31mCompleted with 2 errors, 0 partial successes, and 0 warnings:[0m
[0m15:24:34.815587 [info ] [MainThread]: 
[0m15:24:34.816091 [error] [MainThread]: [31mFailure in model stg_properties (models/staging/stg_properties.sql)[0m
[0m15:24:34.816482 [error] [MainThread]:   Database Error in model stg_properties (models/staging/stg_properties.sql)
  [UNRESOLVED_COLUMN.WITH_SUGGESTION] A column, variable, or function parameter with name `id` cannot be resolved. Did you mean one of the following? [`title`, `host_id`, `bedrooms`, `base_price`, `bathrooms`]. SQLSTATE: 42703; line 14 pos 8
  compiled code at target/run/wanderbricks/models/staging/stg_properties.sql
[0m15:24:34.816822 [info ] [MainThread]: 
[0m15:24:34.817216 [info ] [MainThread]:   compiled code at target/compiled/wanderbricks/models/staging/stg_properties.sql
[0m15:24:34.817549 [info ] [MainThread]: 
[0m15:24:34.817904 [error] [MainThread]: [31mFailure in model stg_bookings (models/staging/stg_bookings.sql)[0m
[0m15:24:34.818218 [error] [MainThread]:   Database Error in model stg_bookings (models/staging/stg_bookings.sql)
  [UNRESOLVED_COLUMN.WITH_SUGGESTION] A column, variable, or function parameter with name `id` cannot be resolved. Did you mean one of the following? [`user_id`, `status`, `check_in`, `booking_id`, `check_out`]. SQLSTATE: 42703; line 14 pos 8
  compiled code at target/run/wanderbricks/models/staging/stg_bookings.sql
[0m15:24:34.818477 [info ] [MainThread]: 
[0m15:24:34.818758 [info ] [MainThread]:   compiled code at target/compiled/wanderbricks/models/staging/stg_bookings.sql
[0m15:24:34.819005 [info ] [MainThread]: 
[0m15:24:34.819348 [info ] [MainThread]: Done. PASS=2 WARN=0 ERROR=2 SKIP=3 NO-OP=0 TOTAL=7
[0m15:24:34.820410 [warn ] [MainThread]: [[33mWARNING[0m][DeprecationsSummary]: Deprecated functionality
Summary of encountered deprecations:
- MissingPlusPrefixDeprecation: 6 occurrences
- MissingArgumentsPropertyInGenericTestDeprecation: 3 occurrences
To see all deprecation instances instead of just the first occurrence of each,
run command again with the `--show-all-deprecations` flag. You may also need to
run with `--no-partial-parse` as some deprecations are only encountered during
parsing.
[0m15:24:34.825607 [debug] [MainThread]: Resource report: {"command_name": "run", "command_success": false, "command_wall_clock_time": 17.098976, "process_in_blocks": "256", "process_kernel_time": 1.141883, "process_mem_max_rss": "269068", "process_out_blocks": "5306", "process_user_time": 7.463447}
[0m15:24:34.827040 [debug] [MainThread]: Command `dbt run` failed at 15:24:34.826902 after 17.10 seconds
[0m15:24:34.828531 [debug] [MainThread]: Sending event: {'category': 'dbt', 'action': 'invocation', 'label': 'end', 'context': [<snowplow_tracker.self_describing_json.SelfDescribingJson object at 0xffffa53bdc10>, <snowplow_tracker.self_describing_json.SelfDescribingJson object at 0xffff8c599130>, <snowplow_tracker.self_describing_json.SelfDescribingJson object at 0xffff8c598050>]}
[0m15:24:34.829014 [debug] [MainThread]: Flushing usage events
[0m15:24:35.532916 [debug] [MainThread]: An error was encountered while trying to flush usage events
[0m15:29:40.146971 [debug] [MainThread]: Sending event: {'category': 'dbt', 'action': 'invocation', 'label': 'start', 'context': [<snowplow_tracker.self_describing_json.SelfDescribingJson object at 0xffff9e459c70>, <snowplow_tracker.self_describing_json.SelfDescribingJson object at 0xffff9e787c20>, <snowplow_tracker.self_describing_json.SelfDescribingJson object at 0xffff9eacaa50>]}


============================== 15:29:40.153797 | 97893e0c-def3-43b7-b100-e70264489b4c ==============================
[0m15:29:40.153797 [info ] [MainThread]: Running with dbt=1.11.2
[0m15:29:40.156202 [debug] [MainThread]: running dbt with arguments {'introspect': 'True', 'no_print': 'None', 'invocation_command': 'dbt run --select +dm_monthly_bookings', 'use_colors': 'True', 'printer_width': '80', 'static_parser': 'True', 'log_format': 'default', 'use_experimental_parser': 'False', 'profiles_dir': '/opt/airflow/dbt', 'debug': 'False', 'write_json': 'True', 'partial_parse': 'True', 'empty': 'False', 'quiet': 'False', 'warn_error': 'None', 'indirect_selection': 'eager', 'version_check': 'True', 'log_path': '/opt/airflow/dbt/logs', 'log_cache_events': 'False', 'cache_selected_only': 'False', 'warn_error_options': 'WarnErrorOptionsV2(error=[], warn=[], silence=[])', 'target_path': 'None', 'send_anonymous_usage_stats': 'True', 'fail_fast': 'False'}
[0m15:29:40.815595 [debug] [MainThread]: Spark adapter: Setting pyhive.hive logging to ERROR
[0m15:29:40.816458 [debug] [MainThread]: Spark adapter: Setting thrift.transport logging to ERROR
[0m15:29:40.817070 [debug] [MainThread]: Spark adapter: Setting thrift.protocol logging to ERROR
[0m15:29:41.692674 [warn ] [MainThread]: [[33mWARNING[0m][MissingPlusPrefixDeprecation]: Deprecated functionality
Missing '+' prefix on `materialized` found at
`wanderbricks.staging.materialized` in file `/opt/airflow/dbt/dbt_project.yml`.
Hierarchical config values without a '+' prefix are deprecated in
dbt_project.yml.
[0m15:29:41.696423 [debug] [MainThread]: Sending event: {'category': 'dbt', 'action': 'deprecation', 'label': '97893e0c-def3-43b7-b100-e70264489b4c', 'property_': 'warn', 'context': [<snowplow_tracker.self_describing_json.SelfDescribingJson object at 0xffff9b8b0c20>]}
[0m15:29:41.787415 [debug] [MainThread]: Sending event: {'category': 'dbt', 'action': 'project_id', 'label': '97893e0c-def3-43b7-b100-e70264489b4c', 'context': [<snowplow_tracker.self_describing_json.SelfDescribingJson object at 0xffff874a55b0>]}
[0m15:29:41.827806 [debug] [MainThread]: Sending event: {'category': 'dbt', 'action': 'adapter_info', 'label': '97893e0c-def3-43b7-b100-e70264489b4c', 'context': [<snowplow_tracker.self_describing_json.SelfDescribingJson object at 0xffff9b8f0c20>]}
[0m15:29:41.828625 [info ] [MainThread]: Registered adapter: databricks=1.11.4
[0m15:29:41.937221 [warn ] [MainThread]: [[33mWARNING[0m]: Use managed Iceberg tables when table_format is iceberg. When this flag is disabled, UniForm is used instead.
You may opt into the new behavior sooner by setting `flags.use_managed_iceberg` to `True` in `dbt_project.yml`.
Visit https://docs.getdbt.com/reference/global-configs/behavior-changes for more information.
[0m15:29:41.938298 [debug] [MainThread]: Sending event: {'category': 'dbt', 'action': 'BehaviorChangeEvent', 'label': '97893e0c-def3-43b7-b100-e70264489b4c', 'context': [<snowplow_tracker.self_describing_json.SelfDescribingJson object at 0xffff86113380>]}
[0m15:29:41.949176 [debug] [MainThread]: checksum: 3d40d8bbe1bef07db1c24822f2dbfff8bc07f2a48ed4fe2658a40653aec0b54b, vars: {}, profile: , target: , version: 1.11.2
[0m15:29:42.043584 [info ] [MainThread]: Unable to do partial parsing because profile has changed
[0m15:29:42.044967 [debug] [MainThread]: Sending event: {'category': 'dbt', 'action': 'partial_parser', 'label': '97893e0c-def3-43b7-b100-e70264489b4c', 'context': [<snowplow_tracker.self_describing_json.SelfDescribingJson object at 0xffff85d3f9e0>]}
[0m15:29:43.430439 [warn ] [MainThread]: [[33mWARNING[0m][MissingArgumentsPropertyInGenericTestDeprecation]: Deprecated
functionality
Found top-level arguments to test `relationships` defined on 'stg_bookings' in
package 'wanderbricks' (models/staging/schema.yml). Arguments to generic tests
should be nested under the `arguments` property.
[0m15:29:43.432003 [debug] [MainThread]: Sending event: {'category': 'dbt', 'action': 'deprecation', 'label': '97893e0c-def3-43b7-b100-e70264489b4c', 'property_': 'warn', 'context': [<snowplow_tracker.self_describing_json.SelfDescribingJson object at 0xffff85b26f90>]}
[0m15:29:43.661677 [debug] [MainThread]: Sending event: {'category': 'dbt', 'action': 'load_project', 'label': '97893e0c-def3-43b7-b100-e70264489b4c', 'context': [<snowplow_tracker.self_describing_json.SelfDescribingJson object at 0xffffa068d7f0>]}
[0m15:29:43.739096 [debug] [MainThread]: Wrote artifact WritableManifest to /opt/airflow/dbt/target/manifest.json
[0m15:29:43.743283 [debug] [MainThread]: Wrote artifact SemanticManifest to /opt/airflow/dbt/target/semantic_manifest.json
[0m15:29:43.761749 [debug] [MainThread]: Sending event: {'category': 'dbt', 'action': 'resource_counts', 'label': '97893e0c-def3-43b7-b100-e70264489b4c', 'context': [<snowplow_tracker.self_describing_json.SelfDescribingJson object at 0xffff8525dd90>]}
[0m15:29:43.762313 [info ] [MainThread]: Found 7 models, 18 data tests, 3 sources, 731 macros
[0m15:29:43.763304 [debug] [MainThread]: Sending event: {'category': 'dbt', 'action': 'runnable_timing', 'label': '97893e0c-def3-43b7-b100-e70264489b4c', 'context': [<snowplow_tracker.self_describing_json.SelfDescribingJson object at 0xffff8525ea80>]}
[0m15:29:43.765184 [info ] [MainThread]: 
[0m15:29:43.766269 [info ] [MainThread]: Concurrency: 4 threads (target='dev')
[0m15:29:43.766787 [info ] [MainThread]: 
[0m15:29:43.767567 [debug] [MainThread]: Databricks adapter: DatabricksDBTConnection(session-id=None, name=master) - Creating connection
[0m15:29:43.767909 [debug] [MainThread]: Acquiring new databricks connection 'master'
[0m15:29:43.772822 [debug] [ThreadPool]: Databricks adapter: DatabricksDBTConnection(session-id=None, name=list_lakehouse) - Creating connection
[0m15:29:43.774190 [debug] [ThreadPool]: Acquiring new databricks connection 'list_lakehouse'
[0m15:29:43.773549 [debug] [ThreadPool]: Databricks adapter: DatabricksDBTConnection(session-id=None, name=list_lakehouse) - Creating connection
[0m15:29:43.775087 [debug] [ThreadPool]: Databricks adapter: DatabricksDBTConnection(session-id=None, name=list_lakehouse) - Creating connection
[0m15:29:43.785461 [debug] [ThreadPool]: Acquiring new databricks connection 'list_lakehouse'
[0m15:29:43.788693 [debug] [ThreadPool]: Using databricks connection "list_lakehouse"
[0m15:29:43.786189 [debug] [ThreadPool]: Acquiring new databricks connection 'list_lakehouse'
[0m15:29:43.785119 [debug] [ThreadPool]: Using databricks connection "list_lakehouse"
[0m15:29:43.789254 [debug] [ThreadPool]: On list_lakehouse: /* {"app": "dbt", "dbt_version": "1.11.2", "dbt_databricks_version": "1.11.4", "databricks_sql_connector_version": "4.1.3", "profile_name": "wanderbricks", "target_name": "dev", "connection_name": "list_lakehouse"} */

    

  SHOW SCHEMAS IN `lakehouse`


  
[0m15:29:43.791042 [debug] [ThreadPool]: Using databricks connection "list_lakehouse"
[0m15:29:43.791490 [debug] [ThreadPool]: On list_lakehouse: /* {"app": "dbt", "dbt_version": "1.11.2", "dbt_databricks_version": "1.11.4", "databricks_sql_connector_version": "4.1.3", "profile_name": "wanderbricks", "target_name": "dev", "connection_name": "list_lakehouse"} */

    

  SHOW SCHEMAS IN `lakehouse`


  
[0m15:29:43.793391 [debug] [ThreadPool]: Opening a new connection, currently in state init
[0m15:29:43.792825 [debug] [ThreadPool]: On list_lakehouse: /* {"app": "dbt", "dbt_version": "1.11.2", "dbt_databricks_version": "1.11.4", "databricks_sql_connector_version": "4.1.3", "profile_name": "wanderbricks", "target_name": "dev", "connection_name": "list_lakehouse"} */

    

  SHOW SCHEMAS IN `lakehouse`


  
[0m15:29:43.792347 [debug] [ThreadPool]: Opening a new connection, currently in state init
[0m15:29:43.794167 [debug] [ThreadPool]: Opening a new connection, currently in state init
[0m15:29:44.075246 [debug] [ThreadPool]: Databricks adapter: Connection(session-id=01f0f094-af99-1c14-ba5b-a0de9d8057ce) - Created
[0m15:29:44.088377 [debug] [ThreadPool]: Databricks adapter: Connection(session-id=01f0f094-af99-1b2e-8f3c-ad03ab257d49) - Created
[0m15:29:44.103896 [debug] [ThreadPool]: Databricks adapter: Connection(session-id=01f0f094-af9d-1751-b775-a56c0eacc523) - Created
[0m15:29:44.564199 [debug] [ThreadPool]: SQL status: OK in 0.770 seconds
[0m15:29:44.566614 [debug] [ThreadPool]: SQL status: OK in 0.770 seconds
[0m15:29:44.568105 [debug] [ThreadPool]: SQL status: OK in 0.770 seconds
[0m15:29:44.593097 [debug] [ThreadPool]: Databricks adapter: Cursor(session-id=01f0f094-af9d-1751-b775-a56c0eacc523, command-id=01f0f094-afa7-1a21-8dc8-948b5bdca12c) - Closing
[0m15:29:44.594662 [debug] [ThreadPool]: Databricks adapter: Cursor(session-id=01f0f094-af99-1b2e-8f3c-ad03ab257d49, command-id=01f0f094-afa7-125f-906c-1e86b85523a9) - Closing
[0m15:29:44.594279 [debug] [ThreadPool]: Databricks adapter: Cursor(session-id=01f0f094-af99-1c14-ba5b-a0de9d8057ce, command-id=01f0f094-afa4-16a1-8d6e-30a2c4501c8d) - Closing
[0m15:29:44.595606 [debug] [ThreadPool]: On list_lakehouse: Close
[0m15:29:44.596998 [debug] [ThreadPool]: Databricks adapter: Connection(session-id=01f0f094-af9d-1751-b775-a56c0eacc523) - Closing
[0m15:29:44.655166 [debug] [ThreadPool]: On list_lakehouse: Close
[0m15:29:44.656009 [debug] [ThreadPool]: Databricks adapter: Connection(session-id=01f0f094-af99-1b2e-8f3c-ad03ab257d49) - Closing
[0m15:29:44.714363 [debug] [ThreadPool]: On list_lakehouse: Close
[0m15:29:44.715643 [debug] [ThreadPool]: Databricks adapter: Connection(session-id=01f0f094-af99-1c14-ba5b-a0de9d8057ce) - Closing
[0m15:29:44.784483 [debug] [ThreadPool]: Databricks adapter: DatabricksDBTConnection(session-id=None, name=create_lakehouse_dev_datamarts) - Creating connection
[0m15:29:44.785316 [debug] [ThreadPool]: Databricks adapter: DatabricksDBTConnection(session-id=None, name=create_lakehouse_dev_staging) - Creating connection
[0m15:29:44.785882 [debug] [ThreadPool]: Databricks adapter: DatabricksDBTConnection(session-id=None, name=create_lakehouse_dev_star_schema) - Creating connection
[0m15:29:44.786192 [debug] [ThreadPool]: Acquiring new databricks connection 'create_lakehouse_dev_datamarts'
[0m15:29:44.786568 [debug] [ThreadPool]: Acquiring new databricks connection 'create_lakehouse_dev_staging'
[0m15:29:44.787038 [debug] [ThreadPool]: Acquiring new databricks connection 'create_lakehouse_dev_star_schema'
[0m15:29:44.787875 [debug] [ThreadPool]: Creating schema "database: "lakehouse"
schema: "dev_datamarts"
"
[0m15:29:44.788424 [debug] [ThreadPool]: Creating schema "database: "lakehouse"
schema: "dev_staging"
"
[0m15:29:44.788980 [debug] [ThreadPool]: Creating schema "database: "lakehouse"
schema: "dev_star_schema"
"
[0m15:29:44.794237 [debug] [ThreadPool]: Using databricks connection "create_lakehouse_dev_datamarts"
[0m15:29:44.796487 [debug] [ThreadPool]: Using databricks connection "create_lakehouse_dev_staging"
[0m15:29:44.798604 [debug] [ThreadPool]: Using databricks connection "create_lakehouse_dev_star_schema"
[0m15:29:44.799082 [debug] [ThreadPool]: On create_lakehouse_dev_datamarts: /* {"app": "dbt", "dbt_version": "1.11.2", "dbt_databricks_version": "1.11.4", "databricks_sql_connector_version": "4.1.3", "profile_name": "wanderbricks", "target_name": "dev", "connection_name": "create_lakehouse_dev_datamarts"} */
create schema if not exists `lakehouse`.`dev_datamarts`
  
[0m15:29:44.799597 [debug] [ThreadPool]: On create_lakehouse_dev_staging: /* {"app": "dbt", "dbt_version": "1.11.2", "dbt_databricks_version": "1.11.4", "databricks_sql_connector_version": "4.1.3", "profile_name": "wanderbricks", "target_name": "dev", "connection_name": "create_lakehouse_dev_staging"} */
create schema if not exists `lakehouse`.`dev_staging`
  
[0m15:29:44.800007 [debug] [ThreadPool]: On create_lakehouse_dev_star_schema: /* {"app": "dbt", "dbt_version": "1.11.2", "dbt_databricks_version": "1.11.4", "databricks_sql_connector_version": "4.1.3", "profile_name": "wanderbricks", "target_name": "dev", "connection_name": "create_lakehouse_dev_star_schema"} */
create schema if not exists `lakehouse`.`dev_star_schema`
  
[0m15:29:44.800471 [debug] [ThreadPool]: Opening a new connection, currently in state init
[0m15:29:44.800812 [debug] [ThreadPool]: Opening a new connection, currently in state init
[0m15:29:44.801237 [debug] [ThreadPool]: Opening a new connection, currently in state init
[0m15:29:45.029107 [debug] [ThreadPool]: Databricks adapter: Connection(session-id=01f0f094-b02b-1e72-a3ce-920578c95014) - Created
[0m15:29:45.034082 [debug] [ThreadPool]: Databricks adapter: Connection(session-id=01f0f094-b02c-1bcb-8b10-d30fc26eed4a) - Created
[0m15:29:45.041329 [debug] [ThreadPool]: Databricks adapter: Connection(session-id=01f0f094-b02c-1e46-81e3-a8d873e2ba08) - Created
[0m15:29:45.342161 [debug] [ThreadPool]: SQL status: OK in 0.540 seconds
[0m15:29:45.343822 [debug] [ThreadPool]: Databricks adapter: Cursor(session-id=01f0f094-b02c-1e46-81e3-a8d873e2ba08, command-id=01f0f094-b037-1480-8980-b982fadf1a31) - Closing
[0m15:29:45.344377 [debug] [ThreadPool]: On create_lakehouse_dev_datamarts: Close
[0m15:29:45.344656 [debug] [ThreadPool]: Databricks adapter: Connection(session-id=01f0f094-b02c-1e46-81e3-a8d873e2ba08) - Closing
[0m15:29:45.355720 [debug] [ThreadPool]: SQL status: OK in 0.550 seconds
[0m15:29:45.356900 [debug] [ThreadPool]: Databricks adapter: Cursor(session-id=01f0f094-b02c-1bcb-8b10-d30fc26eed4a, command-id=01f0f094-b034-1573-9292-30518a8db219) - Closing
[0m15:29:45.369703 [debug] [ThreadPool]: SQL status: OK in 0.570 seconds
[0m15:29:45.370925 [debug] [ThreadPool]: Databricks adapter: Cursor(session-id=01f0f094-b02b-1e72-a3ce-920578c95014, command-id=01f0f094-b033-1af9-ba2a-843043da657b) - Closing
[0m15:29:45.418826 [debug] [ThreadPool]: On create_lakehouse_dev_staging: Close
[0m15:29:45.420010 [debug] [ThreadPool]: Databricks adapter: Connection(session-id=01f0f094-b02c-1bcb-8b10-d30fc26eed4a) - Closing
[0m15:29:45.485543 [debug] [ThreadPool]: On create_lakehouse_dev_star_schema: Close
[0m15:29:45.486737 [debug] [ThreadPool]: Databricks adapter: Connection(session-id=01f0f094-b02b-1e72-a3ce-920578c95014) - Closing
[0m15:29:45.560288 [debug] [ThreadPool]: Databricks adapter: DatabricksDBTConnection(session-id=None, name=list_lakehouse_dev_datamarts) - Creating connection
[0m15:29:45.561076 [debug] [ThreadPool]: Databricks adapter: DatabricksDBTConnection(session-id=None, name=list_lakehouse_dev_staging) - Creating connection
[0m15:29:45.561323 [debug] [ThreadPool]: Acquiring new databricks connection 'list_lakehouse_dev_datamarts'
[0m15:29:45.562086 [debug] [ThreadPool]: Databricks adapter: DatabricksDBTConnection(session-id=None, name=list_lakehouse_dev_star_schema) - Creating connection
[0m15:29:45.562446 [debug] [ThreadPool]: Acquiring new databricks connection 'list_lakehouse_dev_staging'
[0m15:29:45.566542 [debug] [ThreadPool]: Using databricks connection "list_lakehouse_dev_datamarts"
[0m15:29:45.567208 [debug] [ThreadPool]: Acquiring new databricks connection 'list_lakehouse_dev_star_schema'
[0m15:29:45.568914 [debug] [ThreadPool]: Using databricks connection "list_lakehouse_dev_staging"
[0m15:29:45.569435 [debug] [ThreadPool]: On list_lakehouse_dev_datamarts: /* {"app": "dbt", "dbt_version": "1.11.2", "dbt_databricks_version": "1.11.4", "databricks_sql_connector_version": "4.1.3", "profile_name": "wanderbricks", "target_name": "dev", "connection_name": "list_lakehouse_dev_datamarts"} */

    
SELECT
  table_name,
  if(table_type IN ('EXTERNAL', 'MANAGED', 'MANAGED_SHALLOW_CLONE', 'EXTERNAL_SHALLOW_CLONE'), 'table', lower(table_type)) AS table_type,
  lower(data_source_format) AS file_format,
  table_owner,
  if(
    table_type IN (
      'EXTERNAL',
      'MANAGED',
      'MANAGED_SHALLOW_CLONE',
      'EXTERNAL_SHALLOW_CLONE'
    ),
    lower(table_type),
    NULL
  ) AS databricks_table_type
FROM `system`.`information_schema`.`tables`
WHERE table_catalog = 'lakehouse' 
  AND table_schema = 'dev_datamarts'

  
[0m15:29:45.570944 [debug] [ThreadPool]: Using databricks connection "list_lakehouse_dev_star_schema"
[0m15:29:45.571445 [debug] [ThreadPool]: On list_lakehouse_dev_staging: /* {"app": "dbt", "dbt_version": "1.11.2", "dbt_databricks_version": "1.11.4", "databricks_sql_connector_version": "4.1.3", "profile_name": "wanderbricks", "target_name": "dev", "connection_name": "list_lakehouse_dev_staging"} */

    
SELECT
  table_name,
  if(table_type IN ('EXTERNAL', 'MANAGED', 'MANAGED_SHALLOW_CLONE', 'EXTERNAL_SHALLOW_CLONE'), 'table', lower(table_type)) AS table_type,
  lower(data_source_format) AS file_format,
  table_owner,
  if(
    table_type IN (
      'EXTERNAL',
      'MANAGED',
      'MANAGED_SHALLOW_CLONE',
      'EXTERNAL_SHALLOW_CLONE'
    ),
    lower(table_type),
    NULL
  ) AS databricks_table_type
FROM `system`.`information_schema`.`tables`
WHERE table_catalog = 'lakehouse' 
  AND table_schema = 'dev_staging'

  
[0m15:29:45.571996 [debug] [ThreadPool]: Opening a new connection, currently in state init
[0m15:29:45.572418 [debug] [ThreadPool]: On list_lakehouse_dev_star_schema: /* {"app": "dbt", "dbt_version": "1.11.2", "dbt_databricks_version": "1.11.4", "databricks_sql_connector_version": "4.1.3", "profile_name": "wanderbricks", "target_name": "dev", "connection_name": "list_lakehouse_dev_star_schema"} */

    
SELECT
  table_name,
  if(table_type IN ('EXTERNAL', 'MANAGED', 'MANAGED_SHALLOW_CLONE', 'EXTERNAL_SHALLOW_CLONE'), 'table', lower(table_type)) AS table_type,
  lower(data_source_format) AS file_format,
  table_owner,
  if(
    table_type IN (
      'EXTERNAL',
      'MANAGED',
      'MANAGED_SHALLOW_CLONE',
      'EXTERNAL_SHALLOW_CLONE'
    ),
    lower(table_type),
    NULL
  ) AS databricks_table_type
FROM `system`.`information_schema`.`tables`
WHERE table_catalog = 'lakehouse' 
  AND table_schema = 'dev_star_schema'

  
[0m15:29:45.572849 [debug] [ThreadPool]: Opening a new connection, currently in state init
[0m15:29:45.573734 [debug] [ThreadPool]: Opening a new connection, currently in state init
[0m15:29:45.808784 [debug] [ThreadPool]: Databricks adapter: Connection(session-id=01f0f094-b0a3-1238-87ea-0bb5770c1ac9) - Created
[0m15:29:45.814650 [debug] [ThreadPool]: Databricks adapter: Connection(session-id=01f0f094-b0a3-1400-ad41-393102b5f6c6) - Created
[0m15:29:45.815616 [debug] [ThreadPool]: Databricks adapter: Connection(session-id=01f0f094-b0a2-1fca-b103-82dc9632ff03) - Created
[0m15:29:46.105157 [debug] [ThreadPool]: SQL status: OK in 0.530 seconds
[0m15:29:46.109980 [debug] [ThreadPool]: Databricks adapter: Cursor(session-id=01f0f094-b0a2-1fca-b103-82dc9632ff03, command-id=01f0f094-b0ab-1a0d-ae57-ea1df1db4409) - Closing
[0m15:29:46.110908 [debug] [ThreadPool]: On list_lakehouse_dev_staging: Close
[0m15:29:46.111572 [debug] [ThreadPool]: Databricks adapter: Connection(session-id=01f0f094-b0a2-1fca-b103-82dc9632ff03) - Closing
[0m15:29:46.117023 [debug] [ThreadPool]: SQL status: OK in 0.540 seconds
[0m15:29:46.119453 [debug] [ThreadPool]: Databricks adapter: Cursor(session-id=01f0f094-b0a3-1400-ad41-393102b5f6c6, command-id=01f0f094-b0ab-1bf8-9d8c-ea59f6279f65) - Closing
[0m15:29:46.137487 [debug] [ThreadPool]: SQL status: OK in 0.570 seconds
[0m15:29:46.139111 [debug] [ThreadPool]: Databricks adapter: Cursor(session-id=01f0f094-b0a3-1238-87ea-0bb5770c1ac9, command-id=01f0f094-b0aa-1919-956c-756f99d22629) - Closing
[0m15:29:46.171641 [debug] [ThreadPool]: On list_lakehouse_dev_star_schema: Close
[0m15:29:46.172270 [debug] [ThreadPool]: Databricks adapter: Connection(session-id=01f0f094-b0a3-1400-ad41-393102b5f6c6) - Closing
[0m15:29:46.231589 [debug] [ThreadPool]: On list_lakehouse_dev_datamarts: Close
[0m15:29:46.234269 [debug] [ThreadPool]: Databricks adapter: Connection(session-id=01f0f094-b0a3-1238-87ea-0bb5770c1ac9) - Closing
[0m15:29:46.308491 [debug] [MainThread]: Sending event: {'category': 'dbt', 'action': 'runnable_timing', 'label': '97893e0c-def3-43b7-b100-e70264489b4c', 'context': [<snowplow_tracker.self_describing_json.SelfDescribingJson object at 0xffff85180a10>]}
[0m15:29:46.316474 [debug] [Thread-4 (]: Began running node model.wanderbricks.stg_bookings
[0m15:29:46.317144 [debug] [Thread-5 (]: Began running node model.wanderbricks.stg_properties
[0m15:29:46.317654 [debug] [Thread-6 (]: Began running node model.wanderbricks.stg_users
[0m15:29:46.318177 [info ] [Thread-4 (]: 1 of 7 START sql view model dev_staging.stg_bookings ........................... [RUN]
[0m15:29:46.320941 [info ] [Thread-5 (]: 2 of 7 START sql view model dev_staging.stg_properties ......................... [RUN]
[0m15:29:46.321938 [info ] [Thread-6 (]: 3 of 7 START sql view model dev_staging.stg_users .............................. [RUN]
[0m15:29:46.323245 [debug] [Thread-4 (]: Databricks adapter: DatabricksDBTConnection(session-id=None, name=model.wanderbricks.stg_bookings) - Creating connection
[0m15:29:46.323862 [debug] [Thread-5 (]: Databricks adapter: DatabricksDBTConnection(session-id=None, name=model.wanderbricks.stg_properties) - Creating connection
[0m15:29:46.324400 [debug] [Thread-6 (]: Databricks adapter: DatabricksDBTConnection(session-id=None, name=model.wanderbricks.stg_users) - Creating connection
[0m15:29:46.324860 [debug] [Thread-4 (]: Acquiring new databricks connection 'model.wanderbricks.stg_bookings'
[0m15:29:46.325295 [debug] [Thread-5 (]: Acquiring new databricks connection 'model.wanderbricks.stg_properties'
[0m15:29:46.325747 [debug] [Thread-6 (]: Acquiring new databricks connection 'model.wanderbricks.stg_users'
[0m15:29:46.326222 [debug] [Thread-4 (]: Began compiling node model.wanderbricks.stg_bookings
[0m15:29:46.326568 [debug] [Thread-5 (]: Began compiling node model.wanderbricks.stg_properties
[0m15:29:46.326973 [debug] [Thread-6 (]: Began compiling node model.wanderbricks.stg_users
[0m15:29:46.335808 [debug] [Thread-5 (]: Writing injected SQL for node "model.wanderbricks.stg_properties"
[0m15:29:46.339440 [debug] [Thread-6 (]: Writing injected SQL for node "model.wanderbricks.stg_users"
[0m15:29:46.346647 [debug] [Thread-4 (]: Writing injected SQL for node "model.wanderbricks.stg_bookings"
[0m15:29:46.350675 [debug] [Thread-6 (]: Began executing node model.wanderbricks.stg_users
[0m15:29:46.351090 [debug] [Thread-5 (]: Began executing node model.wanderbricks.stg_properties
[0m15:29:46.351325 [debug] [Thread-4 (]: Began executing node model.wanderbricks.stg_bookings
[0m15:29:46.364218 [debug] [Thread-6 (]: MATERIALIZING VIEW
[0m15:29:46.365776 [debug] [Thread-5 (]: MATERIALIZING VIEW
[0m15:29:46.367730 [debug] [Thread-4 (]: MATERIALIZING VIEW
[0m15:29:46.369840 [warn ] [Thread-6 (]: [[33mWARNING[0m]: Use revamped materializations based on separating create and insert.  This allows more performant column comments, as well as new column features.
You may opt into the new behavior sooner by setting `flags.use_materialization_v2` to `True` in `dbt_project.yml`.
Visit https://docs.getdbt.com/reference/global-configs/behavior-changes for more information.
[0m15:29:46.370719 [warn ] [Thread-5 (]: [[33mWARNING[0m]: Use revamped materializations based on separating create and insert.  This allows more performant column comments, as well as new column features.
You may opt into the new behavior sooner by setting `flags.use_materialization_v2` to `True` in `dbt_project.yml`.
Visit https://docs.getdbt.com/reference/global-configs/behavior-changes for more information.
[0m15:29:46.371504 [warn ] [Thread-4 (]: [[33mWARNING[0m]: Use revamped materializations based on separating create and insert.  This allows more performant column comments, as well as new column features.
You may opt into the new behavior sooner by setting `flags.use_materialization_v2` to `True` in `dbt_project.yml`.
Visit https://docs.getdbt.com/reference/global-configs/behavior-changes for more information.
[0m15:29:46.372227 [debug] [Thread-6 (]: Sending event: {'category': 'dbt', 'action': 'BehaviorChangeEvent', 'label': '97893e0c-def3-43b7-b100-e70264489b4c', 'context': [<snowplow_tracker.self_describing_json.SelfDescribingJson object at 0xffff8617a0c0>]}
[0m15:29:46.372662 [debug] [Thread-5 (]: Sending event: {'category': 'dbt', 'action': 'BehaviorChangeEvent', 'label': '97893e0c-def3-43b7-b100-e70264489b4c', 'context': [<snowplow_tracker.self_describing_json.SelfDescribingJson object at 0xffff84fde1b0>]}
[0m15:29:46.373022 [debug] [Thread-4 (]: Sending event: {'category': 'dbt', 'action': 'BehaviorChangeEvent', 'label': '97893e0c-def3-43b7-b100-e70264489b4c', 'context': [<snowplow_tracker.self_describing_json.SelfDescribingJson object at 0xffff84fdf1d0>]}
[0m15:29:46.381995 [debug] [Thread-6 (]: Creating view `lakehouse`.`dev_staging`.`stg_users`
[0m15:29:46.382908 [debug] [Thread-5 (]: Creating view `lakehouse`.`dev_staging`.`stg_properties`
[0m15:29:46.383776 [debug] [Thread-4 (]: Creating view `lakehouse`.`dev_staging`.`stg_bookings`
[0m15:29:46.393423 [debug] [Thread-6 (]: Writing runtime sql for node "model.wanderbricks.stg_users"
[0m15:29:46.394043 [debug] [Thread-5 (]: Writing runtime sql for node "model.wanderbricks.stg_properties"
[0m15:29:46.394738 [debug] [Thread-4 (]: Writing runtime sql for node "model.wanderbricks.stg_bookings"
[0m15:29:46.398105 [debug] [Thread-6 (]: Using databricks connection "model.wanderbricks.stg_users"
[0m15:29:46.398455 [debug] [Thread-5 (]: Using databricks connection "model.wanderbricks.stg_properties"
[0m15:29:46.398825 [debug] [Thread-4 (]: Using databricks connection "model.wanderbricks.stg_bookings"
[0m15:29:46.399251 [debug] [Thread-6 (]: On model.wanderbricks.stg_users: /* {"app": "dbt", "dbt_version": "1.11.2", "dbt_databricks_version": "1.11.4", "databricks_sql_connector_version": "4.1.3", "profile_name": "wanderbricks", "target_name": "dev", "node_id": "model.wanderbricks.stg_users"} */

  
  
  create or replace view `lakehouse`.`dev_staging`.`stg_users`
  
  as (
    with source as (
    select * from `samples`.`wanderbricks`.`users`
),

renamed as (
    select
        user_id,
        email,
        name,
        country,
        user_type,
        created_at,
        is_business,
        company_name
    from source
)

select * from renamed
  )

[0m15:29:46.399781 [debug] [Thread-5 (]: On model.wanderbricks.stg_properties: /* {"app": "dbt", "dbt_version": "1.11.2", "dbt_databricks_version": "1.11.4", "databricks_sql_connector_version": "4.1.3", "profile_name": "wanderbricks", "target_name": "dev", "node_id": "model.wanderbricks.stg_properties"} */

  
  
  create or replace view `lakehouse`.`dev_staging`.`stg_properties`
  
  as (
    with source as (
    select * from `samples`.`wanderbricks`.`properties`
),

renamed as (
    select
        id as property_id,
        name,
        city,
        country,
        price_per_night
    from source
)

select * from renamed
  )

[0m15:29:46.400175 [debug] [Thread-4 (]: On model.wanderbricks.stg_bookings: /* {"app": "dbt", "dbt_version": "1.11.2", "dbt_databricks_version": "1.11.4", "databricks_sql_connector_version": "4.1.3", "profile_name": "wanderbricks", "target_name": "dev", "node_id": "model.wanderbricks.stg_bookings"} */

  
  
  create or replace view `lakehouse`.`dev_staging`.`stg_bookings`
  
  as (
    with source as (
    select * from `samples`.`wanderbricks`.`bookings`
),

renamed as (
    select
        id as booking_id,
        user_id,
        property_id,
        start_date,
        end_date,
        amount
    from source
)

select * from renamed
  )

[0m15:29:46.400574 [debug] [Thread-6 (]: Opening a new connection, currently in state init
[0m15:29:46.400983 [debug] [Thread-5 (]: Opening a new connection, currently in state init
[0m15:29:46.401464 [debug] [Thread-4 (]: Opening a new connection, currently in state init
[0m15:29:46.646388 [debug] [Thread-4 (]: Databricks adapter: Connection(session-id=01f0f094-b122-1de5-a3dc-10f1fbd49834) - Created
[0m15:29:46.646876 [debug] [Thread-5 (]: Databricks adapter: Connection(session-id=01f0f094-b122-1918-b347-b384f4119c89) - Created
[0m15:29:46.652206 [debug] [Thread-6 (]: Databricks adapter: Connection(session-id=01f0f094-b123-16f9-925e-48456108deca) - Created
[0m15:29:46.991091 [debug] [Thread-4 (]: Databricks adapter: Exception while trying to execute query
/* {"app": "dbt", "dbt_version": "1.11.2", "dbt_databricks_version": "1.11.4", "databricks_sql_connector_version": "4.1.3", "profile_name": "wanderbricks", "target_name": "dev", "node_id": "model.wanderbricks.stg_bookings"} */

  
  
  create or replace view `lakehouse`.`dev_staging`.`stg_bookings`
  
  as (
    with source as (
    select * from `samples`.`wanderbricks`.`bookings`
),

renamed as (
    select
        id as booking_id,
        user_id,
        property_id,
        start_date,
        end_date,
        amount
    from source
)

select * from renamed
  )

: [UNRESOLVED_COLUMN.WITH_SUGGESTION] A column, variable, or function parameter with name `id` cannot be resolved. Did you mean one of the following? [`user_id`, `status`, `check_in`, `booking_id`, `check_out`]. SQLSTATE: 42703; line 14 pos 8
Error properties: diagnostic-info=org.apache.hive.service.cli.HiveSQLException: Error running query: [UNRESOLVED_COLUMN.WITH_SUGGESTION] org.apache.spark.sql.catalyst.ExtendedAnalysisException: [UNRESOLVED_COLUMN.WITH_SUGGESTION] A column, variable, or function parameter with name `id` cannot be resolved. Did you mean one of the following? [`user_id`, `status`, `check_in`, `booking_id`, `check_out`]. SQLSTATE: 42703; line 14 pos 8
	at org.apache.spark.sql.hive.thriftserver.HiveThriftServerErrors$.runningQueryError(HiveThriftServerErrors.scala:49)
	at org.apache.spark.sql.hive.thriftserver.SparkExecuteStatementOperation.$anonfun$execute$1(SparkExecuteStatementOperation.scala:1050)
	at scala.runtime.java8.JFunction0$mcV$sp.apply(JFunction0$mcV$sp.scala:18)
	at com.databricks.unity.UCSEphemeralState$Handle.runWith(UCSEphemeralState.scala:51)
	at com.databricks.unity.HandleImpl.runWith(UCSHandle.scala:104)
	at org.apache.spark.sql.hive.thriftserver.SparkExecuteStatementOperation.org$apache$spark$sql$hive$thriftserver$SparkExecuteStatementOperation$$execute(SparkExecuteStatementOperation.scala:787)
	at org.apache.spark.sql.hive.thriftserver.SparkExecuteStatementOperation$$anon$2$$anon$3.$anonfun$run$5(SparkExecuteStatementOperation.scala:578)
	at scala.runtime.java8.JFunction0$mcV$sp.apply(JFunction0$mcV$sp.scala:18)
	at org.apache.spark.sql.execution.SQLExecution$.withRootExecution(SQLExecution.scala:869)
	at org.apache.spark.sql.hive.thriftserver.SparkExecuteStatementOperation$$anon$2$$anon$3.$anonfun$run$2(SparkExecuteStatementOperation.scala:578)
	at scala.runtime.java8.JFunction0$mcV$sp.apply(JFunction0$mcV$sp.scala:18)
	at com.databricks.logging.AttributionContextTracing.$anonfun$withAttributionContext$1(AttributionContextTracing.scala:80)
	at com.databricks.logging.AttributionContext$.$anonfun$withValue$1(AttributionContext.scala:348)
	at scala.util.DynamicVariable.withValue(DynamicVariable.scala:59)
	at com.databricks.logging.AttributionContext$.withValue(AttributionContext.scala:344)
	at com.databricks.logging.AttributionContextTracing.withAttributionContext(AttributionContextTracing.scala:78)
	at com.databricks.logging.AttributionContextTracing.withAttributionContext$(AttributionContextTracing.scala:75)
	at com.databricks.spark.util.DatabricksTracingHelper.withAttributionContext(DatabricksSparkTracingHelper.scala:62)
	at com.databricks.spark.util.DatabricksTracingHelper.withSpanFromRequest(DatabricksSparkTracingHelper.scala:89)
	at com.databricks.spark.util.DBRTracing$.withSpanFromRequest(DBRTracing.scala:43)
	at org.apache.spark.sql.hive.thriftserver.ThriftLocalProperties.$anonfun$withLocalProperties$15(ThriftLocalProperties.scala:238)
	at com.databricks.logging.AttributionContextTracing.$anonfun$withAttributionContext$1(AttributionContextTracing.scala:80)
	at com.databricks.logging.AttributionContext$.$anonfun$withValue$1(AttributionContext.scala:348)
	at scala.util.DynamicVariable.withValue(DynamicVariable.scala:59)
	at com.databricks.logging.AttributionContext$.withValue(AttributionContext.scala:344)
	at com.databricks.logging.AttributionContextTracing.withAttributionContext(AttributionContextTracing.scala:78)
	at com.databricks.logging.AttributionContextTracing.withAttributionContext$(AttributionContextTracing.scala:75)
	at com.databricks.spark.util.PublicDBLogging.withAttributionContext(DatabricksSparkUsageLogger.scala:29)
	at com.databricks.logging.AttributionContextTracing.withAttributionTags(AttributionContextTracing.scala:127)
	at com.databricks.logging.AttributionContextTracing.withAttributionTags$(AttributionContextTracing.scala:108)
	at com.databricks.spark.util.PublicDBLogging.withAttributionTags(DatabricksSparkUsageLogger.scala:29)
	at com.databricks.spark.util.PublicDBLogging.withAttributionTags0(DatabricksSparkUsageLogger.scala:108)
	at com.databricks.spark.util.DatabricksSparkUsageLogger.withAttributionTags(DatabricksSparkUsageLogger.scala:216)
	at com.databricks.spark.util.UsageLogging.$anonfun$withAttributionTags$1(UsageLogger.scala:668)
	at com.databricks.spark.util.UsageLogging$.withAttributionTags(UsageLogger.scala:780)
	at com.databricks.spark.util.UsageLogging$.withAttributionTags(UsageLogger.scala:789)
	at com.databricks.spark.util.UsageLogging.withAttributionTags(UsageLogger.scala:668)
	at com.databricks.spark.util.UsageLogging.withAttributionTags$(UsageLogger.scala:666)
	at org.apache.spark.sql.hive.thriftserver.SparkExecuteStatementOperation.withAttributionTags(SparkExecuteStatementOperation.scala:76)
	at org.apache.spark.sql.hive.thriftserver.ThriftLocalProperties.$anonfun$withLocalProperties$12(ThriftLocalProperties.scala:233)
	at com.databricks.spark.util.IdentityClaim$.withClaim(IdentityClaim.scala:48)
	at org.apache.spark.sql.hive.thriftserver.ThriftLocalProperties.withLocalProperties(ThriftLocalProperties.scala:229)
	at org.apache.spark.sql.hive.thriftserver.ThriftLocalProperties.withLocalProperties$(ThriftLocalProperties.scala:89)
	at org.apache.spark.sql.hive.thriftserver.SparkExecuteStatementOperation.withLocalProperties(SparkExecuteStatementOperation.scala:76)
	at org.apache.spark.sql.hive.thriftserver.SparkExecuteStatementOperation$$anon$2$$anon$3.run(SparkExecuteStatementOperation.scala:555)
	at org.apache.spark.sql.hive.thriftserver.SparkExecuteStatementOperation$$anon$2$$anon$3.run(SparkExecuteStatementOperation.scala:541)
	at java.base/java.security.AccessController.doPrivileged(AccessController.java:712)
	at java.base/javax.security.auth.Subject.doAs(Subject.java:439)
	at org.apache.hadoop.security.UserGroupInformation.doAs(UserGroupInformation.java:1953)
	at org.apache.spark.sql.hive.thriftserver.SparkExecuteStatementOperation$$anon$2.run(SparkExecuteStatementOperation.scala:591)
	at java.base/java.util.concurrent.Executors$RunnableAdapter.call(Executors.java:539)
	at java.base/java.util.concurrent.FutureTask.run(FutureTask.java:264)
	at java.base/java.util.concurrent.ThreadPoolExecutor.runWorker(ThreadPoolExecutor.java:1136)
	at java.base/java.util.concurrent.ThreadPoolExecutor$Worker.run(ThreadPoolExecutor.java:635)
	at java.base/java.lang.Thread.run(Thread.java:840)
Caused by: org.apache.spark.sql.catalyst.ExtendedAnalysisException: [UNRESOLVED_COLUMN.WITH_SUGGESTION] A column, variable, or function parameter with name `id` cannot be resolved. Did you mean one of the following? [`user_id`, `status`, `check_in`, `booking_id`, `check_out`]. SQLSTATE: 42703; line 14 pos 8
	at org.apache.spark.sql.catalyst.ExtendedAnalysisException.copyPlan(ExtendedAnalysisException.scala:96)
	at org.apache.spark.sql.hive.thriftserver.SparkExecuteStatementOperation.$anonfun$execute$1(SparkExecuteStatementOperation.scala:1011)
	... 53 more
, operation-id=01f0f094-b12a-1761-9f9f-f2f97870f476
[0m15:29:46.992479 [debug] [Thread-5 (]: Databricks adapter: Exception while trying to execute query
/* {"app": "dbt", "dbt_version": "1.11.2", "dbt_databricks_version": "1.11.4", "databricks_sql_connector_version": "4.1.3", "profile_name": "wanderbricks", "target_name": "dev", "node_id": "model.wanderbricks.stg_properties"} */

  
  
  create or replace view `lakehouse`.`dev_staging`.`stg_properties`
  
  as (
    with source as (
    select * from `samples`.`wanderbricks`.`properties`
),

renamed as (
    select
        id as property_id,
        name,
        city,
        country,
        price_per_night
    from source
)

select * from renamed
  )

: [UNRESOLVED_COLUMN.WITH_SUGGESTION] A column, variable, or function parameter with name `id` cannot be resolved. Did you mean one of the following? [`title`, `host_id`, `bedrooms`, `base_price`, `bathrooms`]. SQLSTATE: 42703; line 14 pos 8
Error properties: diagnostic-info=org.apache.hive.service.cli.HiveSQLException: Error running query: [UNRESOLVED_COLUMN.WITH_SUGGESTION] org.apache.spark.sql.catalyst.ExtendedAnalysisException: [UNRESOLVED_COLUMN.WITH_SUGGESTION] A column, variable, or function parameter with name `id` cannot be resolved. Did you mean one of the following? [`title`, `host_id`, `bedrooms`, `base_price`, `bathrooms`]. SQLSTATE: 42703; line 14 pos 8
	at org.apache.spark.sql.hive.thriftserver.HiveThriftServerErrors$.runningQueryError(HiveThriftServerErrors.scala:49)
	at org.apache.spark.sql.hive.thriftserver.SparkExecuteStatementOperation.$anonfun$execute$1(SparkExecuteStatementOperation.scala:1050)
	at scala.runtime.java8.JFunction0$mcV$sp.apply(JFunction0$mcV$sp.scala:18)
	at com.databricks.unity.UCSEphemeralState$Handle.runWith(UCSEphemeralState.scala:51)
	at com.databricks.unity.HandleImpl.runWith(UCSHandle.scala:104)
	at org.apache.spark.sql.hive.thriftserver.SparkExecuteStatementOperation.org$apache$spark$sql$hive$thriftserver$SparkExecuteStatementOperation$$execute(SparkExecuteStatementOperation.scala:787)
	at org.apache.spark.sql.hive.thriftserver.SparkExecuteStatementOperation$$anon$2$$anon$3.$anonfun$run$5(SparkExecuteStatementOperation.scala:578)
	at scala.runtime.java8.JFunction0$mcV$sp.apply(JFunction0$mcV$sp.scala:18)
	at org.apache.spark.sql.execution.SQLExecution$.withRootExecution(SQLExecution.scala:869)
	at org.apache.spark.sql.hive.thriftserver.SparkExecuteStatementOperation$$anon$2$$anon$3.$anonfun$run$2(SparkExecuteStatementOperation.scala:578)
	at scala.runtime.java8.JFunction0$mcV$sp.apply(JFunction0$mcV$sp.scala:18)
	at com.databricks.logging.AttributionContextTracing.$anonfun$withAttributionContext$1(AttributionContextTracing.scala:80)
	at com.databricks.logging.AttributionContext$.$anonfun$withValue$1(AttributionContext.scala:348)
	at scala.util.DynamicVariable.withValue(DynamicVariable.scala:59)
	at com.databricks.logging.AttributionContext$.withValue(AttributionContext.scala:344)
	at com.databricks.logging.AttributionContextTracing.withAttributionContext(AttributionContextTracing.scala:78)
	at com.databricks.logging.AttributionContextTracing.withAttributionContext$(AttributionContextTracing.scala:75)
	at com.databricks.spark.util.DatabricksTracingHelper.withAttributionContext(DatabricksSparkTracingHelper.scala:62)
	at com.databricks.spark.util.DatabricksTracingHelper.withSpanFromRequest(DatabricksSparkTracingHelper.scala:89)
	at com.databricks.spark.util.DBRTracing$.withSpanFromRequest(DBRTracing.scala:43)
	at org.apache.spark.sql.hive.thriftserver.ThriftLocalProperties.$anonfun$withLocalProperties$15(ThriftLocalProperties.scala:238)
	at com.databricks.logging.AttributionContextTracing.$anonfun$withAttributionContext$1(AttributionContextTracing.scala:80)
	at com.databricks.logging.AttributionContext$.$anonfun$withValue$1(AttributionContext.scala:348)
	at scala.util.DynamicVariable.withValue(DynamicVariable.scala:59)
	at com.databricks.logging.AttributionContext$.withValue(AttributionContext.scala:344)
	at com.databricks.logging.AttributionContextTracing.withAttributionContext(AttributionContextTracing.scala:78)
	at com.databricks.logging.AttributionContextTracing.withAttributionContext$(AttributionContextTracing.scala:75)
	at com.databricks.spark.util.PublicDBLogging.withAttributionContext(DatabricksSparkUsageLogger.scala:29)
	at com.databricks.logging.AttributionContextTracing.withAttributionTags(AttributionContextTracing.scala:127)
	at com.databricks.logging.AttributionContextTracing.withAttributionTags$(AttributionContextTracing.scala:108)
	at com.databricks.spark.util.PublicDBLogging.withAttributionTags(DatabricksSparkUsageLogger.scala:29)
	at com.databricks.spark.util.PublicDBLogging.withAttributionTags0(DatabricksSparkUsageLogger.scala:108)
	at com.databricks.spark.util.DatabricksSparkUsageLogger.withAttributionTags(DatabricksSparkUsageLogger.scala:216)
	at com.databricks.spark.util.UsageLogging.$anonfun$withAttributionTags$1(UsageLogger.scala:668)
	at com.databricks.spark.util.UsageLogging$.withAttributionTags(UsageLogger.scala:780)
	at com.databricks.spark.util.UsageLogging$.withAttributionTags(UsageLogger.scala:789)
	at com.databricks.spark.util.UsageLogging.withAttributionTags(UsageLogger.scala:668)
	at com.databricks.spark.util.UsageLogging.withAttributionTags$(UsageLogger.scala:666)
	at org.apache.spark.sql.hive.thriftserver.SparkExecuteStatementOperation.withAttributionTags(SparkExecuteStatementOperation.scala:76)
	at org.apache.spark.sql.hive.thriftserver.ThriftLocalProperties.$anonfun$withLocalProperties$12(ThriftLocalProperties.scala:233)
	at com.databricks.spark.util.IdentityClaim$.withClaim(IdentityClaim.scala:48)
	at org.apache.spark.sql.hive.thriftserver.ThriftLocalProperties.withLocalProperties(ThriftLocalProperties.scala:229)
	at org.apache.spark.sql.hive.thriftserver.ThriftLocalProperties.withLocalProperties$(ThriftLocalProperties.scala:89)
	at org.apache.spark.sql.hive.thriftserver.SparkExecuteStatementOperation.withLocalProperties(SparkExecuteStatementOperation.scala:76)
	at org.apache.spark.sql.hive.thriftserver.SparkExecuteStatementOperation$$anon$2$$anon$3.run(SparkExecuteStatementOperation.scala:555)
	at org.apache.spark.sql.hive.thriftserver.SparkExecuteStatementOperation$$anon$2$$anon$3.run(SparkExecuteStatementOperation.scala:541)
	at java.base/java.security.AccessController.doPrivileged(AccessController.java:712)
	at java.base/javax.security.auth.Subject.doAs(Subject.java:439)
	at org.apache.hadoop.security.UserGroupInformation.doAs(UserGroupInformation.java:1953)
	at org.apache.spark.sql.hive.thriftserver.SparkExecuteStatementOperation$$anon$2.run(SparkExecuteStatementOperation.scala:591)
	at java.base/java.util.concurrent.Executors$RunnableAdapter.call(Executors.java:539)
	at java.base/java.util.concurrent.FutureTask.run(FutureTask.java:264)
	at java.base/java.util.concurrent.ThreadPoolExecutor.runWorker(ThreadPoolExecutor.java:1136)
	at java.base/java.util.concurrent.ThreadPoolExecutor$Worker.run(ThreadPoolExecutor.java:635)
	at java.base/java.lang.Thread.run(Thread.java:840)
Caused by: org.apache.spark.sql.catalyst.ExtendedAnalysisException: [UNRESOLVED_COLUMN.WITH_SUGGESTION] A column, variable, or function parameter with name `id` cannot be resolved. Did you mean one of the following? [`title`, `host_id`, `bedrooms`, `base_price`, `bathrooms`]. SQLSTATE: 42703; line 14 pos 8
	at org.apache.spark.sql.catalyst.ExtendedAnalysisException.copyPlan(ExtendedAnalysisException.scala:96)
	at org.apache.spark.sql.hive.thriftserver.SparkExecuteStatementOperation.$anonfun$execute$1(SparkExecuteStatementOperation.scala:1011)
	... 53 more
, operation-id=01f0f094-b12a-1b81-887e-940889d633fb
[0m15:29:46.993633 [debug] [Thread-4 (]: On model.wanderbricks.stg_bookings: Close
[0m15:29:46.994537 [debug] [Thread-4 (]: Databricks adapter: Connection(session-id=01f0f094-b122-1de5-a3dc-10f1fbd49834) - Closing
[0m15:29:47.062716 [debug] [Thread-5 (]: On model.wanderbricks.stg_properties: Close
[0m15:29:47.063890 [debug] [Thread-5 (]: Databricks adapter: Connection(session-id=01f0f094-b122-1918-b347-b384f4119c89) - Closing
[0m15:29:47.073425 [debug] [Thread-4 (]: Database Error in model stg_bookings (models/staging/stg_bookings.sql)
  [UNRESOLVED_COLUMN.WITH_SUGGESTION] A column, variable, or function parameter with name `id` cannot be resolved. Did you mean one of the following? [`user_id`, `status`, `check_in`, `booking_id`, `check_out`]. SQLSTATE: 42703; line 14 pos 8
  compiled code at target/run/wanderbricks/models/staging/stg_bookings.sql
[0m15:29:47.147903 [debug] [Thread-4 (]: Sending event: {'category': 'dbt', 'action': 'run_model', 'label': '97893e0c-def3-43b7-b100-e70264489b4c', 'context': [<snowplow_tracker.self_describing_json.SelfDescribingJson object at 0xffff9e8f8e60>]}
[0m15:29:47.149599 [debug] [Thread-5 (]: Database Error in model stg_properties (models/staging/stg_properties.sql)
  [UNRESOLVED_COLUMN.WITH_SUGGESTION] A column, variable, or function parameter with name `id` cannot be resolved. Did you mean one of the following? [`title`, `host_id`, `bedrooms`, `base_price`, `bathrooms`]. SQLSTATE: 42703; line 14 pos 8
  compiled code at target/run/wanderbricks/models/staging/stg_properties.sql
[0m15:29:47.150701 [error] [Thread-4 (]: 1 of 7 ERROR creating sql view model dev_staging.stg_bookings .................. [[31mERROR[0m in 0.82s]
[0m15:29:47.151936 [debug] [Thread-5 (]: Sending event: {'category': 'dbt', 'action': 'run_model', 'label': '97893e0c-def3-43b7-b100-e70264489b4c', 'context': [<snowplow_tracker.self_describing_json.SelfDescribingJson object at 0xffff84fc7920>]}
[0m15:29:47.152995 [debug] [Thread-4 (]: Finished running node model.wanderbricks.stg_bookings
[0m15:29:47.154027 [error] [Thread-5 (]: 2 of 7 ERROR creating sql view model dev_staging.stg_properties ................ [[31mERROR[0m in 0.83s]
[0m15:29:47.155366 [debug] [Thread-10 ]: Marking all children of 'model.wanderbricks.stg_bookings' to be skipped because of status 'error'.  Reason: Database Error in model stg_bookings (models/staging/stg_bookings.sql)
  [UNRESOLVED_COLUMN.WITH_SUGGESTION] A column, variable, or function parameter with name `id` cannot be resolved. Did you mean one of the following? [`user_id`, `status`, `check_in`, `booking_id`, `check_out`]. SQLSTATE: 42703; line 14 pos 8
  compiled code at target/run/wanderbricks/models/staging/stg_bookings.sql.
[0m15:29:47.156282 [debug] [Thread-5 (]: Finished running node model.wanderbricks.stg_properties
[0m15:29:47.158920 [debug] [Thread-7 (]: Began running node model.wanderbricks.fct_bookings
[0m15:29:47.159669 [debug] [Thread-10 ]: Marking all children of 'model.wanderbricks.stg_properties' to be skipped because of status 'error'.  Reason: Database Error in model stg_properties (models/staging/stg_properties.sql)
  [UNRESOLVED_COLUMN.WITH_SUGGESTION] A column, variable, or function parameter with name `id` cannot be resolved. Did you mean one of the following? [`title`, `host_id`, `bedrooms`, `base_price`, `bathrooms`]. SQLSTATE: 42703; line 14 pos 8
  compiled code at target/run/wanderbricks/models/staging/stg_properties.sql.
[0m15:29:47.160629 [info ] [Thread-7 (]: 4 of 7 SKIP relation dev_star_schema.fct_bookings .............................. [[33mSKIP[0m]
[0m15:29:47.161640 [debug] [Thread-4 (]: Began running node model.wanderbricks.dim_properties
[0m15:29:47.162092 [debug] [Thread-7 (]: Finished running node model.wanderbricks.fct_bookings
[0m15:29:47.162693 [info ] [Thread-4 (]: 5 of 7 SKIP relation dev_star_schema.dim_properties ............................ [[33mSKIP[0m]
[0m15:29:47.164144 [debug] [Thread-4 (]: Finished running node model.wanderbricks.dim_properties
[0m15:29:47.206753 [debug] [Thread-6 (]: SQL status: OK in 0.810 seconds
[0m15:29:47.208162 [debug] [Thread-6 (]: Databricks adapter: Cursor(session-id=01f0f094-b123-16f9-925e-48456108deca, command-id=01f0f094-b12a-1dc5-baa3-22796df04ce3) - Closing
[0m15:29:47.222181 [debug] [Thread-6 (]: Applying tags to relation None
[0m15:29:47.226091 [debug] [Thread-6 (]: On model.wanderbricks.stg_users: Close
[0m15:29:47.228393 [debug] [Thread-6 (]: Databricks adapter: Connection(session-id=01f0f094-b123-16f9-925e-48456108deca) - Closing
[0m15:29:47.298578 [debug] [Thread-6 (]: Sending event: {'category': 'dbt', 'action': 'run_model', 'label': '97893e0c-def3-43b7-b100-e70264489b4c', 'context': [<snowplow_tracker.self_describing_json.SelfDescribingJson object at 0xffffa07076e0>]}
[0m15:29:47.299662 [info ] [Thread-6 (]: 3 of 7 OK created sql view model dev_staging.stg_users ......................... [[32mOK[0m in 0.97s]
[0m15:29:47.300375 [debug] [Thread-6 (]: Finished running node model.wanderbricks.stg_users
[0m15:29:47.301785 [debug] [Thread-5 (]: Began running node model.wanderbricks.dim_users
[0m15:29:47.302376 [info ] [Thread-5 (]: 6 of 7 START sql table model dev_star_schema.dim_users ......................... [RUN]
[0m15:29:47.303126 [debug] [Thread-5 (]: Databricks adapter: DatabricksDBTConnection(session-id=None, name=model.wanderbricks.dim_users) - Creating connection
[0m15:29:47.303581 [debug] [Thread-5 (]: Acquiring new databricks connection 'model.wanderbricks.dim_users'
[0m15:29:47.304024 [debug] [Thread-5 (]: Began compiling node model.wanderbricks.dim_users
[0m15:29:47.307303 [debug] [Thread-5 (]: Writing injected SQL for node "model.wanderbricks.dim_users"
[0m15:29:47.309627 [debug] [Thread-5 (]: Began executing node model.wanderbricks.dim_users
[0m15:29:47.319597 [debug] [Thread-5 (]: MATERIALIZING TABLE
[0m15:29:47.347973 [debug] [Thread-5 (]: Writing runtime sql for node "model.wanderbricks.dim_users"
[0m15:29:47.351460 [debug] [Thread-5 (]: Using databricks connection "model.wanderbricks.dim_users"
[0m15:29:47.352437 [debug] [Thread-5 (]: On model.wanderbricks.dim_users: /* {"app": "dbt", "dbt_version": "1.11.2", "dbt_databricks_version": "1.11.4", "databricks_sql_connector_version": "4.1.3", "profile_name": "wanderbricks", "target_name": "dev", "node_id": "model.wanderbricks.dim_users"} */

  
    
        create or replace table `lakehouse`.`dev_star_schema`.`dim_users`
      
      
    using delta
  
      
      
      
      
      
      
      
      as
      with stg_users as (
    select * from `lakehouse`.`dev_staging`.`stg_users`
)

select
    user_id,
    email,
    name,
    country,
    user_type,
    created_at,
    is_business,
    company_name
from stg_users
  
[0m15:29:47.353111 [debug] [Thread-5 (]: Opening a new connection, currently in state init
[0m15:29:47.518074 [debug] [Thread-5 (]: Databricks adapter: Connection(session-id=01f0f094-b1a6-1db9-b918-93166e0da804) - Created
[0m15:29:50.064856 [debug] [Thread-5 (]: SQL status: OK in 2.710 seconds
[0m15:29:50.069388 [debug] [Thread-5 (]: Databricks adapter: Cursor(session-id=01f0f094-b1a6-1db9-b918-93166e0da804, command-id=01f0f094-b1af-18b7-b241-bb4de495783d) - Closing
[0m15:29:50.073727 [debug] [Thread-5 (]: Applying tags to relation None
[0m15:29:50.094488 [debug] [Thread-5 (]: On model.wanderbricks.dim_users: Close
[0m15:29:50.095983 [debug] [Thread-5 (]: Databricks adapter: Connection(session-id=01f0f094-b1a6-1db9-b918-93166e0da804) - Closing
[0m15:29:50.162619 [debug] [Thread-5 (]: Sending event: {'category': 'dbt', 'action': 'run_model', 'label': '97893e0c-def3-43b7-b100-e70264489b4c', 'context': [<snowplow_tracker.self_describing_json.SelfDescribingJson object at 0xffff846f0080>]}
[0m15:29:50.164635 [info ] [Thread-5 (]: 6 of 7 OK created sql table model dev_star_schema.dim_users .................... [[32mOK[0m in 2.86s]
[0m15:29:50.166681 [debug] [Thread-5 (]: Finished running node model.wanderbricks.dim_users
[0m15:29:50.171491 [debug] [Thread-4 (]: Began running node model.wanderbricks.dm_monthly_bookings
[0m15:29:50.175815 [info ] [Thread-4 (]: 7 of 7 SKIP relation dev_datamarts.dm_monthly_bookings ......................... [[33mSKIP[0m]
[0m15:29:50.177463 [debug] [Thread-4 (]: Finished running node model.wanderbricks.dm_monthly_bookings
[0m15:29:50.183845 [debug] [MainThread]: Databricks adapter: DatabricksDBTConnection(session-id=None, name=master) - Creating connection
[0m15:29:50.185561 [debug] [MainThread]: Acquiring new databricks connection 'master'
[0m15:29:50.187351 [info ] [MainThread]: 
[0m15:29:50.188048 [info ] [MainThread]: Finished running 4 table models, 3 view models in 0 hours 0 minutes and 6.42 seconds (6.42s).
[0m15:29:50.190444 [debug] [MainThread]: Command end result
[0m15:29:50.290671 [debug] [MainThread]: Wrote artifact WritableManifest to /opt/airflow/dbt/target/manifest.json
[0m15:29:50.307390 [debug] [MainThread]: Wrote artifact SemanticManifest to /opt/airflow/dbt/target/semantic_manifest.json
[0m15:29:50.318889 [debug] [MainThread]: Wrote artifact RunExecutionResult to /opt/airflow/dbt/target/run_results.json
[0m15:29:50.319677 [info ] [MainThread]: 
[0m15:29:50.320508 [info ] [MainThread]: [31mCompleted with 2 errors, 0 partial successes, and 0 warnings:[0m
[0m15:29:50.321853 [info ] [MainThread]: 
[0m15:29:50.323784 [error] [MainThread]: [31mFailure in model stg_bookings (models/staging/stg_bookings.sql)[0m
[0m15:29:50.326613 [error] [MainThread]:   Database Error in model stg_bookings (models/staging/stg_bookings.sql)
  [UNRESOLVED_COLUMN.WITH_SUGGESTION] A column, variable, or function parameter with name `id` cannot be resolved. Did you mean one of the following? [`user_id`, `status`, `check_in`, `booking_id`, `check_out`]. SQLSTATE: 42703; line 14 pos 8
  compiled code at target/run/wanderbricks/models/staging/stg_bookings.sql
[0m15:29:50.328436 [info ] [MainThread]: 
[0m15:29:50.330258 [info ] [MainThread]:   compiled code at target/compiled/wanderbricks/models/staging/stg_bookings.sql
[0m15:29:50.332385 [info ] [MainThread]: 
[0m15:29:50.333774 [error] [MainThread]: [31mFailure in model stg_properties (models/staging/stg_properties.sql)[0m
[0m15:29:50.337539 [error] [MainThread]:   Database Error in model stg_properties (models/staging/stg_properties.sql)
  [UNRESOLVED_COLUMN.WITH_SUGGESTION] A column, variable, or function parameter with name `id` cannot be resolved. Did you mean one of the following? [`title`, `host_id`, `bedrooms`, `base_price`, `bathrooms`]. SQLSTATE: 42703; line 14 pos 8
  compiled code at target/run/wanderbricks/models/staging/stg_properties.sql
[0m15:29:50.339265 [info ] [MainThread]: 
[0m15:29:50.340161 [info ] [MainThread]:   compiled code at target/compiled/wanderbricks/models/staging/stg_properties.sql
[0m15:29:50.340787 [info ] [MainThread]: 
[0m15:29:50.342023 [info ] [MainThread]: Done. PASS=2 WARN=0 ERROR=2 SKIP=3 NO-OP=0 TOTAL=7
[0m15:29:50.344549 [warn ] [MainThread]: [[33mWARNING[0m][DeprecationsSummary]: Deprecated functionality
Summary of encountered deprecations:
- MissingPlusPrefixDeprecation: 6 occurrences
- MissingArgumentsPropertyInGenericTestDeprecation: 3 occurrences
To see all deprecation instances instead of just the first occurrence of each,
run command again with the `--show-all-deprecations` flag. You may also need to
run with `--no-partial-parse` as some deprecations are only encountered during
parsing.
[0m15:29:50.347669 [debug] [MainThread]: Resource report: {"command_name": "run", "command_success": false, "command_wall_clock_time": 10.271037, "process_in_blocks": "1288", "process_kernel_time": 0.851678, "process_mem_max_rss": "268856", "process_out_blocks": "5307", "process_user_time": 6.548669}
[0m15:29:50.350161 [debug] [MainThread]: Command `dbt run` failed at 15:29:50.349976 after 10.27 seconds
[0m15:29:50.352854 [debug] [MainThread]: Sending event: {'category': 'dbt', 'action': 'invocation', 'label': 'end', 'context': [<snowplow_tracker.self_describing_json.SelfDescribingJson object at 0xffff85e37080>, <snowplow_tracker.self_describing_json.SelfDescribingJson object at 0xffff9b839ee0>, <snowplow_tracker.self_describing_json.SelfDescribingJson object at 0xffff85cac980>]}
[0m15:29:50.354277 [debug] [MainThread]: Flushing usage events
[0m15:29:51.048789 [debug] [MainThread]: An error was encountered while trying to flush usage events
[0m15:49:03.820613 [debug] [MainThread]: Sending event: {'category': 'dbt', 'action': 'invocation', 'label': 'start', 'context': [<snowplow_tracker.self_describing_json.SelfDescribingJson object at 0xffff7fc6d3a0>, <snowplow_tracker.self_describing_json.SelfDescribingJson object at 0xffff80a37fe0>, <snowplow_tracker.self_describing_json.SelfDescribingJson object at 0xffff7e0dd9a0>]}


============================== 15:49:03.828969 | 8a142dae-b0bb-403f-9583-9f33c6c8fe9d ==============================
[0m15:49:03.828969 [info ] [MainThread]: Running with dbt=1.11.2
[0m15:49:03.831254 [debug] [MainThread]: running dbt with arguments {'printer_width': '80', 'static_parser': 'True', 'profiles_dir': '/opt/airflow/dbt', 'invocation_command': 'dbt run --select +dm_monthly_bookings', 'log_path': '/opt/airflow/dbt/logs', 'quiet': 'False', 'empty': 'False', 'fail_fast': 'False', 'version_check': 'True', 'target_path': 'None', 'cache_selected_only': 'False', 'introspect': 'True', 'partial_parse': 'True', 'debug': 'False', 'warn_error': 'None', 'use_experimental_parser': 'False', 'log_cache_events': 'False', 'send_anonymous_usage_stats': 'True', 'use_colors': 'True', 'indirect_selection': 'eager', 'log_format': 'default', 'no_print': 'None', 'write_json': 'True', 'warn_error_options': 'WarnErrorOptionsV2(error=[], warn=[], silence=[])'}
[0m15:49:04.584427 [debug] [MainThread]: Spark adapter: Setting pyhive.hive logging to ERROR
[0m15:49:04.586239 [debug] [MainThread]: Spark adapter: Setting thrift.transport logging to ERROR
[0m15:49:04.586765 [debug] [MainThread]: Spark adapter: Setting thrift.protocol logging to ERROR
[0m15:49:05.271827 [warn ] [MainThread]: [[33mWARNING[0m][MissingPlusPrefixDeprecation]: Deprecated functionality
Missing '+' prefix on `materialized` found at
`wanderbricks.datamarts.materialized` in file
`/opt/airflow/dbt/dbt_project.yml`. Hierarchical config values without a '+'
prefix are deprecated in dbt_project.yml.
[0m15:49:05.272748 [debug] [MainThread]: Sending event: {'category': 'dbt', 'action': 'deprecation', 'label': '8a142dae-b0bb-403f-9583-9f33c6c8fe9d', 'property_': 'warn', 'context': [<snowplow_tracker.self_describing_json.SelfDescribingJson object at 0xffff68edbf80>]}
[0m15:49:05.348643 [debug] [MainThread]: Sending event: {'category': 'dbt', 'action': 'project_id', 'label': '8a142dae-b0bb-403f-9583-9f33c6c8fe9d', 'context': [<snowplow_tracker.self_describing_json.SelfDescribingJson object at 0xffff65fe3860>]}
[0m15:49:05.388467 [debug] [MainThread]: Sending event: {'category': 'dbt', 'action': 'adapter_info', 'label': '8a142dae-b0bb-403f-9583-9f33c6c8fe9d', 'context': [<snowplow_tracker.self_describing_json.SelfDescribingJson object at 0xffff66546ea0>]}
[0m15:49:05.389479 [info ] [MainThread]: Registered adapter: databricks=1.11.4
[0m15:49:05.504475 [warn ] [MainThread]: [[33mWARNING[0m]: Use managed Iceberg tables when table_format is iceberg. When this flag is disabled, UniForm is used instead.
You may opt into the new behavior sooner by setting `flags.use_managed_iceberg` to `True` in `dbt_project.yml`.
Visit https://docs.getdbt.com/reference/global-configs/behavior-changes for more information.
[0m15:49:05.512254 [debug] [MainThread]: Sending event: {'category': 'dbt', 'action': 'BehaviorChangeEvent', 'label': '8a142dae-b0bb-403f-9583-9f33c6c8fe9d', 'context': [<snowplow_tracker.self_describing_json.SelfDescribingJson object at 0xffff65ee7da0>]}
[0m15:49:05.522311 [debug] [MainThread]: checksum: 3d40d8bbe1bef07db1c24822f2dbfff8bc07f2a48ed4fe2658a40653aec0b54b, vars: {}, profile: , target: , version: 1.11.2
[0m15:49:05.727632 [debug] [MainThread]: Partial parsing enabled: 0 files deleted, 0 files added, 7 files changed.
[0m15:49:05.728664 [debug] [MainThread]: Partial parsing: updated file: wanderbricks://models/star_schema/schema.yml
[0m15:49:05.729435 [debug] [MainThread]: Partial parsing: updated file: wanderbricks://models/staging/schema.yml
[0m15:49:05.729790 [debug] [MainThread]: Partial parsing: updated file: wanderbricks://models/star_schema/fct_bookings.sql
[0m15:49:05.730128 [debug] [MainThread]: Partial parsing: updated file: wanderbricks://models/staging/stg_properties.sql
[0m15:49:05.730501 [debug] [MainThread]: Partial parsing: updated file: wanderbricks://models/datamarts/dm_monthly_bookings.sql
[0m15:49:05.730796 [debug] [MainThread]: Partial parsing: updated file: wanderbricks://models/star_schema/dim_properties.sql
[0m15:49:05.731071 [debug] [MainThread]: Partial parsing: updated file: wanderbricks://models/staging/stg_bookings.sql
[0m15:49:05.938409 [warn ] [MainThread]: [[33mWARNING[0m][MissingArgumentsPropertyInGenericTestDeprecation]: Deprecated
functionality
Found top-level arguments to test `relationships` defined on 'fct_bookings' in
package 'wanderbricks' (models/star_schema/schema.yml). Arguments to generic
tests should be nested under the `arguments` property.
[0m15:49:05.939215 [debug] [MainThread]: Sending event: {'category': 'dbt', 'action': 'deprecation', 'label': '8a142dae-b0bb-403f-9583-9f33c6c8fe9d', 'property_': 'warn', 'context': [<snowplow_tracker.self_describing_json.SelfDescribingJson object at 0xffff650f1520>]}
[0m15:49:06.181345 [debug] [MainThread]: Sending event: {'category': 'dbt', 'action': 'load_project', 'label': '8a142dae-b0bb-403f-9583-9f33c6c8fe9d', 'context': [<snowplow_tracker.self_describing_json.SelfDescribingJson object at 0xffff650b2780>]}
[0m15:49:06.264731 [debug] [MainThread]: Wrote artifact WritableManifest to /opt/airflow/dbt/target/manifest.json
[0m15:49:06.267974 [debug] [MainThread]: Wrote artifact SemanticManifest to /opt/airflow/dbt/target/semantic_manifest.json
[0m15:49:06.283496 [debug] [MainThread]: Sending event: {'category': 'dbt', 'action': 'resource_counts', 'label': '8a142dae-b0bb-403f-9583-9f33c6c8fe9d', 'context': [<snowplow_tracker.self_describing_json.SelfDescribingJson object at 0xffff650f32c0>]}
[0m15:49:06.284014 [info ] [MainThread]: Found 7 models, 20 data tests, 3 sources, 731 macros
[0m15:49:06.284584 [debug] [MainThread]: Sending event: {'category': 'dbt', 'action': 'runnable_timing', 'label': '8a142dae-b0bb-403f-9583-9f33c6c8fe9d', 'context': [<snowplow_tracker.self_describing_json.SelfDescribingJson object at 0xffff80328710>]}
[0m15:49:06.286883 [info ] [MainThread]: 
[0m15:49:06.287305 [info ] [MainThread]: Concurrency: 4 threads (target='dev')
[0m15:49:06.287985 [info ] [MainThread]: 
[0m15:49:06.288613 [debug] [MainThread]: Databricks adapter: DatabricksDBTConnection(session-id=None, name=master) - Creating connection
[0m15:49:06.288939 [debug] [MainThread]: Acquiring new databricks connection 'master'
[0m15:49:06.293053 [debug] [ThreadPool]: Databricks adapter: DatabricksDBTConnection(session-id=None, name=list_lakehouse) - Creating connection
[0m15:49:06.293670 [debug] [ThreadPool]: Databricks adapter: DatabricksDBTConnection(session-id=None, name=list_lakehouse) - Creating connection
[0m15:49:06.293942 [debug] [ThreadPool]: Acquiring new databricks connection 'list_lakehouse'
[0m15:49:06.294882 [debug] [ThreadPool]: Databricks adapter: DatabricksDBTConnection(session-id=None, name=list_lakehouse) - Creating connection
[0m15:49:06.295257 [debug] [ThreadPool]: Acquiring new databricks connection 'list_lakehouse'
[0m15:49:06.302872 [debug] [ThreadPool]: Using databricks connection "list_lakehouse"
[0m15:49:06.303175 [debug] [ThreadPool]: Acquiring new databricks connection 'list_lakehouse'
[0m15:49:06.304958 [debug] [ThreadPool]: Using databricks connection "list_lakehouse"
[0m15:49:06.305409 [debug] [ThreadPool]: On list_lakehouse: /* {"app": "dbt", "dbt_version": "1.11.2", "dbt_databricks_version": "1.11.4", "databricks_sql_connector_version": "4.1.3", "profile_name": "wanderbricks", "target_name": "dev", "connection_name": "list_lakehouse"} */

    

  SHOW SCHEMAS IN `lakehouse`


  
[0m15:49:06.307052 [debug] [ThreadPool]: Using databricks connection "list_lakehouse"
[0m15:49:06.307448 [debug] [ThreadPool]: On list_lakehouse: /* {"app": "dbt", "dbt_version": "1.11.2", "dbt_databricks_version": "1.11.4", "databricks_sql_connector_version": "4.1.3", "profile_name": "wanderbricks", "target_name": "dev", "connection_name": "list_lakehouse"} */

    

  SHOW SCHEMAS IN `lakehouse`


  
[0m15:49:06.307901 [debug] [ThreadPool]: Opening a new connection, currently in state init
[0m15:49:06.308261 [debug] [ThreadPool]: On list_lakehouse: /* {"app": "dbt", "dbt_version": "1.11.2", "dbt_databricks_version": "1.11.4", "databricks_sql_connector_version": "4.1.3", "profile_name": "wanderbricks", "target_name": "dev", "connection_name": "list_lakehouse"} */

    

  SHOW SCHEMAS IN `lakehouse`


  
[0m15:49:06.308711 [debug] [ThreadPool]: Opening a new connection, currently in state init
[0m15:49:06.309369 [debug] [ThreadPool]: Opening a new connection, currently in state init
[0m15:49:06.789079 [debug] [ThreadPool]: Databricks adapter: Connection(session-id=01f0f097-6491-1277-b8ad-4b3d6968a3e6) - Created
[0m15:49:06.791641 [debug] [ThreadPool]: Databricks adapter: Connection(session-id=01f0f097-648f-122a-a461-d66b32ec6d3f) - Created
[0m15:49:06.791955 [debug] [ThreadPool]: Databricks adapter: Connection(session-id=01f0f097-6490-1a31-ac70-fa933535a69c) - Created
[0m15:49:13.680244 [debug] [ThreadPool]: SQL status: OK in 7.370 seconds
[0m15:49:13.681848 [debug] [ThreadPool]: SQL status: OK in 7.370 seconds
[0m15:49:13.682182 [debug] [ThreadPool]: SQL status: OK in 7.370 seconds
[0m15:49:13.699279 [debug] [ThreadPool]: Databricks adapter: Cursor(session-id=01f0f097-648f-122a-a461-d66b32ec6d3f, command-id=01f0f097-64ab-1af1-82d9-4173aeae93d8) - Closing
[0m15:49:13.700324 [debug] [ThreadPool]: Databricks adapter: Cursor(session-id=01f0f097-6490-1a31-ac70-fa933535a69c, command-id=01f0f097-64ac-119f-af2f-f7a68252cc44) - Closing
[0m15:49:13.701236 [debug] [ThreadPool]: Databricks adapter: Cursor(session-id=01f0f097-6491-1277-b8ad-4b3d6968a3e6, command-id=01f0f097-64ab-1b02-adc2-6a6313d56c74) - Closing
[0m15:49:13.832238 [debug] [ThreadPool]: On list_lakehouse: Close
[0m15:49:13.832873 [debug] [ThreadPool]: Databricks adapter: Connection(session-id=01f0f097-6491-1277-b8ad-4b3d6968a3e6) - Closing
[0m15:49:13.898556 [debug] [ThreadPool]: On list_lakehouse: Close
[0m15:49:13.899331 [debug] [ThreadPool]: Databricks adapter: Connection(session-id=01f0f097-648f-122a-a461-d66b32ec6d3f) - Closing
[0m15:49:13.957295 [debug] [ThreadPool]: On list_lakehouse: Close
[0m15:49:13.958003 [debug] [ThreadPool]: Databricks adapter: Connection(session-id=01f0f097-6490-1a31-ac70-fa933535a69c) - Closing
[0m15:49:14.032463 [debug] [ThreadPool]: Databricks adapter: DatabricksDBTConnection(session-id=None, name=list_lakehouse_dev_star_schema) - Creating connection
[0m15:49:14.033746 [debug] [ThreadPool]: Acquiring new databricks connection 'list_lakehouse_dev_star_schema'
[0m15:49:14.033350 [debug] [ThreadPool]: Databricks adapter: DatabricksDBTConnection(session-id=None, name=list_lakehouse_dev_staging) - Creating connection
[0m15:49:14.045608 [debug] [ThreadPool]: Acquiring new databricks connection 'list_lakehouse_dev_staging'
[0m15:49:14.044898 [debug] [ThreadPool]: Using databricks connection "list_lakehouse_dev_star_schema"
[0m15:49:14.034480 [debug] [ThreadPool]: Databricks adapter: DatabricksDBTConnection(session-id=None, name=list_lakehouse_dev_datamarts) - Creating connection
[0m15:49:14.048277 [debug] [ThreadPool]: Using databricks connection "list_lakehouse_dev_staging"
[0m15:49:14.048808 [debug] [ThreadPool]: On list_lakehouse_dev_star_schema: /* {"app": "dbt", "dbt_version": "1.11.2", "dbt_databricks_version": "1.11.4", "databricks_sql_connector_version": "4.1.3", "profile_name": "wanderbricks", "target_name": "dev", "connection_name": "list_lakehouse_dev_star_schema"} */

    
SELECT
  table_name,
  if(table_type IN ('EXTERNAL', 'MANAGED', 'MANAGED_SHALLOW_CLONE', 'EXTERNAL_SHALLOW_CLONE'), 'table', lower(table_type)) AS table_type,
  lower(data_source_format) AS file_format,
  table_owner,
  if(
    table_type IN (
      'EXTERNAL',
      'MANAGED',
      'MANAGED_SHALLOW_CLONE',
      'EXTERNAL_SHALLOW_CLONE'
    ),
    lower(table_type),
    NULL
  ) AS databricks_table_type
FROM `system`.`information_schema`.`tables`
WHERE table_catalog = 'lakehouse' 
  AND table_schema = 'dev_star_schema'

  
[0m15:49:14.049263 [debug] [ThreadPool]: Acquiring new databricks connection 'list_lakehouse_dev_datamarts'
[0m15:49:14.049713 [debug] [ThreadPool]: On list_lakehouse_dev_staging: /* {"app": "dbt", "dbt_version": "1.11.2", "dbt_databricks_version": "1.11.4", "databricks_sql_connector_version": "4.1.3", "profile_name": "wanderbricks", "target_name": "dev", "connection_name": "list_lakehouse_dev_staging"} */

    
SELECT
  table_name,
  if(table_type IN ('EXTERNAL', 'MANAGED', 'MANAGED_SHALLOW_CLONE', 'EXTERNAL_SHALLOW_CLONE'), 'table', lower(table_type)) AS table_type,
  lower(data_source_format) AS file_format,
  table_owner,
  if(
    table_type IN (
      'EXTERNAL',
      'MANAGED',
      'MANAGED_SHALLOW_CLONE',
      'EXTERNAL_SHALLOW_CLONE'
    ),
    lower(table_type),
    NULL
  ) AS databricks_table_type
FROM `system`.`information_schema`.`tables`
WHERE table_catalog = 'lakehouse' 
  AND table_schema = 'dev_staging'

  
[0m15:49:14.053234 [debug] [ThreadPool]: Opening a new connection, currently in state init
[0m15:49:14.052760 [debug] [ThreadPool]: Using databricks connection "list_lakehouse_dev_datamarts"
[0m15:49:14.050558 [debug] [ThreadPool]: Opening a new connection, currently in state init
[0m15:49:14.055696 [debug] [ThreadPool]: On list_lakehouse_dev_datamarts: /* {"app": "dbt", "dbt_version": "1.11.2", "dbt_databricks_version": "1.11.4", "databricks_sql_connector_version": "4.1.3", "profile_name": "wanderbricks", "target_name": "dev", "connection_name": "list_lakehouse_dev_datamarts"} */

    
SELECT
  table_name,
  if(table_type IN ('EXTERNAL', 'MANAGED', 'MANAGED_SHALLOW_CLONE', 'EXTERNAL_SHALLOW_CLONE'), 'table', lower(table_type)) AS table_type,
  lower(data_source_format) AS file_format,
  table_owner,
  if(
    table_type IN (
      'EXTERNAL',
      'MANAGED',
      'MANAGED_SHALLOW_CLONE',
      'EXTERNAL_SHALLOW_CLONE'
    ),
    lower(table_type),
    NULL
  ) AS databricks_table_type
FROM `system`.`information_schema`.`tables`
WHERE table_catalog = 'lakehouse' 
  AND table_schema = 'dev_datamarts'

  
[0m15:49:14.057702 [debug] [ThreadPool]: Opening a new connection, currently in state init
[0m15:49:14.265741 [debug] [ThreadPool]: Databricks adapter: Connection(session-id=01f0f097-6917-148d-a049-63b8413a3e2d) - Created
[0m15:49:14.279468 [debug] [ThreadPool]: Databricks adapter: Connection(session-id=01f0f097-6919-159a-a448-5cd730713d0a) - Created
[0m15:49:14.280254 [debug] [ThreadPool]: Databricks adapter: Connection(session-id=01f0f097-6918-1d69-8d02-bda6fffae60e) - Created
[0m15:49:16.409619 [debug] [ThreadPool]: SQL status: OK in 2.350 seconds
[0m15:49:16.451092 [debug] [ThreadPool]: Databricks adapter: Cursor(session-id=01f0f097-6918-1d69-8d02-bda6fffae60e, command-id=01f0f097-6921-118e-a80f-fe153f3f7424) - Closing
[0m15:49:16.459181 [debug] [ThreadPool]: On list_lakehouse_dev_datamarts: Close
[0m15:49:16.461967 [debug] [ThreadPool]: Databricks adapter: Connection(session-id=01f0f097-6918-1d69-8d02-bda6fffae60e) - Closing
[0m15:49:17.327146 [debug] [ThreadPool]: SQL status: OK in 3.270 seconds
[0m15:49:17.329398 [debug] [ThreadPool]: SQL status: OK in 3.280 seconds
[0m15:49:17.352679 [debug] [ThreadPool]: Databricks adapter: Cursor(session-id=01f0f097-6919-159a-a448-5cd730713d0a, command-id=01f0f097-6921-1b12-b4c9-6375c1190e4a) - Closing
[0m15:49:17.357051 [debug] [ThreadPool]: Databricks adapter: Cursor(session-id=01f0f097-6917-148d-a049-63b8413a3e2d, command-id=01f0f097-691e-1ba0-bbe1-4b7c4b05a270) - Closing
[0m15:49:17.361160 [debug] [ThreadPool]: On list_lakehouse_dev_staging: Close
[0m15:49:17.362921 [debug] [ThreadPool]: Databricks adapter: Connection(session-id=01f0f097-6919-159a-a448-5cd730713d0a) - Closing
[0m15:49:17.428169 [debug] [ThreadPool]: On list_lakehouse_dev_star_schema: Close
[0m15:49:17.429360 [debug] [ThreadPool]: Databricks adapter: Connection(session-id=01f0f097-6917-148d-a049-63b8413a3e2d) - Closing
[0m15:49:17.492822 [debug] [MainThread]: Sending event: {'category': 'dbt', 'action': 'runnable_timing', 'label': '8a142dae-b0bb-403f-9583-9f33c6c8fe9d', 'context': [<snowplow_tracker.self_describing_json.SelfDescribingJson object at 0xffff65fe3e90>]}
[0m15:49:17.508902 [debug] [Thread-3 (]: Began running node model.wanderbricks.stg_bookings
[0m15:49:17.510188 [debug] [Thread-4 (]: Began running node model.wanderbricks.stg_properties
[0m15:49:17.517742 [info ] [Thread-4 (]: 2 of 7 START sql view model dev_staging.stg_properties ......................... [RUN]
[0m15:49:17.510966 [debug] [Thread-5 (]: Began running node model.wanderbricks.stg_users
[0m15:49:17.520213 [info ] [Thread-5 (]: 3 of 7 START sql view model dev_staging.stg_users .............................. [RUN]
[0m15:49:17.521021 [debug] [Thread-5 (]: Databricks adapter: DatabricksDBTConnection(session-id=None, name=model.wanderbricks.stg_users) - Creating connection
[0m15:49:17.516618 [info ] [Thread-3 (]: 1 of 7 START sql view model dev_staging.stg_bookings ........................... [RUN]
[0m15:49:17.519403 [debug] [Thread-4 (]: Databricks adapter: DatabricksDBTConnection(session-id=None, name=model.wanderbricks.stg_properties) - Creating connection
[0m15:49:17.524183 [debug] [Thread-4 (]: Acquiring new databricks connection 'model.wanderbricks.stg_properties'
[0m15:49:17.526369 [debug] [Thread-4 (]: Began compiling node model.wanderbricks.stg_properties
[0m15:49:17.521843 [debug] [Thread-5 (]: Acquiring new databricks connection 'model.wanderbricks.stg_users'
[0m15:49:17.538330 [debug] [Thread-5 (]: Began compiling node model.wanderbricks.stg_users
[0m15:49:17.522995 [debug] [Thread-3 (]: Databricks adapter: DatabricksDBTConnection(session-id=None, name=model.wanderbricks.stg_bookings) - Creating connection
[0m15:49:17.547401 [debug] [Thread-3 (]: Acquiring new databricks connection 'model.wanderbricks.stg_bookings'
[0m15:49:17.549127 [debug] [Thread-3 (]: Began compiling node model.wanderbricks.stg_bookings
[0m15:49:17.544883 [debug] [Thread-5 (]: Writing injected SQL for node "model.wanderbricks.stg_users"
[0m15:49:17.552426 [debug] [Thread-3 (]: Writing injected SQL for node "model.wanderbricks.stg_bookings"
[0m15:49:17.565083 [debug] [Thread-4 (]: Writing injected SQL for node "model.wanderbricks.stg_properties"
[0m15:49:17.569792 [debug] [Thread-5 (]: Began executing node model.wanderbricks.stg_users
[0m15:49:17.575581 [debug] [Thread-4 (]: Began executing node model.wanderbricks.stg_properties
[0m15:49:17.582797 [debug] [Thread-3 (]: Began executing node model.wanderbricks.stg_bookings
[0m15:49:17.587749 [debug] [Thread-3 (]: MATERIALIZING VIEW
[0m15:49:17.585704 [debug] [Thread-4 (]: MATERIALIZING VIEW
[0m15:49:17.583434 [debug] [Thread-5 (]: MATERIALIZING VIEW
[0m15:49:17.590195 [warn ] [Thread-3 (]: [[33mWARNING[0m]: Use revamped materializations based on separating create and insert.  This allows more performant column comments, as well as new column features.
You may opt into the new behavior sooner by setting `flags.use_materialization_v2` to `True` in `dbt_project.yml`.
Visit https://docs.getdbt.com/reference/global-configs/behavior-changes for more information.
[0m15:49:17.592495 [debug] [Thread-3 (]: Sending event: {'category': 'dbt', 'action': 'BehaviorChangeEvent', 'label': '8a142dae-b0bb-403f-9583-9f33c6c8fe9d', 'context': [<snowplow_tracker.self_describing_json.SelfDescribingJson object at 0xffff65c29f40>]}
[0m15:49:17.591850 [warn ] [Thread-5 (]: [[33mWARNING[0m]: Use revamped materializations based on separating create and insert.  This allows more performant column comments, as well as new column features.
You may opt into the new behavior sooner by setting `flags.use_materialization_v2` to `True` in `dbt_project.yml`.
Visit https://docs.getdbt.com/reference/global-configs/behavior-changes for more information.
[0m15:49:17.590987 [warn ] [Thread-4 (]: [[33mWARNING[0m]: Use revamped materializations based on separating create and insert.  This allows more performant column comments, as well as new column features.
You may opt into the new behavior sooner by setting `flags.use_materialization_v2` to `True` in `dbt_project.yml`.
Visit https://docs.getdbt.com/reference/global-configs/behavior-changes for more information.
[0m15:49:17.603551 [debug] [Thread-3 (]: Creating view `lakehouse`.`dev_staging`.`stg_bookings`
[0m15:49:17.603911 [debug] [Thread-5 (]: Sending event: {'category': 'dbt', 'action': 'BehaviorChangeEvent', 'label': '8a142dae-b0bb-403f-9583-9f33c6c8fe9d', 'context': [<snowplow_tracker.self_describing_json.SelfDescribingJson object at 0xffff65e4c140>]}
[0m15:49:17.604417 [debug] [Thread-4 (]: Sending event: {'category': 'dbt', 'action': 'BehaviorChangeEvent', 'label': '8a142dae-b0bb-403f-9583-9f33c6c8fe9d', 'context': [<snowplow_tracker.self_describing_json.SelfDescribingJson object at 0xffff65b659a0>]}
[0m15:49:17.611723 [debug] [Thread-3 (]: Writing runtime sql for node "model.wanderbricks.stg_bookings"
[0m15:49:17.612663 [debug] [Thread-5 (]: Creating view `lakehouse`.`dev_staging`.`stg_users`
[0m15:49:17.614004 [debug] [Thread-4 (]: Creating view `lakehouse`.`dev_staging`.`stg_properties`
[0m15:49:17.615798 [debug] [Thread-5 (]: Writing runtime sql for node "model.wanderbricks.stg_users"
[0m15:49:17.617436 [debug] [Thread-4 (]: Writing runtime sql for node "model.wanderbricks.stg_properties"
[0m15:49:17.619378 [debug] [Thread-3 (]: Using databricks connection "model.wanderbricks.stg_bookings"
[0m15:49:17.619860 [debug] [Thread-5 (]: Using databricks connection "model.wanderbricks.stg_users"
[0m15:49:17.619629 [debug] [Thread-4 (]: Using databricks connection "model.wanderbricks.stg_properties"
[0m15:49:17.620153 [debug] [Thread-3 (]: On model.wanderbricks.stg_bookings: /* {"app": "dbt", "dbt_version": "1.11.2", "dbt_databricks_version": "1.11.4", "databricks_sql_connector_version": "4.1.3", "profile_name": "wanderbricks", "target_name": "dev", "node_id": "model.wanderbricks.stg_bookings"} */

  
  
  create or replace view `lakehouse`.`dev_staging`.`stg_bookings`
  
  as (
    with source as (
    select * from `wanderbricks`.`raw_data`.`bookings`
),

renamed as (
    select
        booking_id,
        user_id,
        property_id,
        check_in,
        check_out,
        guests_count,
        total_amount,
        status,
        created_at,
        updated_at
    from source
)

select * from renamed
  )

[0m15:49:17.620588 [debug] [Thread-5 (]: On model.wanderbricks.stg_users: /* {"app": "dbt", "dbt_version": "1.11.2", "dbt_databricks_version": "1.11.4", "databricks_sql_connector_version": "4.1.3", "profile_name": "wanderbricks", "target_name": "dev", "node_id": "model.wanderbricks.stg_users"} */

  
  
  create or replace view `lakehouse`.`dev_staging`.`stg_users`
  
  as (
    with source as (
    select * from `wanderbricks`.`raw_data`.`users`
),

renamed as (
    select
        user_id,
        email,
        name,
        country,
        user_type,
        created_at,
        is_business,
        company_name
    from source
)

select * from renamed
  )

[0m15:49:17.621232 [debug] [Thread-4 (]: On model.wanderbricks.stg_properties: /* {"app": "dbt", "dbt_version": "1.11.2", "dbt_databricks_version": "1.11.4", "databricks_sql_connector_version": "4.1.3", "profile_name": "wanderbricks", "target_name": "dev", "node_id": "model.wanderbricks.stg_properties"} */

  
  
  create or replace view `lakehouse`.`dev_staging`.`stg_properties`
  
  as (
    with source as (
    select * from `wanderbricks`.`raw_data`.`properties`
),

renamed as (
    select
        property_id,
        host_id,
        destination_id,
        title,
        description,
        base_price,
        property_type,
        max_guests,
        bedrooms,
        bathrooms,
        property_latitude,
        property_longitude,
        created_at
    from source
)

select * from renamed
  )

[0m15:49:17.621708 [debug] [Thread-3 (]: Opening a new connection, currently in state init
[0m15:49:17.622088 [debug] [Thread-5 (]: Opening a new connection, currently in state init
[0m15:49:17.622484 [debug] [Thread-4 (]: Opening a new connection, currently in state init
[0m15:49:17.824726 [debug] [Thread-3 (]: Databricks adapter: Connection(session-id=01f0f097-6b35-1e74-aaa6-35d829d0ec24) - Created
[0m15:49:17.867132 [debug] [Thread-4 (]: Databricks adapter: Connection(session-id=01f0f097-6b38-15b9-9cc6-297c0e2abbb9) - Created
[0m15:49:17.871686 [debug] [Thread-5 (]: Databricks adapter: Connection(session-id=01f0f097-6b3a-1038-b05c-0d0d35762916) - Created
[0m15:49:18.347156 [debug] [Thread-5 (]: Databricks adapter: Exception while trying to execute query
/* {"app": "dbt", "dbt_version": "1.11.2", "dbt_databricks_version": "1.11.4", "databricks_sql_connector_version": "4.1.3", "profile_name": "wanderbricks", "target_name": "dev", "node_id": "model.wanderbricks.stg_users"} */

  
  
  create or replace view `lakehouse`.`dev_staging`.`stg_users`
  
  as (
    with source as (
    select * from `wanderbricks`.`raw_data`.`users`
),

renamed as (
    select
        user_id,
        email,
        name,
        country,
        user_type,
        created_at,
        is_business,
        company_name
    from source
)

select * from renamed
  )

: [TABLE_OR_VIEW_NOT_FOUND] The table or view `wanderbricks`.`raw_data`.`users` cannot be found. Verify the spelling and correctness of the schema and catalog.
If you did not qualify the name with a schema, verify the current_schema() output, or qualify the name with the correct schema and catalog.
To tolerate the error on drop use DROP VIEW IF EXISTS or DROP TABLE IF EXISTS. SQLSTATE: 42P01; line 9 pos 18
Error properties: diagnostic-info=org.apache.hive.service.cli.HiveSQLException: Error running query: [TABLE_OR_VIEW_NOT_FOUND] org.apache.spark.sql.catalyst.ExtendedAnalysisException: [TABLE_OR_VIEW_NOT_FOUND] The table or view `wanderbricks`.`raw_data`.`users` cannot be found. Verify the spelling and correctness of the schema and catalog.
If you did not qualify the name with a schema, verify the current_schema() output, or qualify the name with the correct schema and catalog.
To tolerate the error on drop use DROP VIEW IF EXISTS or DROP TABLE IF EXISTS. SQLSTATE: 42P01; line 9 pos 18
	at org.apache.spark.sql.hive.thriftserver.HiveThriftServerErrors$.runningQueryError(HiveThriftServerErrors.scala:49)
	at org.apache.spark.sql.hive.thriftserver.SparkExecuteStatementOperation.$anonfun$execute$1(SparkExecuteStatementOperation.scala:1050)
	at scala.runtime.java8.JFunction0$mcV$sp.apply(JFunction0$mcV$sp.scala:18)
	at com.databricks.unity.UCSEphemeralState$Handle.runWith(UCSEphemeralState.scala:51)
	at com.databricks.unity.HandleImpl.runWith(UCSHandle.scala:104)
	at org.apache.spark.sql.hive.thriftserver.SparkExecuteStatementOperation.org$apache$spark$sql$hive$thriftserver$SparkExecuteStatementOperation$$execute(SparkExecuteStatementOperation.scala:787)
	at org.apache.spark.sql.hive.thriftserver.SparkExecuteStatementOperation$$anon$2$$anon$3.$anonfun$run$5(SparkExecuteStatementOperation.scala:578)
	at scala.runtime.java8.JFunction0$mcV$sp.apply(JFunction0$mcV$sp.scala:18)
	at org.apache.spark.sql.execution.SQLExecution$.withRootExecution(SQLExecution.scala:869)
	at org.apache.spark.sql.hive.thriftserver.SparkExecuteStatementOperation$$anon$2$$anon$3.$anonfun$run$2(SparkExecuteStatementOperation.scala:578)
	at scala.runtime.java8.JFunction0$mcV$sp.apply(JFunction0$mcV$sp.scala:18)
	at com.databricks.logging.AttributionContextTracing.$anonfun$withAttributionContext$1(AttributionContextTracing.scala:80)
	at com.databricks.logging.AttributionContext$.$anonfun$withValue$1(AttributionContext.scala:348)
	at scala.util.DynamicVariable.withValue(DynamicVariable.scala:59)
	at com.databricks.logging.AttributionContext$.withValue(AttributionContext.scala:344)
	at com.databricks.logging.AttributionContextTracing.withAttributionContext(AttributionContextTracing.scala:78)
	at com.databricks.logging.AttributionContextTracing.withAttributionContext$(AttributionContextTracing.scala:75)
	at com.databricks.spark.util.DatabricksTracingHelper.withAttributionContext(DatabricksSparkTracingHelper.scala:62)
	at com.databricks.spark.util.DatabricksTracingHelper.withSpanFromRequest(DatabricksSparkTracingHelper.scala:89)
	at com.databricks.spark.util.DBRTracing$.withSpanFromRequest(DBRTracing.scala:43)
	at org.apache.spark.sql.hive.thriftserver.ThriftLocalProperties.$anonfun$withLocalProperties$15(ThriftLocalProperties.scala:238)
	at com.databricks.logging.AttributionContextTracing.$anonfun$withAttributionContext$1(AttributionContextTracing.scala:80)
	at com.databricks.logging.AttributionContext$.$anonfun$withValue$1(AttributionContext.scala:348)
	at scala.util.DynamicVariable.withValue(DynamicVariable.scala:59)
	at com.databricks.logging.AttributionContext$.withValue(AttributionContext.scala:344)
	at com.databricks.logging.AttributionContextTracing.withAttributionContext(AttributionContextTracing.scala:78)
	at com.databricks.logging.AttributionContextTracing.withAttributionContext$(AttributionContextTracing.scala:75)
	at com.databricks.spark.util.PublicDBLogging.withAttributionContext(DatabricksSparkUsageLogger.scala:29)
	at com.databricks.logging.AttributionContextTracing.withAttributionTags(AttributionContextTracing.scala:127)
	at com.databricks.logging.AttributionContextTracing.withAttributionTags$(AttributionContextTracing.scala:108)
	at com.databricks.spark.util.PublicDBLogging.withAttributionTags(DatabricksSparkUsageLogger.scala:29)
	at com.databricks.spark.util.PublicDBLogging.withAttributionTags0(DatabricksSparkUsageLogger.scala:108)
	at com.databricks.spark.util.DatabricksSparkUsageLogger.withAttributionTags(DatabricksSparkUsageLogger.scala:216)
	at com.databricks.spark.util.UsageLogging.$anonfun$withAttributionTags$1(UsageLogger.scala:668)
	at com.databricks.spark.util.UsageLogging$.withAttributionTags(UsageLogger.scala:780)
	at com.databricks.spark.util.UsageLogging$.withAttributionTags(UsageLogger.scala:789)
	at com.databricks.spark.util.UsageLogging.withAttributionTags(UsageLogger.scala:668)
	at com.databricks.spark.util.UsageLogging.withAttributionTags$(UsageLogger.scala:666)
	at org.apache.spark.sql.hive.thriftserver.SparkExecuteStatementOperation.withAttributionTags(SparkExecuteStatementOperation.scala:76)
	at org.apache.spark.sql.hive.thriftserver.ThriftLocalProperties.$anonfun$withLocalProperties$12(ThriftLocalProperties.scala:233)
	at com.databricks.spark.util.IdentityClaim$.withClaim(IdentityClaim.scala:48)
	at org.apache.spark.sql.hive.thriftserver.ThriftLocalProperties.withLocalProperties(ThriftLocalProperties.scala:229)
	at org.apache.spark.sql.hive.thriftserver.ThriftLocalProperties.withLocalProperties$(ThriftLocalProperties.scala:89)
	at org.apache.spark.sql.hive.thriftserver.SparkExecuteStatementOperation.withLocalProperties(SparkExecuteStatementOperation.scala:76)
	at org.apache.spark.sql.hive.thriftserver.SparkExecuteStatementOperation$$anon$2$$anon$3.run(SparkExecuteStatementOperation.scala:555)
	at org.apache.spark.sql.hive.thriftserver.SparkExecuteStatementOperation$$anon$2$$anon$3.run(SparkExecuteStatementOperation.scala:541)
	at java.base/java.security.AccessController.doPrivileged(AccessController.java:712)
	at java.base/javax.security.auth.Subject.doAs(Subject.java:439)
	at org.apache.hadoop.security.UserGroupInformation.doAs(UserGroupInformation.java:1953)
	at org.apache.spark.sql.hive.thriftserver.SparkExecuteStatementOperation$$anon$2.run(SparkExecuteStatementOperation.scala:591)
	at java.base/java.util.concurrent.Executors$RunnableAdapter.call(Executors.java:539)
	at java.base/java.util.concurrent.FutureTask.run(FutureTask.java:264)
	at java.base/java.util.concurrent.ThreadPoolExecutor.runWorker(ThreadPoolExecutor.java:1136)
	at java.base/java.util.concurrent.ThreadPoolExecutor$Worker.run(ThreadPoolExecutor.java:635)
	at java.base/java.lang.Thread.run(Thread.java:840)
Caused by: org.apache.spark.sql.catalyst.ExtendedAnalysisException: [TABLE_OR_VIEW_NOT_FOUND] The table or view `wanderbricks`.`raw_data`.`users` cannot be found. Verify the spelling and correctness of the schema and catalog.
If you did not qualify the name with a schema, verify the current_schema() output, or qualify the name with the correct schema and catalog.
To tolerate the error on drop use DROP VIEW IF EXISTS or DROP TABLE IF EXISTS. SQLSTATE: 42P01; line 9 pos 18
	at org.apache.spark.sql.catalyst.ExtendedAnalysisException.copyPlan(ExtendedAnalysisException.scala:96)
	at org.apache.spark.sql.hive.thriftserver.SparkExecuteStatementOperation.$anonfun$execute$1(SparkExecuteStatementOperation.scala:1011)
	... 53 more
, operation-id=01f0f097-6b44-1c9e-b076-bd7a9b766ec4
[0m15:49:18.348662 [debug] [Thread-3 (]: Databricks adapter: Exception while trying to execute query
/* {"app": "dbt", "dbt_version": "1.11.2", "dbt_databricks_version": "1.11.4", "databricks_sql_connector_version": "4.1.3", "profile_name": "wanderbricks", "target_name": "dev", "node_id": "model.wanderbricks.stg_bookings"} */

  
  
  create or replace view `lakehouse`.`dev_staging`.`stg_bookings`
  
  as (
    with source as (
    select * from `wanderbricks`.`raw_data`.`bookings`
),

renamed as (
    select
        booking_id,
        user_id,
        property_id,
        check_in,
        check_out,
        guests_count,
        total_amount,
        status,
        created_at,
        updated_at
    from source
)

select * from renamed
  )

: [TABLE_OR_VIEW_NOT_FOUND] The table or view `wanderbricks`.`raw_data`.`bookings` cannot be found. Verify the spelling and correctness of the schema and catalog.
If you did not qualify the name with a schema, verify the current_schema() output, or qualify the name with the correct schema and catalog.
To tolerate the error on drop use DROP VIEW IF EXISTS or DROP TABLE IF EXISTS. SQLSTATE: 42P01; line 9 pos 18
Error properties: diagnostic-info=org.apache.hive.service.cli.HiveSQLException: Error running query: [TABLE_OR_VIEW_NOT_FOUND] org.apache.spark.sql.catalyst.ExtendedAnalysisException: [TABLE_OR_VIEW_NOT_FOUND] The table or view `wanderbricks`.`raw_data`.`bookings` cannot be found. Verify the spelling and correctness of the schema and catalog.
If you did not qualify the name with a schema, verify the current_schema() output, or qualify the name with the correct schema and catalog.
To tolerate the error on drop use DROP VIEW IF EXISTS or DROP TABLE IF EXISTS. SQLSTATE: 42P01; line 9 pos 18
	at org.apache.spark.sql.hive.thriftserver.HiveThriftServerErrors$.runningQueryError(HiveThriftServerErrors.scala:49)
	at org.apache.spark.sql.hive.thriftserver.SparkExecuteStatementOperation.$anonfun$execute$1(SparkExecuteStatementOperation.scala:1050)
	at scala.runtime.java8.JFunction0$mcV$sp.apply(JFunction0$mcV$sp.scala:18)
	at com.databricks.unity.UCSEphemeralState$Handle.runWith(UCSEphemeralState.scala:51)
	at com.databricks.unity.HandleImpl.runWith(UCSHandle.scala:104)
	at org.apache.spark.sql.hive.thriftserver.SparkExecuteStatementOperation.org$apache$spark$sql$hive$thriftserver$SparkExecuteStatementOperation$$execute(SparkExecuteStatementOperation.scala:787)
	at org.apache.spark.sql.hive.thriftserver.SparkExecuteStatementOperation$$anon$2$$anon$3.$anonfun$run$5(SparkExecuteStatementOperation.scala:578)
	at scala.runtime.java8.JFunction0$mcV$sp.apply(JFunction0$mcV$sp.scala:18)
	at org.apache.spark.sql.execution.SQLExecution$.withRootExecution(SQLExecution.scala:869)
	at org.apache.spark.sql.hive.thriftserver.SparkExecuteStatementOperation$$anon$2$$anon$3.$anonfun$run$2(SparkExecuteStatementOperation.scala:578)
	at scala.runtime.java8.JFunction0$mcV$sp.apply(JFunction0$mcV$sp.scala:18)
	at com.databricks.logging.AttributionContextTracing.$anonfun$withAttributionContext$1(AttributionContextTracing.scala:80)
	at com.databricks.logging.AttributionContext$.$anonfun$withValue$1(AttributionContext.scala:348)
	at scala.util.DynamicVariable.withValue(DynamicVariable.scala:59)
	at com.databricks.logging.AttributionContext$.withValue(AttributionContext.scala:344)
	at com.databricks.logging.AttributionContextTracing.withAttributionContext(AttributionContextTracing.scala:78)
	at com.databricks.logging.AttributionContextTracing.withAttributionContext$(AttributionContextTracing.scala:75)
	at com.databricks.spark.util.DatabricksTracingHelper.withAttributionContext(DatabricksSparkTracingHelper.scala:62)
	at com.databricks.spark.util.DatabricksTracingHelper.withSpanFromRequest(DatabricksSparkTracingHelper.scala:89)
	at com.databricks.spark.util.DBRTracing$.withSpanFromRequest(DBRTracing.scala:43)
	at org.apache.spark.sql.hive.thriftserver.ThriftLocalProperties.$anonfun$withLocalProperties$15(ThriftLocalProperties.scala:238)
	at com.databricks.logging.AttributionContextTracing.$anonfun$withAttributionContext$1(AttributionContextTracing.scala:80)
	at com.databricks.logging.AttributionContext$.$anonfun$withValue$1(AttributionContext.scala:348)
	at scala.util.DynamicVariable.withValue(DynamicVariable.scala:59)
	at com.databricks.logging.AttributionContext$.withValue(AttributionContext.scala:344)
	at com.databricks.logging.AttributionContextTracing.withAttributionContext(AttributionContextTracing.scala:78)
	at com.databricks.logging.AttributionContextTracing.withAttributionContext$(AttributionContextTracing.scala:75)
	at com.databricks.spark.util.PublicDBLogging.withAttributionContext(DatabricksSparkUsageLogger.scala:29)
	at com.databricks.logging.AttributionContextTracing.withAttributionTags(AttributionContextTracing.scala:127)
	at com.databricks.logging.AttributionContextTracing.withAttributionTags$(AttributionContextTracing.scala:108)
	at com.databricks.spark.util.PublicDBLogging.withAttributionTags(DatabricksSparkUsageLogger.scala:29)
	at com.databricks.spark.util.PublicDBLogging.withAttributionTags0(DatabricksSparkUsageLogger.scala:108)
	at com.databricks.spark.util.DatabricksSparkUsageLogger.withAttributionTags(DatabricksSparkUsageLogger.scala:216)
	at com.databricks.spark.util.UsageLogging.$anonfun$withAttributionTags$1(UsageLogger.scala:668)
	at com.databricks.spark.util.UsageLogging$.withAttributionTags(UsageLogger.scala:780)
	at com.databricks.spark.util.UsageLogging$.withAttributionTags(UsageLogger.scala:789)
	at com.databricks.spark.util.UsageLogging.withAttributionTags(UsageLogger.scala:668)
	at com.databricks.spark.util.UsageLogging.withAttributionTags$(UsageLogger.scala:666)
	at org.apache.spark.sql.hive.thriftserver.SparkExecuteStatementOperation.withAttributionTags(SparkExecuteStatementOperation.scala:76)
	at org.apache.spark.sql.hive.thriftserver.ThriftLocalProperties.$anonfun$withLocalProperties$12(ThriftLocalProperties.scala:233)
	at com.databricks.spark.util.IdentityClaim$.withClaim(IdentityClaim.scala:48)
	at org.apache.spark.sql.hive.thriftserver.ThriftLocalProperties.withLocalProperties(ThriftLocalProperties.scala:229)
	at org.apache.spark.sql.hive.thriftserver.ThriftLocalProperties.withLocalProperties$(ThriftLocalProperties.scala:89)
	at org.apache.spark.sql.hive.thriftserver.SparkExecuteStatementOperation.withLocalProperties(SparkExecuteStatementOperation.scala:76)
	at org.apache.spark.sql.hive.thriftserver.SparkExecuteStatementOperation$$anon$2$$anon$3.run(SparkExecuteStatementOperation.scala:555)
	at org.apache.spark.sql.hive.thriftserver.SparkExecuteStatementOperation$$anon$2$$anon$3.run(SparkExecuteStatementOperation.scala:541)
	at java.base/java.security.AccessController.doPrivileged(AccessController.java:712)
	at java.base/javax.security.auth.Subject.doAs(Subject.java:439)
	at org.apache.hadoop.security.UserGroupInformation.doAs(UserGroupInformation.java:1953)
	at org.apache.spark.sql.hive.thriftserver.SparkExecuteStatementOperation$$anon$2.run(SparkExecuteStatementOperation.scala:591)
	at java.base/java.util.concurrent.Executors$RunnableAdapter.call(Executors.java:539)
	at java.base/java.util.concurrent.FutureTask.run(FutureTask.java:264)
	at java.base/java.util.concurrent.ThreadPoolExecutor.runWorker(ThreadPoolExecutor.java:1136)
	at java.base/java.util.concurrent.ThreadPoolExecutor$Worker.run(ThreadPoolExecutor.java:635)
	at java.base/java.lang.Thread.run(Thread.java:840)
Caused by: org.apache.spark.sql.catalyst.ExtendedAnalysisException: [TABLE_OR_VIEW_NOT_FOUND] The table or view `wanderbricks`.`raw_data`.`bookings` cannot be found. Verify the spelling and correctness of the schema and catalog.
If you did not qualify the name with a schema, verify the current_schema() output, or qualify the name with the correct schema and catalog.
To tolerate the error on drop use DROP VIEW IF EXISTS or DROP TABLE IF EXISTS. SQLSTATE: 42P01; line 9 pos 18
	at org.apache.spark.sql.catalyst.ExtendedAnalysisException.copyPlan(ExtendedAnalysisException.scala:96)
	at org.apache.spark.sql.hive.thriftserver.SparkExecuteStatementOperation.$anonfun$execute$1(SparkExecuteStatementOperation.scala:1011)
	... 53 more
, operation-id=01f0f097-6b3e-1012-98f3-feef48adf903
[0m15:49:18.349765 [debug] [Thread-4 (]: Databricks adapter: Exception while trying to execute query
/* {"app": "dbt", "dbt_version": "1.11.2", "dbt_databricks_version": "1.11.4", "databricks_sql_connector_version": "4.1.3", "profile_name": "wanderbricks", "target_name": "dev", "node_id": "model.wanderbricks.stg_properties"} */

  
  
  create or replace view `lakehouse`.`dev_staging`.`stg_properties`
  
  as (
    with source as (
    select * from `wanderbricks`.`raw_data`.`properties`
),

renamed as (
    select
        property_id,
        host_id,
        destination_id,
        title,
        description,
        base_price,
        property_type,
        max_guests,
        bedrooms,
        bathrooms,
        property_latitude,
        property_longitude,
        created_at
    from source
)

select * from renamed
  )

: [TABLE_OR_VIEW_NOT_FOUND] The table or view `wanderbricks`.`raw_data`.`properties` cannot be found. Verify the spelling and correctness of the schema and catalog.
If you did not qualify the name with a schema, verify the current_schema() output, or qualify the name with the correct schema and catalog.
To tolerate the error on drop use DROP VIEW IF EXISTS or DROP TABLE IF EXISTS. SQLSTATE: 42P01; line 9 pos 18
Error properties: diagnostic-info=org.apache.hive.service.cli.HiveSQLException: Error running query: [TABLE_OR_VIEW_NOT_FOUND] org.apache.spark.sql.catalyst.ExtendedAnalysisException: [TABLE_OR_VIEW_NOT_FOUND] The table or view `wanderbricks`.`raw_data`.`properties` cannot be found. Verify the spelling and correctness of the schema and catalog.
If you did not qualify the name with a schema, verify the current_schema() output, or qualify the name with the correct schema and catalog.
To tolerate the error on drop use DROP VIEW IF EXISTS or DROP TABLE IF EXISTS. SQLSTATE: 42P01; line 9 pos 18
	at org.apache.spark.sql.hive.thriftserver.HiveThriftServerErrors$.runningQueryError(HiveThriftServerErrors.scala:49)
	at org.apache.spark.sql.hive.thriftserver.SparkExecuteStatementOperation.$anonfun$execute$1(SparkExecuteStatementOperation.scala:1050)
	at scala.runtime.java8.JFunction0$mcV$sp.apply(JFunction0$mcV$sp.scala:18)
	at com.databricks.unity.UCSEphemeralState$Handle.runWith(UCSEphemeralState.scala:51)
	at com.databricks.unity.HandleImpl.runWith(UCSHandle.scala:104)
	at org.apache.spark.sql.hive.thriftserver.SparkExecuteStatementOperation.org$apache$spark$sql$hive$thriftserver$SparkExecuteStatementOperation$$execute(SparkExecuteStatementOperation.scala:787)
	at org.apache.spark.sql.hive.thriftserver.SparkExecuteStatementOperation$$anon$2$$anon$3.$anonfun$run$5(SparkExecuteStatementOperation.scala:578)
	at scala.runtime.java8.JFunction0$mcV$sp.apply(JFunction0$mcV$sp.scala:18)
	at org.apache.spark.sql.execution.SQLExecution$.withRootExecution(SQLExecution.scala:869)
	at org.apache.spark.sql.hive.thriftserver.SparkExecuteStatementOperation$$anon$2$$anon$3.$anonfun$run$2(SparkExecuteStatementOperation.scala:578)
	at scala.runtime.java8.JFunction0$mcV$sp.apply(JFunction0$mcV$sp.scala:18)
	at com.databricks.logging.AttributionContextTracing.$anonfun$withAttributionContext$1(AttributionContextTracing.scala:80)
	at com.databricks.logging.AttributionContext$.$anonfun$withValue$1(AttributionContext.scala:348)
	at scala.util.DynamicVariable.withValue(DynamicVariable.scala:59)
	at com.databricks.logging.AttributionContext$.withValue(AttributionContext.scala:344)
	at com.databricks.logging.AttributionContextTracing.withAttributionContext(AttributionContextTracing.scala:78)
	at com.databricks.logging.AttributionContextTracing.withAttributionContext$(AttributionContextTracing.scala:75)
	at com.databricks.spark.util.DatabricksTracingHelper.withAttributionContext(DatabricksSparkTracingHelper.scala:62)
	at com.databricks.spark.util.DatabricksTracingHelper.withSpanFromRequest(DatabricksSparkTracingHelper.scala:89)
	at com.databricks.spark.util.DBRTracing$.withSpanFromRequest(DBRTracing.scala:43)
	at org.apache.spark.sql.hive.thriftserver.ThriftLocalProperties.$anonfun$withLocalProperties$15(ThriftLocalProperties.scala:238)
	at com.databricks.logging.AttributionContextTracing.$anonfun$withAttributionContext$1(AttributionContextTracing.scala:80)
	at com.databricks.logging.AttributionContext$.$anonfun$withValue$1(AttributionContext.scala:348)
	at scala.util.DynamicVariable.withValue(DynamicVariable.scala:59)
	at com.databricks.logging.AttributionContext$.withValue(AttributionContext.scala:344)
	at com.databricks.logging.AttributionContextTracing.withAttributionContext(AttributionContextTracing.scala:78)
	at com.databricks.logging.AttributionContextTracing.withAttributionContext$(AttributionContextTracing.scala:75)
	at com.databricks.spark.util.PublicDBLogging.withAttributionContext(DatabricksSparkUsageLogger.scala:29)
	at com.databricks.logging.AttributionContextTracing.withAttributionTags(AttributionContextTracing.scala:127)
	at com.databricks.logging.AttributionContextTracing.withAttributionTags$(AttributionContextTracing.scala:108)
	at com.databricks.spark.util.PublicDBLogging.withAttributionTags(DatabricksSparkUsageLogger.scala:29)
	at com.databricks.spark.util.PublicDBLogging.withAttributionTags0(DatabricksSparkUsageLogger.scala:108)
	at com.databricks.spark.util.DatabricksSparkUsageLogger.withAttributionTags(DatabricksSparkUsageLogger.scala:216)
	at com.databricks.spark.util.UsageLogging.$anonfun$withAttributionTags$1(UsageLogger.scala:668)
	at com.databricks.spark.util.UsageLogging$.withAttributionTags(UsageLogger.scala:780)
	at com.databricks.spark.util.UsageLogging$.withAttributionTags(UsageLogger.scala:789)
	at com.databricks.spark.util.UsageLogging.withAttributionTags(UsageLogger.scala:668)
	at com.databricks.spark.util.UsageLogging.withAttributionTags$(UsageLogger.scala:666)
	at org.apache.spark.sql.hive.thriftserver.SparkExecuteStatementOperation.withAttributionTags(SparkExecuteStatementOperation.scala:76)
	at org.apache.spark.sql.hive.thriftserver.ThriftLocalProperties.$anonfun$withLocalProperties$12(ThriftLocalProperties.scala:233)
	at com.databricks.spark.util.IdentityClaim$.withClaim(IdentityClaim.scala:48)
	at org.apache.spark.sql.hive.thriftserver.ThriftLocalProperties.withLocalProperties(ThriftLocalProperties.scala:229)
	at org.apache.spark.sql.hive.thriftserver.ThriftLocalProperties.withLocalProperties$(ThriftLocalProperties.scala:89)
	at org.apache.spark.sql.hive.thriftserver.SparkExecuteStatementOperation.withLocalProperties(SparkExecuteStatementOperation.scala:76)
	at org.apache.spark.sql.hive.thriftserver.SparkExecuteStatementOperation$$anon$2$$anon$3.run(SparkExecuteStatementOperation.scala:555)
	at org.apache.spark.sql.hive.thriftserver.SparkExecuteStatementOperation$$anon$2$$anon$3.run(SparkExecuteStatementOperation.scala:541)
	at java.base/java.security.AccessController.doPrivileged(AccessController.java:712)
	at java.base/javax.security.auth.Subject.doAs(Subject.java:439)
	at org.apache.hadoop.security.UserGroupInformation.doAs(UserGroupInformation.java:1953)
	at org.apache.spark.sql.hive.thriftserver.SparkExecuteStatementOperation$$anon$2.run(SparkExecuteStatementOperation.scala:591)
	at java.base/java.util.concurrent.Executors$RunnableAdapter.call(Executors.java:539)
	at java.base/java.util.concurrent.FutureTask.run(FutureTask.java:264)
	at java.base/java.util.concurrent.ThreadPoolExecutor.runWorker(ThreadPoolExecutor.java:1136)
	at java.base/java.util.concurrent.ThreadPoolExecutor$Worker.run(ThreadPoolExecutor.java:635)
	at java.base/java.lang.Thread.run(Thread.java:840)
Caused by: org.apache.spark.sql.catalyst.ExtendedAnalysisException: [TABLE_OR_VIEW_NOT_FOUND] The table or view `wanderbricks`.`raw_data`.`properties` cannot be found. Verify the spelling and correctness of the schema and catalog.
If you did not qualify the name with a schema, verify the current_schema() output, or qualify the name with the correct schema and catalog.
To tolerate the error on drop use DROP VIEW IF EXISTS or DROP TABLE IF EXISTS. SQLSTATE: 42P01; line 9 pos 18
	at org.apache.spark.sql.catalyst.ExtendedAnalysisException.copyPlan(ExtendedAnalysisException.scala:96)
	at org.apache.spark.sql.hive.thriftserver.SparkExecuteStatementOperation.$anonfun$execute$1(SparkExecuteStatementOperation.scala:1011)
	... 53 more
, operation-id=01f0f097-6b44-131e-8423-760bf55f4963
[0m15:49:18.350894 [debug] [Thread-5 (]: On model.wanderbricks.stg_users: Close
[0m15:49:18.352920 [debug] [Thread-5 (]: Databricks adapter: Connection(session-id=01f0f097-6b3a-1038-b05c-0d0d35762916) - Closing
[0m15:49:18.435936 [debug] [Thread-3 (]: On model.wanderbricks.stg_bookings: Close
[0m15:49:18.436714 [debug] [Thread-3 (]: Databricks adapter: Connection(session-id=01f0f097-6b35-1e74-aaa6-35d829d0ec24) - Closing
[0m15:49:18.445048 [debug] [Thread-5 (]: Database Error in model stg_users (models/staging/stg_users.sql)
  [TABLE_OR_VIEW_NOT_FOUND] The table or view `wanderbricks`.`raw_data`.`users` cannot be found. Verify the spelling and correctness of the schema and catalog.
  If you did not qualify the name with a schema, verify the current_schema() output, or qualify the name with the correct schema and catalog.
  To tolerate the error on drop use DROP VIEW IF EXISTS or DROP TABLE IF EXISTS. SQLSTATE: 42P01; line 9 pos 18
  compiled code at target/run/wanderbricks/models/staging/stg_users.sql
[0m15:49:18.505703 [debug] [Thread-4 (]: On model.wanderbricks.stg_properties: Close
[0m15:49:18.506494 [debug] [Thread-4 (]: Databricks adapter: Connection(session-id=01f0f097-6b38-15b9-9cc6-297c0e2abbb9) - Closing
[0m15:49:18.507795 [debug] [Thread-3 (]: Database Error in model stg_bookings (models/staging/stg_bookings.sql)
  [TABLE_OR_VIEW_NOT_FOUND] The table or view `wanderbricks`.`raw_data`.`bookings` cannot be found. Verify the spelling and correctness of the schema and catalog.
  If you did not qualify the name with a schema, verify the current_schema() output, or qualify the name with the correct schema and catalog.
  To tolerate the error on drop use DROP VIEW IF EXISTS or DROP TABLE IF EXISTS. SQLSTATE: 42P01; line 9 pos 18
  compiled code at target/run/wanderbricks/models/staging/stg_bookings.sql
[0m15:49:18.573355 [debug] [Thread-4 (]: Database Error in model stg_properties (models/staging/stg_properties.sql)
  [TABLE_OR_VIEW_NOT_FOUND] The table or view `wanderbricks`.`raw_data`.`properties` cannot be found. Verify the spelling and correctness of the schema and catalog.
  If you did not qualify the name with a schema, verify the current_schema() output, or qualify the name with the correct schema and catalog.
  To tolerate the error on drop use DROP VIEW IF EXISTS or DROP TABLE IF EXISTS. SQLSTATE: 42P01; line 9 pos 18
  compiled code at target/run/wanderbricks/models/staging/stg_properties.sql
[0m15:49:18.574244 [debug] [Thread-5 (]: Sending event: {'category': 'dbt', 'action': 'run_model', 'label': '8a142dae-b0bb-403f-9583-9f33c6c8fe9d', 'context': [<snowplow_tracker.self_describing_json.SelfDescribingJson object at 0xffff7e7d5100>]}
[0m15:49:18.574588 [debug] [Thread-3 (]: Sending event: {'category': 'dbt', 'action': 'run_model', 'label': '8a142dae-b0bb-403f-9583-9f33c6c8fe9d', 'context': [<snowplow_tracker.self_describing_json.SelfDescribingJson object at 0xffff65b3f080>]}
[0m15:49:18.575015 [debug] [Thread-4 (]: Sending event: {'category': 'dbt', 'action': 'run_model', 'label': '8a142dae-b0bb-403f-9583-9f33c6c8fe9d', 'context': [<snowplow_tracker.self_describing_json.SelfDescribingJson object at 0xffff65b3daf0>]}
[0m15:49:18.575867 [error] [Thread-5 (]: 3 of 7 ERROR creating sql view model dev_staging.stg_users ..................... [[31mERROR[0m in 1.05s]
[0m15:49:18.576792 [error] [Thread-3 (]: 1 of 7 ERROR creating sql view model dev_staging.stg_bookings .................. [[31mERROR[0m in 1.05s]
[0m15:49:18.578136 [error] [Thread-4 (]: 2 of 7 ERROR creating sql view model dev_staging.stg_properties ................ [[31mERROR[0m in 1.06s]
[0m15:49:18.578934 [debug] [Thread-5 (]: Finished running node model.wanderbricks.stg_users
[0m15:49:18.579432 [debug] [Thread-3 (]: Finished running node model.wanderbricks.stg_bookings
[0m15:49:18.579906 [debug] [Thread-4 (]: Finished running node model.wanderbricks.stg_properties
[0m15:49:18.580483 [debug] [Thread-9 (]: Marking all children of 'model.wanderbricks.stg_users' to be skipped because of status 'error'.  Reason: Database Error in model stg_users (models/staging/stg_users.sql)
  [TABLE_OR_VIEW_NOT_FOUND] The table or view `wanderbricks`.`raw_data`.`users` cannot be found. Verify the spelling and correctness of the schema and catalog.
  If you did not qualify the name with a schema, verify the current_schema() output, or qualify the name with the correct schema and catalog.
  To tolerate the error on drop use DROP VIEW IF EXISTS or DROP TABLE IF EXISTS. SQLSTATE: 42P01; line 9 pos 18
  compiled code at target/run/wanderbricks/models/staging/stg_users.sql.
[0m15:49:18.583140 [debug] [Thread-9 (]: Marking all children of 'model.wanderbricks.stg_bookings' to be skipped because of status 'error'.  Reason: Database Error in model stg_bookings (models/staging/stg_bookings.sql)
  [TABLE_OR_VIEW_NOT_FOUND] The table or view `wanderbricks`.`raw_data`.`bookings` cannot be found. Verify the spelling and correctness of the schema and catalog.
  If you did not qualify the name with a schema, verify the current_schema() output, or qualify the name with the correct schema and catalog.
  To tolerate the error on drop use DROP VIEW IF EXISTS or DROP TABLE IF EXISTS. SQLSTATE: 42P01; line 9 pos 18
  compiled code at target/run/wanderbricks/models/staging/stg_bookings.sql.
[0m15:49:18.583814 [debug] [Thread-9 (]: Marking all children of 'model.wanderbricks.stg_properties' to be skipped because of status 'error'.  Reason: Database Error in model stg_properties (models/staging/stg_properties.sql)
  [TABLE_OR_VIEW_NOT_FOUND] The table or view `wanderbricks`.`raw_data`.`properties` cannot be found. Verify the spelling and correctness of the schema and catalog.
  If you did not qualify the name with a schema, verify the current_schema() output, or qualify the name with the correct schema and catalog.
  To tolerate the error on drop use DROP VIEW IF EXISTS or DROP TABLE IF EXISTS. SQLSTATE: 42P01; line 9 pos 18
  compiled code at target/run/wanderbricks/models/staging/stg_properties.sql.
[0m15:49:18.584423 [debug] [Thread-6 (]: Began running node model.wanderbricks.dim_users
[0m15:49:18.584669 [debug] [Thread-5 (]: Began running node model.wanderbricks.fct_bookings
[0m15:49:18.585231 [debug] [Thread-3 (]: Began running node model.wanderbricks.dim_properties
[0m15:49:18.585701 [info ] [Thread-6 (]: 4 of 7 SKIP relation dev_star_schema.dim_users ................................. [[33mSKIP[0m]
[0m15:49:18.586481 [info ] [Thread-5 (]: 5 of 7 SKIP relation dev_star_schema.fct_bookings .............................. [[33mSKIP[0m]
[0m15:49:18.587050 [info ] [Thread-3 (]: 6 of 7 SKIP relation dev_star_schema.dim_properties ............................ [[33mSKIP[0m]
[0m15:49:18.587676 [debug] [Thread-6 (]: Finished running node model.wanderbricks.dim_users
[0m15:49:18.588148 [debug] [Thread-5 (]: Finished running node model.wanderbricks.fct_bookings
[0m15:49:18.588554 [debug] [Thread-3 (]: Finished running node model.wanderbricks.dim_properties
[0m15:49:18.589951 [debug] [Thread-4 (]: Began running node model.wanderbricks.dm_monthly_bookings
[0m15:49:18.590279 [info ] [Thread-4 (]: 7 of 7 SKIP relation dev_datamarts.dm_monthly_bookings ......................... [[33mSKIP[0m]
[0m15:49:18.590721 [debug] [Thread-4 (]: Finished running node model.wanderbricks.dm_monthly_bookings
[0m15:49:18.592034 [debug] [MainThread]: Databricks adapter: DatabricksDBTConnection(session-id=None, name=master) - Creating connection
[0m15:49:18.592347 [debug] [MainThread]: Acquiring new databricks connection 'master'
[0m15:49:18.592913 [info ] [MainThread]: 
[0m15:49:18.593261 [info ] [MainThread]: Finished running 4 table models, 3 view models in 0 hours 0 minutes and 12.30 seconds (12.30s).
[0m15:49:18.594030 [debug] [MainThread]: Command end result
[0m15:49:18.662563 [debug] [MainThread]: Wrote artifact WritableManifest to /opt/airflow/dbt/target/manifest.json
[0m15:49:18.669357 [debug] [MainThread]: Wrote artifact SemanticManifest to /opt/airflow/dbt/target/semantic_manifest.json
[0m15:49:18.674925 [debug] [MainThread]: Wrote artifact RunExecutionResult to /opt/airflow/dbt/target/run_results.json
[0m15:49:18.675300 [info ] [MainThread]: 
[0m15:49:18.675749 [info ] [MainThread]: [31mCompleted with 3 errors, 0 partial successes, and 0 warnings:[0m
[0m15:49:18.676123 [info ] [MainThread]: 
[0m15:49:18.676637 [error] [MainThread]: [31mFailure in model stg_users (models/staging/stg_users.sql)[0m
[0m15:49:18.677065 [error] [MainThread]:   Database Error in model stg_users (models/staging/stg_users.sql)
  [TABLE_OR_VIEW_NOT_FOUND] The table or view `wanderbricks`.`raw_data`.`users` cannot be found. Verify the spelling and correctness of the schema and catalog.
  If you did not qualify the name with a schema, verify the current_schema() output, or qualify the name with the correct schema and catalog.
  To tolerate the error on drop use DROP VIEW IF EXISTS or DROP TABLE IF EXISTS. SQLSTATE: 42P01; line 9 pos 18
  compiled code at target/run/wanderbricks/models/staging/stg_users.sql
[0m15:49:18.677509 [info ] [MainThread]: 
[0m15:49:18.677936 [info ] [MainThread]:   compiled code at target/compiled/wanderbricks/models/staging/stg_users.sql
[0m15:49:18.678320 [info ] [MainThread]: 
[0m15:49:18.678706 [error] [MainThread]: [31mFailure in model stg_bookings (models/staging/stg_bookings.sql)[0m
[0m15:49:18.679066 [error] [MainThread]:   Database Error in model stg_bookings (models/staging/stg_bookings.sql)
  [TABLE_OR_VIEW_NOT_FOUND] The table or view `wanderbricks`.`raw_data`.`bookings` cannot be found. Verify the spelling and correctness of the schema and catalog.
  If you did not qualify the name with a schema, verify the current_schema() output, or qualify the name with the correct schema and catalog.
  To tolerate the error on drop use DROP VIEW IF EXISTS or DROP TABLE IF EXISTS. SQLSTATE: 42P01; line 9 pos 18
  compiled code at target/run/wanderbricks/models/staging/stg_bookings.sql
[0m15:49:18.679416 [info ] [MainThread]: 
[0m15:49:18.679795 [info ] [MainThread]:   compiled code at target/compiled/wanderbricks/models/staging/stg_bookings.sql
[0m15:49:18.680084 [info ] [MainThread]: 
[0m15:49:18.680381 [error] [MainThread]: [31mFailure in model stg_properties (models/staging/stg_properties.sql)[0m
[0m15:49:18.680752 [error] [MainThread]:   Database Error in model stg_properties (models/staging/stg_properties.sql)
  [TABLE_OR_VIEW_NOT_FOUND] The table or view `wanderbricks`.`raw_data`.`properties` cannot be found. Verify the spelling and correctness of the schema and catalog.
  If you did not qualify the name with a schema, verify the current_schema() output, or qualify the name with the correct schema and catalog.
  To tolerate the error on drop use DROP VIEW IF EXISTS or DROP TABLE IF EXISTS. SQLSTATE: 42P01; line 9 pos 18
  compiled code at target/run/wanderbricks/models/staging/stg_properties.sql
[0m15:49:18.681104 [info ] [MainThread]: 
[0m15:49:18.681464 [info ] [MainThread]:   compiled code at target/compiled/wanderbricks/models/staging/stg_properties.sql
[0m15:49:18.681785 [info ] [MainThread]: 
[0m15:49:18.682116 [info ] [MainThread]: Done. PASS=0 WARN=0 ERROR=3 SKIP=4 NO-OP=0 TOTAL=7
[0m15:49:18.683050 [warn ] [MainThread]: [[33mWARNING[0m][DeprecationsSummary]: Deprecated functionality
Summary of encountered deprecations:
- MissingPlusPrefixDeprecation: 6 occurrences
- MissingArgumentsPropertyInGenericTestDeprecation: 4 occurrences
To see all deprecation instances instead of just the first occurrence of each,
run command again with the `--show-all-deprecations` flag. You may also need to
run with `--no-partial-parse` as some deprecations are only encountered during
parsing.
[0m15:49:18.691926 [debug] [MainThread]: Resource report: {"command_name": "run", "command_success": false, "command_wall_clock_time": 14.912902, "process_in_blocks": "76776", "process_kernel_time": 0.769199, "process_mem_max_rss": "263320", "process_out_blocks": "5392", "process_user_time": 5.030833}
[0m15:49:18.693854 [debug] [MainThread]: Command `dbt run` failed at 15:49:18.693765 after 14.92 seconds
[0m15:49:18.694795 [debug] [MainThread]: Sending event: {'category': 'dbt', 'action': 'invocation', 'label': 'end', 'context': [<snowplow_tracker.self_describing_json.SelfDescribingJson object at 0xffff7e025700>, <snowplow_tracker.self_describing_json.SelfDescribingJson object at 0xffff7e4eb2c0>, <snowplow_tracker.self_describing_json.SelfDescribingJson object at 0xffff804e7140>]}
[0m15:49:18.695391 [debug] [MainThread]: Flushing usage events
[0m15:49:19.359367 [debug] [MainThread]: An error was encountered while trying to flush usage events
[0m15:54:22.894411 [debug] [MainThread]: Sending event: {'category': 'dbt', 'action': 'invocation', 'label': 'start', 'context': [<snowplow_tracker.self_describing_json.SelfDescribingJson object at 0xffff92febad0>, <snowplow_tracker.self_describing_json.SelfDescribingJson object at 0xffff92787c20>, <snowplow_tracker.self_describing_json.SelfDescribingJson object at 0xffff9272dd60>]}


============================== 15:54:22.903730 | 51506ee2-c1ea-4049-97d9-5b42ddcf3e6e ==============================
[0m15:54:22.903730 [info ] [MainThread]: Running with dbt=1.11.2
[0m15:54:22.907487 [debug] [MainThread]: running dbt with arguments {'profiles_dir': '/opt/airflow/dbt', 'cache_selected_only': 'False', 'warn_error': 'None', 'debug': 'False', 'version_check': 'True', 'introspect': 'True', 'log_format': 'default', 'quiet': 'False', 'invocation_command': 'dbt run --select +dm_monthly_bookings', 'static_parser': 'True', 'write_json': 'True', 'partial_parse': 'True', 'use_experimental_parser': 'False', 'empty': 'False', 'fail_fast': 'False', 'indirect_selection': 'eager', 'log_cache_events': 'False', 'log_path': '/opt/airflow/dbt/logs', 'printer_width': '80', 'send_anonymous_usage_stats': 'True', 'use_colors': 'True', 'no_print': 'None', 'warn_error_options': 'WarnErrorOptionsV2(error=[], warn=[], silence=[])', 'target_path': 'None'}
[0m15:54:23.654876 [debug] [MainThread]: Spark adapter: Setting pyhive.hive logging to ERROR
[0m15:54:23.655596 [debug] [MainThread]: Spark adapter: Setting thrift.transport logging to ERROR
[0m15:54:23.656344 [debug] [MainThread]: Spark adapter: Setting thrift.protocol logging to ERROR
[0m15:54:24.218966 [warn ] [MainThread]: [[33mWARNING[0m][MissingPlusPrefixDeprecation]: Deprecated functionality
Missing '+' prefix on `materialized` found at
`wanderbricks.staging.materialized` in file `/opt/airflow/dbt/dbt_project.yml`.
Hierarchical config values without a '+' prefix are deprecated in
dbt_project.yml.
[0m15:54:24.219638 [debug] [MainThread]: Sending event: {'category': 'dbt', 'action': 'deprecation', 'label': '51506ee2-c1ea-4049-97d9-5b42ddcf3e6e', 'property_': 'warn', 'context': [<snowplow_tracker.self_describing_json.SelfDescribingJson object at 0xffff7a768c20>]}
[0m15:54:24.297678 [debug] [MainThread]: Sending event: {'category': 'dbt', 'action': 'project_id', 'label': '51506ee2-c1ea-4049-97d9-5b42ddcf3e6e', 'context': [<snowplow_tracker.self_describing_json.SelfDescribingJson object at 0xffff8fdd1d30>]}
[0m15:54:24.332703 [debug] [MainThread]: Sending event: {'category': 'dbt', 'action': 'adapter_info', 'label': '51506ee2-c1ea-4049-97d9-5b42ddcf3e6e', 'context': [<snowplow_tracker.self_describing_json.SelfDescribingJson object at 0xffff7b47ba10>]}
[0m15:54:24.333591 [info ] [MainThread]: Registered adapter: databricks=1.11.4
[0m15:54:24.471380 [warn ] [MainThread]: [[33mWARNING[0m]: Use managed Iceberg tables when table_format is iceberg. When this flag is disabled, UniForm is used instead.
You may opt into the new behavior sooner by setting `flags.use_managed_iceberg` to `True` in `dbt_project.yml`.
Visit https://docs.getdbt.com/reference/global-configs/behavior-changes for more information.
[0m15:54:24.472953 [debug] [MainThread]: Sending event: {'category': 'dbt', 'action': 'BehaviorChangeEvent', 'label': '51506ee2-c1ea-4049-97d9-5b42ddcf3e6e', 'context': [<snowplow_tracker.self_describing_json.SelfDescribingJson object at 0xffff7a5156a0>]}
[0m15:54:24.486897 [debug] [MainThread]: checksum: 3d40d8bbe1bef07db1c24822f2dbfff8bc07f2a48ed4fe2658a40653aec0b54b, vars: {}, profile: , target: , version: 1.11.2
[0m15:54:24.625942 [debug] [MainThread]: Partial parsing enabled: 0 files deleted, 0 files added, 2 files changed.
[0m15:54:24.627234 [debug] [MainThread]: Partial parsing: updated file: wanderbricks://models/datamarts/schema.yml
[0m15:54:24.628329 [debug] [MainThread]: Partial parsing: updated file: wanderbricks://models/datamarts/dm_monthly_bookings.sql
[0m15:54:24.885781 [debug] [MainThread]: Sending event: {'category': 'dbt', 'action': 'load_project', 'label': '51506ee2-c1ea-4049-97d9-5b42ddcf3e6e', 'context': [<snowplow_tracker.self_describing_json.SelfDescribingJson object at 0xffff7968cfb0>]}
[0m15:54:25.085749 [debug] [MainThread]: Wrote artifact WritableManifest to /opt/airflow/dbt/target/manifest.json
[0m15:54:25.088782 [debug] [MainThread]: Wrote artifact SemanticManifest to /opt/airflow/dbt/target/semantic_manifest.json
[0m15:54:25.108381 [debug] [MainThread]: Sending event: {'category': 'dbt', 'action': 'resource_counts', 'label': '51506ee2-c1ea-4049-97d9-5b42ddcf3e6e', 'context': [<snowplow_tracker.self_describing_json.SelfDescribingJson object at 0xffff7a3050d0>]}
[0m15:54:25.108898 [info ] [MainThread]: Found 7 models, 20 data tests, 3 sources, 731 macros
[0m15:54:25.110464 [debug] [MainThread]: Sending event: {'category': 'dbt', 'action': 'runnable_timing', 'label': '51506ee2-c1ea-4049-97d9-5b42ddcf3e6e', 'context': [<snowplow_tracker.self_describing_json.SelfDescribingJson object at 0xffff7d4f9ac0>]}
[0m15:54:25.112315 [info ] [MainThread]: 
[0m15:54:25.112825 [info ] [MainThread]: Concurrency: 4 threads (target='dev')
[0m15:54:25.113221 [info ] [MainThread]: 
[0m15:54:25.114044 [debug] [MainThread]: Databricks adapter: DatabricksDBTConnection(session-id=None, name=master) - Creating connection
[0m15:54:25.114380 [debug] [MainThread]: Acquiring new databricks connection 'master'
[0m15:54:25.119472 [debug] [ThreadPool]: Databricks adapter: DatabricksDBTConnection(session-id=None, name=list_lakehouse) - Creating connection
[0m15:54:25.119975 [debug] [ThreadPool]: Databricks adapter: DatabricksDBTConnection(session-id=None, name=list_lakehouse) - Creating connection
[0m15:54:25.120375 [debug] [ThreadPool]: Acquiring new databricks connection 'list_lakehouse'
[0m15:54:25.120947 [debug] [ThreadPool]: Databricks adapter: DatabricksDBTConnection(session-id=None, name=list_lakehouse) - Creating connection
[0m15:54:25.121418 [debug] [ThreadPool]: Acquiring new databricks connection 'list_lakehouse'
[0m15:54:25.129059 [debug] [ThreadPool]: Using databricks connection "list_lakehouse"
[0m15:54:25.129761 [debug] [ThreadPool]: Acquiring new databricks connection 'list_lakehouse'
[0m15:54:25.131533 [debug] [ThreadPool]: Using databricks connection "list_lakehouse"
[0m15:54:25.132041 [debug] [ThreadPool]: On list_lakehouse: /* {"app": "dbt", "dbt_version": "1.11.2", "dbt_databricks_version": "1.11.4", "databricks_sql_connector_version": "4.1.3", "profile_name": "wanderbricks", "target_name": "dev", "connection_name": "list_lakehouse"} */

    

  SHOW SCHEMAS IN `lakehouse`


  
[0m15:54:25.133864 [debug] [ThreadPool]: Using databricks connection "list_lakehouse"
[0m15:54:25.134281 [debug] [ThreadPool]: On list_lakehouse: /* {"app": "dbt", "dbt_version": "1.11.2", "dbt_databricks_version": "1.11.4", "databricks_sql_connector_version": "4.1.3", "profile_name": "wanderbricks", "target_name": "dev", "connection_name": "list_lakehouse"} */

    

  SHOW SCHEMAS IN `lakehouse`


  
[0m15:54:25.134680 [debug] [ThreadPool]: Opening a new connection, currently in state init
[0m15:54:25.135109 [debug] [ThreadPool]: On list_lakehouse: /* {"app": "dbt", "dbt_version": "1.11.2", "dbt_databricks_version": "1.11.4", "databricks_sql_connector_version": "4.1.3", "profile_name": "wanderbricks", "target_name": "dev", "connection_name": "list_lakehouse"} */

    

  SHOW SCHEMAS IN `lakehouse`


  
[0m15:54:25.135497 [debug] [ThreadPool]: Opening a new connection, currently in state init
[0m15:54:25.136159 [debug] [ThreadPool]: Opening a new connection, currently in state init
[0m15:54:25.586113 [debug] [ThreadPool]: Databricks adapter: Connection(session-id=01f0f098-22a3-1aad-b188-4af4912076da) - Created
[0m15:54:25.586531 [debug] [ThreadPool]: Databricks adapter: Connection(session-id=01f0f098-22a3-19ed-b9fe-aaee3a4ff989) - Created
[0m15:54:25.591982 [debug] [ThreadPool]: Databricks adapter: Connection(session-id=01f0f098-22a4-12d3-be64-cd50c9171425) - Created
[0m15:54:25.895117 [debug] [ThreadPool]: SQL status: OK in 0.760 seconds
[0m15:54:25.902371 [debug] [ThreadPool]: Databricks adapter: Cursor(session-id=01f0f098-22a4-12d3-be64-cd50c9171425, command-id=01f0f098-22af-10c2-9f46-8e01740f93e1) - Closing
[0m15:54:25.903321 [debug] [ThreadPool]: On list_lakehouse: Close
[0m15:54:25.904272 [debug] [ThreadPool]: Databricks adapter: Connection(session-id=01f0f098-22a4-12d3-be64-cd50c9171425) - Closing
[0m15:54:25.924653 [debug] [ThreadPool]: SQL status: OK in 0.790 seconds
[0m15:54:25.926951 [debug] [ThreadPool]: Databricks adapter: Cursor(session-id=01f0f098-22a3-1aad-b188-4af4912076da, command-id=01f0f098-22af-1074-be4a-c767610e3e80) - Closing
[0m15:54:25.937338 [debug] [ThreadPool]: SQL status: OK in 0.800 seconds
[0m15:54:25.943093 [debug] [ThreadPool]: Databricks adapter: Cursor(session-id=01f0f098-22a3-19ed-b9fe-aaee3a4ff989, command-id=01f0f098-22ae-1c97-bca4-483879f9b62c) - Closing
[0m15:54:26.004493 [debug] [ThreadPool]: On list_lakehouse: Close
[0m15:54:26.005298 [debug] [ThreadPool]: Databricks adapter: Connection(session-id=01f0f098-22a3-1aad-b188-4af4912076da) - Closing
[0m15:54:26.104039 [debug] [ThreadPool]: On list_lakehouse: Close
[0m15:54:26.104787 [debug] [ThreadPool]: Databricks adapter: Connection(session-id=01f0f098-22a3-19ed-b9fe-aaee3a4ff989) - Closing
[0m15:54:26.209507 [debug] [ThreadPool]: Databricks adapter: DatabricksDBTConnection(session-id=None, name=list_lakehouse_dev_star_schema) - Creating connection
[0m15:54:26.210007 [debug] [ThreadPool]: Acquiring new databricks connection 'list_lakehouse_dev_star_schema'
[0m15:54:26.210503 [debug] [ThreadPool]: Databricks adapter: DatabricksDBTConnection(session-id=None, name=list_lakehouse_dev_datamarts) - Creating connection
[0m15:54:26.215090 [debug] [ThreadPool]: Using databricks connection "list_lakehouse_dev_star_schema"
[0m15:54:26.215700 [debug] [ThreadPool]: Databricks adapter: DatabricksDBTConnection(session-id=None, name=list_lakehouse_dev_staging) - Creating connection
[0m15:54:26.215994 [debug] [ThreadPool]: Acquiring new databricks connection 'list_lakehouse_dev_datamarts'
[0m15:54:26.216438 [debug] [ThreadPool]: On list_lakehouse_dev_star_schema: /* {"app": "dbt", "dbt_version": "1.11.2", "dbt_databricks_version": "1.11.4", "databricks_sql_connector_version": "4.1.3", "profile_name": "wanderbricks", "target_name": "dev", "connection_name": "list_lakehouse_dev_star_schema"} */

    
SELECT
  table_name,
  if(table_type IN ('EXTERNAL', 'MANAGED', 'MANAGED_SHALLOW_CLONE', 'EXTERNAL_SHALLOW_CLONE'), 'table', lower(table_type)) AS table_type,
  lower(data_source_format) AS file_format,
  table_owner,
  if(
    table_type IN (
      'EXTERNAL',
      'MANAGED',
      'MANAGED_SHALLOW_CLONE',
      'EXTERNAL_SHALLOW_CLONE'
    ),
    lower(table_type),
    NULL
  ) AS databricks_table_type
FROM `system`.`information_schema`.`tables`
WHERE table_catalog = 'lakehouse' 
  AND table_schema = 'dev_star_schema'

  
[0m15:54:26.216991 [debug] [ThreadPool]: Acquiring new databricks connection 'list_lakehouse_dev_staging'
[0m15:54:26.219376 [debug] [ThreadPool]: Using databricks connection "list_lakehouse_dev_datamarts"
[0m15:54:26.219872 [debug] [ThreadPool]: Opening a new connection, currently in state init
[0m15:54:26.221533 [debug] [ThreadPool]: Using databricks connection "list_lakehouse_dev_staging"
[0m15:54:26.221960 [debug] [ThreadPool]: On list_lakehouse_dev_datamarts: /* {"app": "dbt", "dbt_version": "1.11.2", "dbt_databricks_version": "1.11.4", "databricks_sql_connector_version": "4.1.3", "profile_name": "wanderbricks", "target_name": "dev", "connection_name": "list_lakehouse_dev_datamarts"} */

    
SELECT
  table_name,
  if(table_type IN ('EXTERNAL', 'MANAGED', 'MANAGED_SHALLOW_CLONE', 'EXTERNAL_SHALLOW_CLONE'), 'table', lower(table_type)) AS table_type,
  lower(data_source_format) AS file_format,
  table_owner,
  if(
    table_type IN (
      'EXTERNAL',
      'MANAGED',
      'MANAGED_SHALLOW_CLONE',
      'EXTERNAL_SHALLOW_CLONE'
    ),
    lower(table_type),
    NULL
  ) AS databricks_table_type
FROM `system`.`information_schema`.`tables`
WHERE table_catalog = 'lakehouse' 
  AND table_schema = 'dev_datamarts'

  
[0m15:54:26.225032 [debug] [ThreadPool]: On list_lakehouse_dev_staging: /* {"app": "dbt", "dbt_version": "1.11.2", "dbt_databricks_version": "1.11.4", "databricks_sql_connector_version": "4.1.3", "profile_name": "wanderbricks", "target_name": "dev", "connection_name": "list_lakehouse_dev_staging"} */

    
SELECT
  table_name,
  if(table_type IN ('EXTERNAL', 'MANAGED', 'MANAGED_SHALLOW_CLONE', 'EXTERNAL_SHALLOW_CLONE'), 'table', lower(table_type)) AS table_type,
  lower(data_source_format) AS file_format,
  table_owner,
  if(
    table_type IN (
      'EXTERNAL',
      'MANAGED',
      'MANAGED_SHALLOW_CLONE',
      'EXTERNAL_SHALLOW_CLONE'
    ),
    lower(table_type),
    NULL
  ) AS databricks_table_type
FROM `system`.`information_schema`.`tables`
WHERE table_catalog = 'lakehouse' 
  AND table_schema = 'dev_staging'

  
[0m15:54:26.225459 [debug] [ThreadPool]: Opening a new connection, currently in state init
[0m15:54:26.225818 [debug] [ThreadPool]: Opening a new connection, currently in state init
[0m15:54:26.590057 [debug] [ThreadPool]: Databricks adapter: Connection(session-id=01f0f098-233a-1abe-86ec-695981cb3f94) - Created
[0m15:54:26.595266 [debug] [ThreadPool]: Databricks adapter: Connection(session-id=01f0f098-233a-1abe-b726-3b4278e4522d) - Created
[0m15:54:26.601869 [debug] [ThreadPool]: Databricks adapter: Connection(session-id=01f0f098-233b-11ec-9a34-653cf869e509) - Created
[0m15:54:26.943140 [debug] [ThreadPool]: SQL status: OK in 0.720 seconds
[0m15:54:26.949504 [debug] [ThreadPool]: Databricks adapter: Cursor(session-id=01f0f098-233a-1abe-b726-3b4278e4522d, command-id=01f0f098-2349-1418-8184-90a9c3d674f9) - Closing
[0m15:54:26.950503 [debug] [ThreadPool]: On list_lakehouse_dev_datamarts: Close
[0m15:54:26.950965 [debug] [ThreadPool]: Databricks adapter: Connection(session-id=01f0f098-233a-1abe-b726-3b4278e4522d) - Closing
[0m15:54:27.008104 [debug] [ThreadPool]: SQL status: OK in 0.790 seconds
[0m15:54:27.011574 [debug] [ThreadPool]: Databricks adapter: Cursor(session-id=01f0f098-233b-11ec-9a34-653cf869e509, command-id=01f0f098-234a-1180-9f6f-d6e1c0bac80d) - Closing
[0m15:54:27.026317 [debug] [ThreadPool]: SQL status: OK in 0.800 seconds
[0m15:54:27.028572 [debug] [ThreadPool]: Databricks adapter: Cursor(session-id=01f0f098-233a-1abe-86ec-695981cb3f94, command-id=01f0f098-2348-1dfd-b5d9-2b84a7ceb240) - Closing
[0m15:54:27.052595 [debug] [ThreadPool]: On list_lakehouse_dev_star_schema: Close
[0m15:54:27.053250 [debug] [ThreadPool]: Databricks adapter: Connection(session-id=01f0f098-233b-11ec-9a34-653cf869e509) - Closing
[0m15:54:27.188053 [debug] [ThreadPool]: On list_lakehouse_dev_staging: Close
[0m15:54:27.189329 [debug] [ThreadPool]: Databricks adapter: Connection(session-id=01f0f098-233a-1abe-86ec-695981cb3f94) - Closing
[0m15:54:27.303866 [debug] [MainThread]: Sending event: {'category': 'dbt', 'action': 'runnable_timing', 'label': '51506ee2-c1ea-4049-97d9-5b42ddcf3e6e', 'context': [<snowplow_tracker.self_describing_json.SelfDescribingJson object at 0xffff7a02e480>]}
[0m15:54:27.313656 [debug] [Thread-3 (]: Began running node model.wanderbricks.stg_bookings
[0m15:54:27.314362 [debug] [Thread-4 (]: Began running node model.wanderbricks.stg_properties
[0m15:54:27.315048 [debug] [Thread-5 (]: Began running node model.wanderbricks.stg_users
[0m15:54:27.315737 [info ] [Thread-3 (]: 1 of 7 START sql view model dev_staging.stg_bookings ........................... [RUN]
[0m15:54:27.316470 [info ] [Thread-4 (]: 2 of 7 START sql view model dev_staging.stg_properties ......................... [RUN]
[0m15:54:27.317157 [info ] [Thread-5 (]: 3 of 7 START sql view model dev_staging.stg_users .............................. [RUN]
[0m15:54:27.319536 [debug] [Thread-3 (]: Databricks adapter: DatabricksDBTConnection(session-id=None, name=model.wanderbricks.stg_bookings) - Creating connection
[0m15:54:27.320902 [debug] [Thread-4 (]: Databricks adapter: DatabricksDBTConnection(session-id=None, name=model.wanderbricks.stg_properties) - Creating connection
[0m15:54:27.322047 [debug] [Thread-5 (]: Databricks adapter: DatabricksDBTConnection(session-id=None, name=model.wanderbricks.stg_users) - Creating connection
[0m15:54:27.322707 [debug] [Thread-3 (]: Acquiring new databricks connection 'model.wanderbricks.stg_bookings'
[0m15:54:27.323295 [debug] [Thread-4 (]: Acquiring new databricks connection 'model.wanderbricks.stg_properties'
[0m15:54:27.323916 [debug] [Thread-5 (]: Acquiring new databricks connection 'model.wanderbricks.stg_users'
[0m15:54:27.324813 [debug] [Thread-3 (]: Began compiling node model.wanderbricks.stg_bookings
[0m15:54:27.325598 [debug] [Thread-4 (]: Began compiling node model.wanderbricks.stg_properties
[0m15:54:27.326343 [debug] [Thread-5 (]: Began compiling node model.wanderbricks.stg_users
[0m15:54:27.344046 [debug] [Thread-4 (]: Writing injected SQL for node "model.wanderbricks.stg_properties"
[0m15:54:27.354329 [debug] [Thread-5 (]: Writing injected SQL for node "model.wanderbricks.stg_users"
[0m15:54:27.364827 [debug] [Thread-3 (]: Writing injected SQL for node "model.wanderbricks.stg_bookings"
[0m15:54:27.368555 [debug] [Thread-4 (]: Began executing node model.wanderbricks.stg_properties
[0m15:54:27.369103 [debug] [Thread-5 (]: Began executing node model.wanderbricks.stg_users
[0m15:54:27.369369 [debug] [Thread-3 (]: Began executing node model.wanderbricks.stg_bookings
[0m15:54:27.378848 [debug] [Thread-4 (]: MATERIALIZING VIEW
[0m15:54:27.380587 [debug] [Thread-5 (]: MATERIALIZING VIEW
[0m15:54:27.382242 [debug] [Thread-3 (]: MATERIALIZING VIEW
[0m15:54:27.384095 [warn ] [Thread-4 (]: [[33mWARNING[0m]: Use revamped materializations based on separating create and insert.  This allows more performant column comments, as well as new column features.
You may opt into the new behavior sooner by setting `flags.use_materialization_v2` to `True` in `dbt_project.yml`.
Visit https://docs.getdbt.com/reference/global-configs/behavior-changes for more information.
[0m15:54:27.384697 [warn ] [Thread-5 (]: [[33mWARNING[0m]: Use revamped materializations based on separating create and insert.  This allows more performant column comments, as well as new column features.
You may opt into the new behavior sooner by setting `flags.use_materialization_v2` to `True` in `dbt_project.yml`.
Visit https://docs.getdbt.com/reference/global-configs/behavior-changes for more information.
[0m15:54:27.385358 [warn ] [Thread-3 (]: [[33mWARNING[0m]: Use revamped materializations based on separating create and insert.  This allows more performant column comments, as well as new column features.
You may opt into the new behavior sooner by setting `flags.use_materialization_v2` to `True` in `dbt_project.yml`.
Visit https://docs.getdbt.com/reference/global-configs/behavior-changes for more information.
[0m15:54:27.386112 [debug] [Thread-4 (]: Sending event: {'category': 'dbt', 'action': 'BehaviorChangeEvent', 'label': '51506ee2-c1ea-4049-97d9-5b42ddcf3e6e', 'context': [<snowplow_tracker.self_describing_json.SelfDescribingJson object at 0xffff7a183680>]}
[0m15:54:27.386655 [debug] [Thread-5 (]: Sending event: {'category': 'dbt', 'action': 'BehaviorChangeEvent', 'label': '51506ee2-c1ea-4049-97d9-5b42ddcf3e6e', 'context': [<snowplow_tracker.self_describing_json.SelfDescribingJson object at 0xffff7a182b40>]}
[0m15:54:27.387318 [debug] [Thread-3 (]: Sending event: {'category': 'dbt', 'action': 'BehaviorChangeEvent', 'label': '51506ee2-c1ea-4049-97d9-5b42ddcf3e6e', 'context': [<snowplow_tracker.self_describing_json.SelfDescribingJson object at 0xffff7a182e10>]}
[0m15:54:27.401353 [debug] [Thread-5 (]: Creating view `lakehouse`.`dev_staging`.`stg_users`
[0m15:54:27.402364 [debug] [Thread-4 (]: Creating view `lakehouse`.`dev_staging`.`stg_properties`
[0m15:54:27.403126 [debug] [Thread-3 (]: Creating view `lakehouse`.`dev_staging`.`stg_bookings`
[0m15:54:27.411518 [debug] [Thread-5 (]: Writing runtime sql for node "model.wanderbricks.stg_users"
[0m15:54:27.412198 [debug] [Thread-4 (]: Writing runtime sql for node "model.wanderbricks.stg_properties"
[0m15:54:27.412998 [debug] [Thread-3 (]: Writing runtime sql for node "model.wanderbricks.stg_bookings"
[0m15:54:27.415594 [debug] [Thread-5 (]: Using databricks connection "model.wanderbricks.stg_users"
[0m15:54:27.416181 [debug] [Thread-5 (]: On model.wanderbricks.stg_users: /* {"app": "dbt", "dbt_version": "1.11.2", "dbt_databricks_version": "1.11.4", "databricks_sql_connector_version": "4.1.3", "profile_name": "wanderbricks", "target_name": "dev", "node_id": "model.wanderbricks.stg_users"} */

  
  
  create or replace view `lakehouse`.`dev_staging`.`stg_users`
  
  as (
    with source as (
    select * from `wanderbricks`.`raw_data`.`users`
),

renamed as (
    select
        user_id,
        email,
        name,
        country,
        user_type,
        created_at,
        is_business,
        company_name
    from source
)

select * from renamed
  )

[0m15:54:27.416483 [debug] [Thread-3 (]: Using databricks connection "model.wanderbricks.stg_bookings"
[0m15:54:27.416765 [debug] [Thread-4 (]: Using databricks connection "model.wanderbricks.stg_properties"
[0m15:54:27.417276 [debug] [Thread-5 (]: Opening a new connection, currently in state init
[0m15:54:27.418015 [debug] [Thread-3 (]: On model.wanderbricks.stg_bookings: /* {"app": "dbt", "dbt_version": "1.11.2", "dbt_databricks_version": "1.11.4", "databricks_sql_connector_version": "4.1.3", "profile_name": "wanderbricks", "target_name": "dev", "node_id": "model.wanderbricks.stg_bookings"} */

  
  
  create or replace view `lakehouse`.`dev_staging`.`stg_bookings`
  
  as (
    with source as (
    select * from `wanderbricks`.`raw_data`.`bookings`
),

renamed as (
    select
        booking_id,
        user_id,
        property_id,
        check_in,
        check_out,
        guests_count,
        total_amount,
        status,
        created_at,
        updated_at
    from source
)

select * from renamed
  )

[0m15:54:27.418681 [debug] [Thread-4 (]: On model.wanderbricks.stg_properties: /* {"app": "dbt", "dbt_version": "1.11.2", "dbt_databricks_version": "1.11.4", "databricks_sql_connector_version": "4.1.3", "profile_name": "wanderbricks", "target_name": "dev", "node_id": "model.wanderbricks.stg_properties"} */

  
  
  create or replace view `lakehouse`.`dev_staging`.`stg_properties`
  
  as (
    with source as (
    select * from `wanderbricks`.`raw_data`.`properties`
),

renamed as (
    select
        property_id,
        host_id,
        destination_id,
        title,
        description,
        base_price,
        property_type,
        max_guests,
        bedrooms,
        bathrooms,
        property_latitude,
        property_longitude,
        created_at
    from source
)

select * from renamed
  )

[0m15:54:27.422105 [debug] [Thread-3 (]: Opening a new connection, currently in state init
[0m15:54:27.424057 [debug] [Thread-4 (]: Opening a new connection, currently in state init
[0m15:54:27.807775 [debug] [Thread-5 (]: Databricks adapter: Connection(session-id=01f0f098-23f5-1ba9-afe4-c59cd6eb00a8) - Created
[0m15:54:27.814363 [debug] [Thread-3 (]: Databricks adapter: Connection(session-id=01f0f098-23f6-10e8-b8a3-4df723dd9833) - Created
[0m15:54:27.815169 [debug] [Thread-4 (]: Databricks adapter: Connection(session-id=01f0f098-23f6-1130-b1ca-b569eab172b0) - Created
[0m15:54:28.163137 [debug] [Thread-5 (]: Databricks adapter: Exception while trying to execute query
/* {"app": "dbt", "dbt_version": "1.11.2", "dbt_databricks_version": "1.11.4", "databricks_sql_connector_version": "4.1.3", "profile_name": "wanderbricks", "target_name": "dev", "node_id": "model.wanderbricks.stg_users"} */

  
  
  create or replace view `lakehouse`.`dev_staging`.`stg_users`
  
  as (
    with source as (
    select * from `wanderbricks`.`raw_data`.`users`
),

renamed as (
    select
        user_id,
        email,
        name,
        country,
        user_type,
        created_at,
        is_business,
        company_name
    from source
)

select * from renamed
  )

: [TABLE_OR_VIEW_NOT_FOUND] The table or view `wanderbricks`.`raw_data`.`users` cannot be found. Verify the spelling and correctness of the schema and catalog.
If you did not qualify the name with a schema, verify the current_schema() output, or qualify the name with the correct schema and catalog.
To tolerate the error on drop use DROP VIEW IF EXISTS or DROP TABLE IF EXISTS. SQLSTATE: 42P01; line 9 pos 18
Error properties: diagnostic-info=org.apache.hive.service.cli.HiveSQLException: Error running query: [TABLE_OR_VIEW_NOT_FOUND] org.apache.spark.sql.catalyst.ExtendedAnalysisException: [TABLE_OR_VIEW_NOT_FOUND] The table or view `wanderbricks`.`raw_data`.`users` cannot be found. Verify the spelling and correctness of the schema and catalog.
If you did not qualify the name with a schema, verify the current_schema() output, or qualify the name with the correct schema and catalog.
To tolerate the error on drop use DROP VIEW IF EXISTS or DROP TABLE IF EXISTS. SQLSTATE: 42P01; line 9 pos 18
	at org.apache.spark.sql.hive.thriftserver.HiveThriftServerErrors$.runningQueryError(HiveThriftServerErrors.scala:49)
	at org.apache.spark.sql.hive.thriftserver.SparkExecuteStatementOperation.$anonfun$execute$1(SparkExecuteStatementOperation.scala:1050)
	at scala.runtime.java8.JFunction0$mcV$sp.apply(JFunction0$mcV$sp.scala:18)
	at com.databricks.unity.UCSEphemeralState$Handle.runWith(UCSEphemeralState.scala:51)
	at com.databricks.unity.HandleImpl.runWith(UCSHandle.scala:104)
	at org.apache.spark.sql.hive.thriftserver.SparkExecuteStatementOperation.org$apache$spark$sql$hive$thriftserver$SparkExecuteStatementOperation$$execute(SparkExecuteStatementOperation.scala:787)
	at org.apache.spark.sql.hive.thriftserver.SparkExecuteStatementOperation$$anon$2$$anon$3.$anonfun$run$5(SparkExecuteStatementOperation.scala:578)
	at scala.runtime.java8.JFunction0$mcV$sp.apply(JFunction0$mcV$sp.scala:18)
	at org.apache.spark.sql.execution.SQLExecution$.withRootExecution(SQLExecution.scala:869)
	at org.apache.spark.sql.hive.thriftserver.SparkExecuteStatementOperation$$anon$2$$anon$3.$anonfun$run$2(SparkExecuteStatementOperation.scala:578)
	at scala.runtime.java8.JFunction0$mcV$sp.apply(JFunction0$mcV$sp.scala:18)
	at com.databricks.logging.AttributionContextTracing.$anonfun$withAttributionContext$1(AttributionContextTracing.scala:80)
	at com.databricks.logging.AttributionContext$.$anonfun$withValue$1(AttributionContext.scala:348)
	at scala.util.DynamicVariable.withValue(DynamicVariable.scala:59)
	at com.databricks.logging.AttributionContext$.withValue(AttributionContext.scala:344)
	at com.databricks.logging.AttributionContextTracing.withAttributionContext(AttributionContextTracing.scala:78)
	at com.databricks.logging.AttributionContextTracing.withAttributionContext$(AttributionContextTracing.scala:75)
	at com.databricks.spark.util.DatabricksTracingHelper.withAttributionContext(DatabricksSparkTracingHelper.scala:62)
	at com.databricks.spark.util.DatabricksTracingHelper.withSpanFromRequest(DatabricksSparkTracingHelper.scala:89)
	at com.databricks.spark.util.DBRTracing$.withSpanFromRequest(DBRTracing.scala:43)
	at org.apache.spark.sql.hive.thriftserver.ThriftLocalProperties.$anonfun$withLocalProperties$15(ThriftLocalProperties.scala:238)
	at com.databricks.logging.AttributionContextTracing.$anonfun$withAttributionContext$1(AttributionContextTracing.scala:80)
	at com.databricks.logging.AttributionContext$.$anonfun$withValue$1(AttributionContext.scala:348)
	at scala.util.DynamicVariable.withValue(DynamicVariable.scala:59)
	at com.databricks.logging.AttributionContext$.withValue(AttributionContext.scala:344)
	at com.databricks.logging.AttributionContextTracing.withAttributionContext(AttributionContextTracing.scala:78)
	at com.databricks.logging.AttributionContextTracing.withAttributionContext$(AttributionContextTracing.scala:75)
	at com.databricks.spark.util.PublicDBLogging.withAttributionContext(DatabricksSparkUsageLogger.scala:29)
	at com.databricks.logging.AttributionContextTracing.withAttributionTags(AttributionContextTracing.scala:127)
	at com.databricks.logging.AttributionContextTracing.withAttributionTags$(AttributionContextTracing.scala:108)
	at com.databricks.spark.util.PublicDBLogging.withAttributionTags(DatabricksSparkUsageLogger.scala:29)
	at com.databricks.spark.util.PublicDBLogging.withAttributionTags0(DatabricksSparkUsageLogger.scala:108)
	at com.databricks.spark.util.DatabricksSparkUsageLogger.withAttributionTags(DatabricksSparkUsageLogger.scala:216)
	at com.databricks.spark.util.UsageLogging.$anonfun$withAttributionTags$1(UsageLogger.scala:668)
	at com.databricks.spark.util.UsageLogging$.withAttributionTags(UsageLogger.scala:780)
	at com.databricks.spark.util.UsageLogging$.withAttributionTags(UsageLogger.scala:789)
	at com.databricks.spark.util.UsageLogging.withAttributionTags(UsageLogger.scala:668)
	at com.databricks.spark.util.UsageLogging.withAttributionTags$(UsageLogger.scala:666)
	at org.apache.spark.sql.hive.thriftserver.SparkExecuteStatementOperation.withAttributionTags(SparkExecuteStatementOperation.scala:76)
	at org.apache.spark.sql.hive.thriftserver.ThriftLocalProperties.$anonfun$withLocalProperties$12(ThriftLocalProperties.scala:233)
	at com.databricks.spark.util.IdentityClaim$.withClaim(IdentityClaim.scala:48)
	at org.apache.spark.sql.hive.thriftserver.ThriftLocalProperties.withLocalProperties(ThriftLocalProperties.scala:229)
	at org.apache.spark.sql.hive.thriftserver.ThriftLocalProperties.withLocalProperties$(ThriftLocalProperties.scala:89)
	at org.apache.spark.sql.hive.thriftserver.SparkExecuteStatementOperation.withLocalProperties(SparkExecuteStatementOperation.scala:76)
	at org.apache.spark.sql.hive.thriftserver.SparkExecuteStatementOperation$$anon$2$$anon$3.run(SparkExecuteStatementOperation.scala:555)
	at org.apache.spark.sql.hive.thriftserver.SparkExecuteStatementOperation$$anon$2$$anon$3.run(SparkExecuteStatementOperation.scala:541)
	at java.base/java.security.AccessController.doPrivileged(AccessController.java:712)
	at java.base/javax.security.auth.Subject.doAs(Subject.java:439)
	at org.apache.hadoop.security.UserGroupInformation.doAs(UserGroupInformation.java:1953)
	at org.apache.spark.sql.hive.thriftserver.SparkExecuteStatementOperation$$anon$2.run(SparkExecuteStatementOperation.scala:591)
	at java.base/java.util.concurrent.Executors$RunnableAdapter.call(Executors.java:539)
	at java.base/java.util.concurrent.FutureTask.run(FutureTask.java:264)
	at java.base/java.util.concurrent.ThreadPoolExecutor.runWorker(ThreadPoolExecutor.java:1136)
	at java.base/java.util.concurrent.ThreadPoolExecutor$Worker.run(ThreadPoolExecutor.java:635)
	at java.base/java.lang.Thread.run(Thread.java:840)
Caused by: org.apache.spark.sql.catalyst.ExtendedAnalysisException: [TABLE_OR_VIEW_NOT_FOUND] The table or view `wanderbricks`.`raw_data`.`users` cannot be found. Verify the spelling and correctness of the schema and catalog.
If you did not qualify the name with a schema, verify the current_schema() output, or qualify the name with the correct schema and catalog.
To tolerate the error on drop use DROP VIEW IF EXISTS or DROP TABLE IF EXISTS. SQLSTATE: 42P01; line 9 pos 18
	at org.apache.spark.sql.catalyst.ExtendedAnalysisException.copyPlan(ExtendedAnalysisException.scala:96)
	at org.apache.spark.sql.hive.thriftserver.SparkExecuteStatementOperation.$anonfun$execute$1(SparkExecuteStatementOperation.scala:1011)
	... 53 more
, operation-id=01f0f098-2401-19a6-bd42-acb033ee9dbb
[0m15:54:28.165706 [debug] [Thread-5 (]: On model.wanderbricks.stg_users: Close
[0m15:54:28.167030 [debug] [Thread-5 (]: Databricks adapter: Connection(session-id=01f0f098-23f5-1ba9-afe4-c59cd6eb00a8) - Closing
[0m15:54:28.213750 [debug] [Thread-4 (]: Databricks adapter: Exception while trying to execute query
/* {"app": "dbt", "dbt_version": "1.11.2", "dbt_databricks_version": "1.11.4", "databricks_sql_connector_version": "4.1.3", "profile_name": "wanderbricks", "target_name": "dev", "node_id": "model.wanderbricks.stg_properties"} */

  
  
  create or replace view `lakehouse`.`dev_staging`.`stg_properties`
  
  as (
    with source as (
    select * from `wanderbricks`.`raw_data`.`properties`
),

renamed as (
    select
        property_id,
        host_id,
        destination_id,
        title,
        description,
        base_price,
        property_type,
        max_guests,
        bedrooms,
        bathrooms,
        property_latitude,
        property_longitude,
        created_at
    from source
)

select * from renamed
  )

: [TABLE_OR_VIEW_NOT_FOUND] The table or view `wanderbricks`.`raw_data`.`properties` cannot be found. Verify the spelling and correctness of the schema and catalog.
If you did not qualify the name with a schema, verify the current_schema() output, or qualify the name with the correct schema and catalog.
To tolerate the error on drop use DROP VIEW IF EXISTS or DROP TABLE IF EXISTS. SQLSTATE: 42P01; line 9 pos 18
Error properties: diagnostic-info=org.apache.hive.service.cli.HiveSQLException: Error running query: [TABLE_OR_VIEW_NOT_FOUND] org.apache.spark.sql.catalyst.ExtendedAnalysisException: [TABLE_OR_VIEW_NOT_FOUND] The table or view `wanderbricks`.`raw_data`.`properties` cannot be found. Verify the spelling and correctness of the schema and catalog.
If you did not qualify the name with a schema, verify the current_schema() output, or qualify the name with the correct schema and catalog.
To tolerate the error on drop use DROP VIEW IF EXISTS or DROP TABLE IF EXISTS. SQLSTATE: 42P01; line 9 pos 18
	at org.apache.spark.sql.hive.thriftserver.HiveThriftServerErrors$.runningQueryError(HiveThriftServerErrors.scala:49)
	at org.apache.spark.sql.hive.thriftserver.SparkExecuteStatementOperation.$anonfun$execute$1(SparkExecuteStatementOperation.scala:1050)
	at scala.runtime.java8.JFunction0$mcV$sp.apply(JFunction0$mcV$sp.scala:18)
	at com.databricks.unity.UCSEphemeralState$Handle.runWith(UCSEphemeralState.scala:51)
	at com.databricks.unity.HandleImpl.runWith(UCSHandle.scala:104)
	at org.apache.spark.sql.hive.thriftserver.SparkExecuteStatementOperation.org$apache$spark$sql$hive$thriftserver$SparkExecuteStatementOperation$$execute(SparkExecuteStatementOperation.scala:787)
	at org.apache.spark.sql.hive.thriftserver.SparkExecuteStatementOperation$$anon$2$$anon$3.$anonfun$run$5(SparkExecuteStatementOperation.scala:578)
	at scala.runtime.java8.JFunction0$mcV$sp.apply(JFunction0$mcV$sp.scala:18)
	at org.apache.spark.sql.execution.SQLExecution$.withRootExecution(SQLExecution.scala:869)
	at org.apache.spark.sql.hive.thriftserver.SparkExecuteStatementOperation$$anon$2$$anon$3.$anonfun$run$2(SparkExecuteStatementOperation.scala:578)
	at scala.runtime.java8.JFunction0$mcV$sp.apply(JFunction0$mcV$sp.scala:18)
	at com.databricks.logging.AttributionContextTracing.$anonfun$withAttributionContext$1(AttributionContextTracing.scala:80)
	at com.databricks.logging.AttributionContext$.$anonfun$withValue$1(AttributionContext.scala:348)
	at scala.util.DynamicVariable.withValue(DynamicVariable.scala:59)
	at com.databricks.logging.AttributionContext$.withValue(AttributionContext.scala:344)
	at com.databricks.logging.AttributionContextTracing.withAttributionContext(AttributionContextTracing.scala:78)
	at com.databricks.logging.AttributionContextTracing.withAttributionContext$(AttributionContextTracing.scala:75)
	at com.databricks.spark.util.DatabricksTracingHelper.withAttributionContext(DatabricksSparkTracingHelper.scala:62)
	at com.databricks.spark.util.DatabricksTracingHelper.withSpanFromRequest(DatabricksSparkTracingHelper.scala:89)
	at com.databricks.spark.util.DBRTracing$.withSpanFromRequest(DBRTracing.scala:43)
	at org.apache.spark.sql.hive.thriftserver.ThriftLocalProperties.$anonfun$withLocalProperties$15(ThriftLocalProperties.scala:238)
	at com.databricks.logging.AttributionContextTracing.$anonfun$withAttributionContext$1(AttributionContextTracing.scala:80)
	at com.databricks.logging.AttributionContext$.$anonfun$withValue$1(AttributionContext.scala:348)
	at scala.util.DynamicVariable.withValue(DynamicVariable.scala:59)
	at com.databricks.logging.AttributionContext$.withValue(AttributionContext.scala:344)
	at com.databricks.logging.AttributionContextTracing.withAttributionContext(AttributionContextTracing.scala:78)
	at com.databricks.logging.AttributionContextTracing.withAttributionContext$(AttributionContextTracing.scala:75)
	at com.databricks.spark.util.PublicDBLogging.withAttributionContext(DatabricksSparkUsageLogger.scala:29)
	at com.databricks.logging.AttributionContextTracing.withAttributionTags(AttributionContextTracing.scala:127)
	at com.databricks.logging.AttributionContextTracing.withAttributionTags$(AttributionContextTracing.scala:108)
	at com.databricks.spark.util.PublicDBLogging.withAttributionTags(DatabricksSparkUsageLogger.scala:29)
	at com.databricks.spark.util.PublicDBLogging.withAttributionTags0(DatabricksSparkUsageLogger.scala:108)
	at com.databricks.spark.util.DatabricksSparkUsageLogger.withAttributionTags(DatabricksSparkUsageLogger.scala:216)
	at com.databricks.spark.util.UsageLogging.$anonfun$withAttributionTags$1(UsageLogger.scala:668)
	at com.databricks.spark.util.UsageLogging$.withAttributionTags(UsageLogger.scala:780)
	at com.databricks.spark.util.UsageLogging$.withAttributionTags(UsageLogger.scala:789)
	at com.databricks.spark.util.UsageLogging.withAttributionTags(UsageLogger.scala:668)
	at com.databricks.spark.util.UsageLogging.withAttributionTags$(UsageLogger.scala:666)
	at org.apache.spark.sql.hive.thriftserver.SparkExecuteStatementOperation.withAttributionTags(SparkExecuteStatementOperation.scala:76)
	at org.apache.spark.sql.hive.thriftserver.ThriftLocalProperties.$anonfun$withLocalProperties$12(ThriftLocalProperties.scala:233)
	at com.databricks.spark.util.IdentityClaim$.withClaim(IdentityClaim.scala:48)
	at org.apache.spark.sql.hive.thriftserver.ThriftLocalProperties.withLocalProperties(ThriftLocalProperties.scala:229)
	at org.apache.spark.sql.hive.thriftserver.ThriftLocalProperties.withLocalProperties$(ThriftLocalProperties.scala:89)
	at org.apache.spark.sql.hive.thriftserver.SparkExecuteStatementOperation.withLocalProperties(SparkExecuteStatementOperation.scala:76)
	at org.apache.spark.sql.hive.thriftserver.SparkExecuteStatementOperation$$anon$2$$anon$3.run(SparkExecuteStatementOperation.scala:555)
	at org.apache.spark.sql.hive.thriftserver.SparkExecuteStatementOperation$$anon$2$$anon$3.run(SparkExecuteStatementOperation.scala:541)
	at java.base/java.security.AccessController.doPrivileged(AccessController.java:712)
	at java.base/javax.security.auth.Subject.doAs(Subject.java:439)
	at org.apache.hadoop.security.UserGroupInformation.doAs(UserGroupInformation.java:1953)
	at org.apache.spark.sql.hive.thriftserver.SparkExecuteStatementOperation$$anon$2.run(SparkExecuteStatementOperation.scala:591)
	at java.base/java.util.concurrent.Executors$RunnableAdapter.call(Executors.java:539)
	at java.base/java.util.concurrent.FutureTask.run(FutureTask.java:264)
	at java.base/java.util.concurrent.ThreadPoolExecutor.runWorker(ThreadPoolExecutor.java:1136)
	at java.base/java.util.concurrent.ThreadPoolExecutor$Worker.run(ThreadPoolExecutor.java:635)
	at java.base/java.lang.Thread.run(Thread.java:840)
Caused by: org.apache.spark.sql.catalyst.ExtendedAnalysisException: [TABLE_OR_VIEW_NOT_FOUND] The table or view `wanderbricks`.`raw_data`.`properties` cannot be found. Verify the spelling and correctness of the schema and catalog.
If you did not qualify the name with a schema, verify the current_schema() output, or qualify the name with the correct schema and catalog.
To tolerate the error on drop use DROP VIEW IF EXISTS or DROP TABLE IF EXISTS. SQLSTATE: 42P01; line 9 pos 18
	at org.apache.spark.sql.catalyst.ExtendedAnalysisException.copyPlan(ExtendedAnalysisException.scala:96)
	at org.apache.spark.sql.hive.thriftserver.SparkExecuteStatementOperation.$anonfun$execute$1(SparkExecuteStatementOperation.scala:1011)
	... 53 more
, operation-id=01f0f098-2402-1c57-bf5b-066dfe26e9c3
[0m15:54:28.259120 [debug] [Thread-3 (]: Databricks adapter: Exception while trying to execute query
/* {"app": "dbt", "dbt_version": "1.11.2", "dbt_databricks_version": "1.11.4", "databricks_sql_connector_version": "4.1.3", "profile_name": "wanderbricks", "target_name": "dev", "node_id": "model.wanderbricks.stg_bookings"} */

  
  
  create or replace view `lakehouse`.`dev_staging`.`stg_bookings`
  
  as (
    with source as (
    select * from `wanderbricks`.`raw_data`.`bookings`
),

renamed as (
    select
        booking_id,
        user_id,
        property_id,
        check_in,
        check_out,
        guests_count,
        total_amount,
        status,
        created_at,
        updated_at
    from source
)

select * from renamed
  )

: [TABLE_OR_VIEW_NOT_FOUND] The table or view `wanderbricks`.`raw_data`.`bookings` cannot be found. Verify the spelling and correctness of the schema and catalog.
If you did not qualify the name with a schema, verify the current_schema() output, or qualify the name with the correct schema and catalog.
To tolerate the error on drop use DROP VIEW IF EXISTS or DROP TABLE IF EXISTS. SQLSTATE: 42P01; line 9 pos 18
Error properties: diagnostic-info=org.apache.hive.service.cli.HiveSQLException: Error running query: [TABLE_OR_VIEW_NOT_FOUND] org.apache.spark.sql.catalyst.ExtendedAnalysisException: [TABLE_OR_VIEW_NOT_FOUND] The table or view `wanderbricks`.`raw_data`.`bookings` cannot be found. Verify the spelling and correctness of the schema and catalog.
If you did not qualify the name with a schema, verify the current_schema() output, or qualify the name with the correct schema and catalog.
To tolerate the error on drop use DROP VIEW IF EXISTS or DROP TABLE IF EXISTS. SQLSTATE: 42P01; line 9 pos 18
	at org.apache.spark.sql.hive.thriftserver.HiveThriftServerErrors$.runningQueryError(HiveThriftServerErrors.scala:49)
	at org.apache.spark.sql.hive.thriftserver.SparkExecuteStatementOperation.$anonfun$execute$1(SparkExecuteStatementOperation.scala:1050)
	at scala.runtime.java8.JFunction0$mcV$sp.apply(JFunction0$mcV$sp.scala:18)
	at com.databricks.unity.UCSEphemeralState$Handle.runWith(UCSEphemeralState.scala:51)
	at com.databricks.unity.HandleImpl.runWith(UCSHandle.scala:104)
	at org.apache.spark.sql.hive.thriftserver.SparkExecuteStatementOperation.org$apache$spark$sql$hive$thriftserver$SparkExecuteStatementOperation$$execute(SparkExecuteStatementOperation.scala:787)
	at org.apache.spark.sql.hive.thriftserver.SparkExecuteStatementOperation$$anon$2$$anon$3.$anonfun$run$5(SparkExecuteStatementOperation.scala:578)
	at scala.runtime.java8.JFunction0$mcV$sp.apply(JFunction0$mcV$sp.scala:18)
	at org.apache.spark.sql.execution.SQLExecution$.withRootExecution(SQLExecution.scala:869)
	at org.apache.spark.sql.hive.thriftserver.SparkExecuteStatementOperation$$anon$2$$anon$3.$anonfun$run$2(SparkExecuteStatementOperation.scala:578)
	at scala.runtime.java8.JFunction0$mcV$sp.apply(JFunction0$mcV$sp.scala:18)
	at com.databricks.logging.AttributionContextTracing.$anonfun$withAttributionContext$1(AttributionContextTracing.scala:80)
	at com.databricks.logging.AttributionContext$.$anonfun$withValue$1(AttributionContext.scala:348)
	at scala.util.DynamicVariable.withValue(DynamicVariable.scala:59)
	at com.databricks.logging.AttributionContext$.withValue(AttributionContext.scala:344)
	at com.databricks.logging.AttributionContextTracing.withAttributionContext(AttributionContextTracing.scala:78)
	at com.databricks.logging.AttributionContextTracing.withAttributionContext$(AttributionContextTracing.scala:75)
	at com.databricks.spark.util.DatabricksTracingHelper.withAttributionContext(DatabricksSparkTracingHelper.scala:62)
	at com.databricks.spark.util.DatabricksTracingHelper.withSpanFromRequest(DatabricksSparkTracingHelper.scala:89)
	at com.databricks.spark.util.DBRTracing$.withSpanFromRequest(DBRTracing.scala:43)
	at org.apache.spark.sql.hive.thriftserver.ThriftLocalProperties.$anonfun$withLocalProperties$15(ThriftLocalProperties.scala:238)
	at com.databricks.logging.AttributionContextTracing.$anonfun$withAttributionContext$1(AttributionContextTracing.scala:80)
	at com.databricks.logging.AttributionContext$.$anonfun$withValue$1(AttributionContext.scala:348)
	at scala.util.DynamicVariable.withValue(DynamicVariable.scala:59)
	at com.databricks.logging.AttributionContext$.withValue(AttributionContext.scala:344)
	at com.databricks.logging.AttributionContextTracing.withAttributionContext(AttributionContextTracing.scala:78)
	at com.databricks.logging.AttributionContextTracing.withAttributionContext$(AttributionContextTracing.scala:75)
	at com.databricks.spark.util.PublicDBLogging.withAttributionContext(DatabricksSparkUsageLogger.scala:29)
	at com.databricks.logging.AttributionContextTracing.withAttributionTags(AttributionContextTracing.scala:127)
	at com.databricks.logging.AttributionContextTracing.withAttributionTags$(AttributionContextTracing.scala:108)
	at com.databricks.spark.util.PublicDBLogging.withAttributionTags(DatabricksSparkUsageLogger.scala:29)
	at com.databricks.spark.util.PublicDBLogging.withAttributionTags0(DatabricksSparkUsageLogger.scala:108)
	at com.databricks.spark.util.DatabricksSparkUsageLogger.withAttributionTags(DatabricksSparkUsageLogger.scala:216)
	at com.databricks.spark.util.UsageLogging.$anonfun$withAttributionTags$1(UsageLogger.scala:668)
	at com.databricks.spark.util.UsageLogging$.withAttributionTags(UsageLogger.scala:780)
	at com.databricks.spark.util.UsageLogging$.withAttributionTags(UsageLogger.scala:789)
	at com.databricks.spark.util.UsageLogging.withAttributionTags(UsageLogger.scala:668)
	at com.databricks.spark.util.UsageLogging.withAttributionTags$(UsageLogger.scala:666)
	at org.apache.spark.sql.hive.thriftserver.SparkExecuteStatementOperation.withAttributionTags(SparkExecuteStatementOperation.scala:76)
	at org.apache.spark.sql.hive.thriftserver.ThriftLocalProperties.$anonfun$withLocalProperties$12(ThriftLocalProperties.scala:233)
	at com.databricks.spark.util.IdentityClaim$.withClaim(IdentityClaim.scala:48)
	at org.apache.spark.sql.hive.thriftserver.ThriftLocalProperties.withLocalProperties(ThriftLocalProperties.scala:229)
	at org.apache.spark.sql.hive.thriftserver.ThriftLocalProperties.withLocalProperties$(ThriftLocalProperties.scala:89)
	at org.apache.spark.sql.hive.thriftserver.SparkExecuteStatementOperation.withLocalProperties(SparkExecuteStatementOperation.scala:76)
	at org.apache.spark.sql.hive.thriftserver.SparkExecuteStatementOperation$$anon$2$$anon$3.run(SparkExecuteStatementOperation.scala:555)
	at org.apache.spark.sql.hive.thriftserver.SparkExecuteStatementOperation$$anon$2$$anon$3.run(SparkExecuteStatementOperation.scala:541)
	at java.base/java.security.AccessController.doPrivileged(AccessController.java:712)
	at java.base/javax.security.auth.Subject.doAs(Subject.java:439)
	at org.apache.hadoop.security.UserGroupInformation.doAs(UserGroupInformation.java:1953)
	at org.apache.spark.sql.hive.thriftserver.SparkExecuteStatementOperation$$anon$2.run(SparkExecuteStatementOperation.scala:591)
	at java.base/java.util.concurrent.Executors$RunnableAdapter.call(Executors.java:539)
	at java.base/java.util.concurrent.FutureTask.run(FutureTask.java:264)
	at java.base/java.util.concurrent.ThreadPoolExecutor.runWorker(ThreadPoolExecutor.java:1136)
	at java.base/java.util.concurrent.ThreadPoolExecutor$Worker.run(ThreadPoolExecutor.java:635)
	at java.base/java.lang.Thread.run(Thread.java:840)
Caused by: org.apache.spark.sql.catalyst.ExtendedAnalysisException: [TABLE_OR_VIEW_NOT_FOUND] The table or view `wanderbricks`.`raw_data`.`bookings` cannot be found. Verify the spelling and correctness of the schema and catalog.
If you did not qualify the name with a schema, verify the current_schema() output, or qualify the name with the correct schema and catalog.
To tolerate the error on drop use DROP VIEW IF EXISTS or DROP TABLE IF EXISTS. SQLSTATE: 42P01; line 9 pos 18
	at org.apache.spark.sql.catalyst.ExtendedAnalysisException.copyPlan(ExtendedAnalysisException.scala:96)
	at org.apache.spark.sql.hive.thriftserver.SparkExecuteStatementOperation.$anonfun$execute$1(SparkExecuteStatementOperation.scala:1011)
	... 53 more
, operation-id=01f0f098-2402-1b0d-93d7-28e26faf8561
[0m15:54:28.285004 [debug] [Thread-4 (]: On model.wanderbricks.stg_properties: Close
[0m15:54:28.285920 [debug] [Thread-4 (]: Databricks adapter: Connection(session-id=01f0f098-23f6-1130-b1ca-b569eab172b0) - Closing
[0m15:54:28.296645 [debug] [Thread-5 (]: Database Error in model stg_users (models/staging/stg_users.sql)
  [TABLE_OR_VIEW_NOT_FOUND] The table or view `wanderbricks`.`raw_data`.`users` cannot be found. Verify the spelling and correctness of the schema and catalog.
  If you did not qualify the name with a schema, verify the current_schema() output, or qualify the name with the correct schema and catalog.
  To tolerate the error on drop use DROP VIEW IF EXISTS or DROP TABLE IF EXISTS. SQLSTATE: 42P01; line 9 pos 18
  compiled code at target/run/wanderbricks/models/staging/stg_users.sql
[0m15:54:28.385042 [debug] [Thread-3 (]: On model.wanderbricks.stg_bookings: Close
[0m15:54:28.386949 [debug] [Thread-4 (]: Database Error in model stg_properties (models/staging/stg_properties.sql)
  [TABLE_OR_VIEW_NOT_FOUND] The table or view `wanderbricks`.`raw_data`.`properties` cannot be found. Verify the spelling and correctness of the schema and catalog.
  If you did not qualify the name with a schema, verify the current_schema() output, or qualify the name with the correct schema and catalog.
  To tolerate the error on drop use DROP VIEW IF EXISTS or DROP TABLE IF EXISTS. SQLSTATE: 42P01; line 9 pos 18
  compiled code at target/run/wanderbricks/models/staging/stg_properties.sql
[0m15:54:28.387467 [debug] [Thread-3 (]: Databricks adapter: Connection(session-id=01f0f098-23f6-10e8-b8a3-4df723dd9833) - Closing
[0m15:54:28.490690 [debug] [Thread-3 (]: Database Error in model stg_bookings (models/staging/stg_bookings.sql)
  [TABLE_OR_VIEW_NOT_FOUND] The table or view `wanderbricks`.`raw_data`.`bookings` cannot be found. Verify the spelling and correctness of the schema and catalog.
  If you did not qualify the name with a schema, verify the current_schema() output, or qualify the name with the correct schema and catalog.
  To tolerate the error on drop use DROP VIEW IF EXISTS or DROP TABLE IF EXISTS. SQLSTATE: 42P01; line 9 pos 18
  compiled code at target/run/wanderbricks/models/staging/stg_bookings.sql
[0m15:54:28.491245 [debug] [Thread-5 (]: Sending event: {'category': 'dbt', 'action': 'run_model', 'label': '51506ee2-c1ea-4049-97d9-5b42ddcf3e6e', 'context': [<snowplow_tracker.self_describing_json.SelfDescribingJson object at 0xffff7a183770>]}
[0m15:54:28.491669 [debug] [Thread-4 (]: Sending event: {'category': 'dbt', 'action': 'run_model', 'label': '51506ee2-c1ea-4049-97d9-5b42ddcf3e6e', 'context': [<snowplow_tracker.self_describing_json.SelfDescribingJson object at 0xffff92e18500>]}
[0m15:54:28.492018 [debug] [Thread-3 (]: Sending event: {'category': 'dbt', 'action': 'run_model', 'label': '51506ee2-c1ea-4049-97d9-5b42ddcf3e6e', 'context': [<snowplow_tracker.self_describing_json.SelfDescribingJson object at 0xffff7a3849e0>]}
[0m15:54:28.492970 [error] [Thread-5 (]: 3 of 7 ERROR creating sql view model dev_staging.stg_users ..................... [[31mERROR[0m in 1.17s]
[0m15:54:28.493758 [error] [Thread-4 (]: 2 of 7 ERROR creating sql view model dev_staging.stg_properties ................ [[31mERROR[0m in 1.17s]
[0m15:54:28.494348 [error] [Thread-3 (]: 1 of 7 ERROR creating sql view model dev_staging.stg_bookings .................. [[31mERROR[0m in 1.17s]
[0m15:54:28.495085 [debug] [Thread-5 (]: Finished running node model.wanderbricks.stg_users
[0m15:54:28.495690 [debug] [Thread-4 (]: Finished running node model.wanderbricks.stg_properties
[0m15:54:28.496244 [debug] [Thread-3 (]: Finished running node model.wanderbricks.stg_bookings
[0m15:54:28.496872 [debug] [Thread-9 (]: Marking all children of 'model.wanderbricks.stg_users' to be skipped because of status 'error'.  Reason: Database Error in model stg_users (models/staging/stg_users.sql)
  [TABLE_OR_VIEW_NOT_FOUND] The table or view `wanderbricks`.`raw_data`.`users` cannot be found. Verify the spelling and correctness of the schema and catalog.
  If you did not qualify the name with a schema, verify the current_schema() output, or qualify the name with the correct schema and catalog.
  To tolerate the error on drop use DROP VIEW IF EXISTS or DROP TABLE IF EXISTS. SQLSTATE: 42P01; line 9 pos 18
  compiled code at target/run/wanderbricks/models/staging/stg_users.sql.
[0m15:54:28.498671 [debug] [Thread-9 (]: Marking all children of 'model.wanderbricks.stg_properties' to be skipped because of status 'error'.  Reason: Database Error in model stg_properties (models/staging/stg_properties.sql)
  [TABLE_OR_VIEW_NOT_FOUND] The table or view `wanderbricks`.`raw_data`.`properties` cannot be found. Verify the spelling and correctness of the schema and catalog.
  If you did not qualify the name with a schema, verify the current_schema() output, or qualify the name with the correct schema and catalog.
  To tolerate the error on drop use DROP VIEW IF EXISTS or DROP TABLE IF EXISTS. SQLSTATE: 42P01; line 9 pos 18
  compiled code at target/run/wanderbricks/models/staging/stg_properties.sql.
[0m15:54:28.499114 [debug] [Thread-6 (]: Began running node model.wanderbricks.dim_users
[0m15:54:28.499475 [debug] [Thread-9 (]: Marking all children of 'model.wanderbricks.stg_bookings' to be skipped because of status 'error'.  Reason: Database Error in model stg_bookings (models/staging/stg_bookings.sql)
  [TABLE_OR_VIEW_NOT_FOUND] The table or view `wanderbricks`.`raw_data`.`bookings` cannot be found. Verify the spelling and correctness of the schema and catalog.
  If you did not qualify the name with a schema, verify the current_schema() output, or qualify the name with the correct schema and catalog.
  To tolerate the error on drop use DROP VIEW IF EXISTS or DROP TABLE IF EXISTS. SQLSTATE: 42P01; line 9 pos 18
  compiled code at target/run/wanderbricks/models/staging/stg_bookings.sql.
[0m15:54:28.499882 [debug] [Thread-4 (]: Began running node model.wanderbricks.dim_properties
[0m15:54:28.500245 [info ] [Thread-6 (]: 4 of 7 SKIP relation dev_star_schema.dim_users ................................. [[33mSKIP[0m]
[0m15:54:28.500928 [debug] [Thread-5 (]: Began running node model.wanderbricks.fct_bookings
[0m15:54:28.501200 [info ] [Thread-4 (]: 5 of 7 SKIP relation dev_star_schema.dim_properties ............................ [[33mSKIP[0m]
[0m15:54:28.501608 [debug] [Thread-6 (]: Finished running node model.wanderbricks.dim_users
[0m15:54:28.502002 [info ] [Thread-5 (]: 6 of 7 SKIP relation dev_star_schema.fct_bookings .............................. [[33mSKIP[0m]
[0m15:54:28.502496 [debug] [Thread-4 (]: Finished running node model.wanderbricks.dim_properties
[0m15:54:28.503217 [debug] [Thread-5 (]: Finished running node model.wanderbricks.fct_bookings
[0m15:54:28.504331 [debug] [Thread-3 (]: Began running node model.wanderbricks.dm_monthly_bookings
[0m15:54:28.504639 [info ] [Thread-3 (]: 7 of 7 SKIP relation dev_datamarts.dm_monthly_bookings ......................... [[33mSKIP[0m]
[0m15:54:28.505093 [debug] [Thread-3 (]: Finished running node model.wanderbricks.dm_monthly_bookings
[0m15:54:28.506563 [debug] [MainThread]: Databricks adapter: DatabricksDBTConnection(session-id=None, name=master) - Creating connection
[0m15:54:28.506924 [debug] [MainThread]: Acquiring new databricks connection 'master'
[0m15:54:28.507477 [info ] [MainThread]: 
[0m15:54:28.507985 [info ] [MainThread]: Finished running 4 table models, 3 view models in 0 hours 0 minutes and 3.39 seconds (3.39s).
[0m15:54:28.508797 [debug] [MainThread]: Command end result
[0m15:54:28.599239 [debug] [MainThread]: Wrote artifact WritableManifest to /opt/airflow/dbt/target/manifest.json
[0m15:54:28.604046 [debug] [MainThread]: Wrote artifact SemanticManifest to /opt/airflow/dbt/target/semantic_manifest.json
[0m15:54:28.610028 [debug] [MainThread]: Wrote artifact RunExecutionResult to /opt/airflow/dbt/target/run_results.json
[0m15:54:28.610446 [info ] [MainThread]: 
[0m15:54:28.610937 [info ] [MainThread]: [31mCompleted with 3 errors, 0 partial successes, and 0 warnings:[0m
[0m15:54:28.611304 [info ] [MainThread]: 
[0m15:54:28.611704 [error] [MainThread]: [31mFailure in model stg_users (models/staging/stg_users.sql)[0m
[0m15:54:28.612128 [error] [MainThread]:   Database Error in model stg_users (models/staging/stg_users.sql)
  [TABLE_OR_VIEW_NOT_FOUND] The table or view `wanderbricks`.`raw_data`.`users` cannot be found. Verify the spelling and correctness of the schema and catalog.
  If you did not qualify the name with a schema, verify the current_schema() output, or qualify the name with the correct schema and catalog.
  To tolerate the error on drop use DROP VIEW IF EXISTS or DROP TABLE IF EXISTS. SQLSTATE: 42P01; line 9 pos 18
  compiled code at target/run/wanderbricks/models/staging/stg_users.sql
[0m15:54:28.612484 [info ] [MainThread]: 
[0m15:54:28.612905 [info ] [MainThread]:   compiled code at target/compiled/wanderbricks/models/staging/stg_users.sql
[0m15:54:28.613236 [info ] [MainThread]: 
[0m15:54:28.613550 [error] [MainThread]: [31mFailure in model stg_properties (models/staging/stg_properties.sql)[0m
[0m15:54:28.613871 [error] [MainThread]:   Database Error in model stg_properties (models/staging/stg_properties.sql)
  [TABLE_OR_VIEW_NOT_FOUND] The table or view `wanderbricks`.`raw_data`.`properties` cannot be found. Verify the spelling and correctness of the schema and catalog.
  If you did not qualify the name with a schema, verify the current_schema() output, or qualify the name with the correct schema and catalog.
  To tolerate the error on drop use DROP VIEW IF EXISTS or DROP TABLE IF EXISTS. SQLSTATE: 42P01; line 9 pos 18
  compiled code at target/run/wanderbricks/models/staging/stg_properties.sql
[0m15:54:28.614208 [info ] [MainThread]: 
[0m15:54:28.614551 [info ] [MainThread]:   compiled code at target/compiled/wanderbricks/models/staging/stg_properties.sql
[0m15:54:28.614880 [info ] [MainThread]: 
[0m15:54:28.615206 [error] [MainThread]: [31mFailure in model stg_bookings (models/staging/stg_bookings.sql)[0m
[0m15:54:28.615498 [error] [MainThread]:   Database Error in model stg_bookings (models/staging/stg_bookings.sql)
  [TABLE_OR_VIEW_NOT_FOUND] The table or view `wanderbricks`.`raw_data`.`bookings` cannot be found. Verify the spelling and correctness of the schema and catalog.
  If you did not qualify the name with a schema, verify the current_schema() output, or qualify the name with the correct schema and catalog.
  To tolerate the error on drop use DROP VIEW IF EXISTS or DROP TABLE IF EXISTS. SQLSTATE: 42P01; line 9 pos 18
  compiled code at target/run/wanderbricks/models/staging/stg_bookings.sql
[0m15:54:28.615844 [info ] [MainThread]: 
[0m15:54:28.616216 [info ] [MainThread]:   compiled code at target/compiled/wanderbricks/models/staging/stg_bookings.sql
[0m15:54:28.616500 [info ] [MainThread]: 
[0m15:54:28.616840 [info ] [MainThread]: Done. PASS=0 WARN=0 ERROR=3 SKIP=4 NO-OP=0 TOTAL=7
[0m15:54:28.617513 [warn ] [MainThread]: [[33mWARNING[0m][DeprecationsSummary]: Deprecated functionality
Summary of encountered deprecations:
- MissingPlusPrefixDeprecation: 6 occurrences
To see all deprecation instances instead of just the first occurrence of each,
run command again with the `--show-all-deprecations` flag. You may also need to
run with `--no-partial-parse` as some deprecations are only encountered during
parsing.
[0m15:54:28.619940 [debug] [MainThread]: Resource report: {"command_name": "run", "command_success": false, "command_wall_clock_time": 5.8082347, "process_in_blocks": "1104", "process_kernel_time": 0.56412, "process_mem_max_rss": "261580", "process_out_blocks": "5403", "process_user_time": 5.008152}
[0m15:54:28.620541 [debug] [MainThread]: Command `dbt run` failed at 15:54:28.620443 after 5.81 seconds
[0m15:54:28.621097 [debug] [MainThread]: Sending event: {'category': 'dbt', 'action': 'invocation', 'label': 'end', 'context': [<snowplow_tracker.self_describing_json.SelfDescribingJson object at 0xffff92a5e1e0>, <snowplow_tracker.self_describing_json.SelfDescribingJson object at 0xffff8fe10e30>, <snowplow_tracker.self_describing_json.SelfDescribingJson object at 0xffff92895a60>]}
[0m15:54:28.621468 [debug] [MainThread]: Flushing usage events
[0m15:54:29.453998 [debug] [MainThread]: An error was encountered while trying to flush usage events
[0m15:57:41.345739 [debug] [MainThread]: Sending event: {'category': 'dbt', 'action': 'invocation', 'label': 'start', 'context': [<snowplow_tracker.self_describing_json.SelfDescribingJson object at 0xffff92a91e20>, <snowplow_tracker.self_describing_json.SelfDescribingJson object at 0xffff9305b800>, <snowplow_tracker.self_describing_json.SelfDescribingJson object at 0xffff92bd1160>]}


============================== 15:57:41.350647 | 01a51bcd-ee12-48cd-bde7-f67fd7a6e77b ==============================
[0m15:57:41.350647 [info ] [MainThread]: Running with dbt=1.11.2
[0m15:57:41.351480 [debug] [MainThread]: running dbt with arguments {'log_format': 'default', 'debug': 'False', 'introspect': 'True', 'static_parser': 'True', 'target_path': 'None', 'use_experimental_parser': 'False', 'invocation_command': 'dbt run --select +dm_monthly_bookings', 'warn_error_options': 'WarnErrorOptionsV2(error=[], warn=[], silence=[])', 'write_json': 'True', 'profiles_dir': '/opt/airflow/dbt', 'version_check': 'True', 'indirect_selection': 'eager', 'warn_error': 'None', 'send_anonymous_usage_stats': 'True', 'fail_fast': 'False', 'log_cache_events': 'False', 'quiet': 'False', 'empty': 'False', 'printer_width': '80', 'no_print': 'None', 'log_path': '/opt/airflow/dbt/logs', 'use_colors': 'True', 'partial_parse': 'True', 'cache_selected_only': 'False'}
[0m15:57:41.828815 [debug] [MainThread]: Spark adapter: Setting pyhive.hive logging to ERROR
[0m15:57:41.829600 [debug] [MainThread]: Spark adapter: Setting thrift.transport logging to ERROR
[0m15:57:41.830138 [debug] [MainThread]: Spark adapter: Setting thrift.protocol logging to ERROR
[0m15:57:42.265769 [warn ] [MainThread]: [[33mWARNING[0m][MissingPlusPrefixDeprecation]: Deprecated functionality
Missing '+' prefix on `materialized` found at
`wanderbricks.datamarts.materialized` in file
`/opt/airflow/dbt/dbt_project.yml`. Hierarchical config values without a '+'
prefix are deprecated in dbt_project.yml.
[0m15:57:42.266498 [debug] [MainThread]: Sending event: {'category': 'dbt', 'action': 'deprecation', 'label': '01a51bcd-ee12-48cd-bde7-f67fd7a6e77b', 'property_': 'warn', 'context': [<snowplow_tracker.self_describing_json.SelfDescribingJson object at 0xffff7b039e80>]}
[0m15:57:42.357464 [debug] [MainThread]: Sending event: {'category': 'dbt', 'action': 'project_id', 'label': '01a51bcd-ee12-48cd-bde7-f67fd7a6e77b', 'context': [<snowplow_tracker.self_describing_json.SelfDescribingJson object at 0xffff92bd1c10>]}
[0m15:57:42.441642 [debug] [MainThread]: Sending event: {'category': 'dbt', 'action': 'adapter_info', 'label': '01a51bcd-ee12-48cd-bde7-f67fd7a6e77b', 'context': [<snowplow_tracker.self_describing_json.SelfDescribingJson object at 0xffff7abd7860>]}
[0m15:57:42.444624 [info ] [MainThread]: Registered adapter: databricks=1.11.4
[0m15:57:42.531198 [warn ] [MainThread]: [[33mWARNING[0m]: Use managed Iceberg tables when table_format is iceberg. When this flag is disabled, UniForm is used instead.
You may opt into the new behavior sooner by setting `flags.use_managed_iceberg` to `True` in `dbt_project.yml`.
Visit https://docs.getdbt.com/reference/global-configs/behavior-changes for more information.
[0m15:57:42.532545 [debug] [MainThread]: Sending event: {'category': 'dbt', 'action': 'BehaviorChangeEvent', 'label': '01a51bcd-ee12-48cd-bde7-f67fd7a6e77b', 'context': [<snowplow_tracker.self_describing_json.SelfDescribingJson object at 0xffff7a9dd970>]}
[0m15:57:42.540254 [debug] [MainThread]: checksum: 3d40d8bbe1bef07db1c24822f2dbfff8bc07f2a48ed4fe2658a40653aec0b54b, vars: {}, profile: , target: , version: 1.11.2
[0m15:57:42.639155 [debug] [MainThread]: Partial parsing enabled: 0 files deleted, 0 files added, 1 files changed.
[0m15:57:42.640160 [debug] [MainThread]: Partial parsing: updated file: wanderbricks://models/staging/stg_bookings.sql
[0m15:57:42.640694 [debug] [MainThread]: Partial parsing: updated file: wanderbricks://models/star_schema/fct_bookings.sql
[0m15:57:42.641517 [debug] [MainThread]: Partial parsing: updated file: wanderbricks://models/staging/schema.yml
[0m15:57:42.854576 [warn ] [MainThread]: [[33mWARNING[0m][MissingArgumentsPropertyInGenericTestDeprecation]: Deprecated
functionality
Found top-level arguments to test `relationships` defined on 'stg_bookings' in
package 'wanderbricks' (models/staging/schema.yml). Arguments to generic tests
should be nested under the `arguments` property.
[0m15:57:42.855452 [debug] [MainThread]: Sending event: {'category': 'dbt', 'action': 'deprecation', 'label': '01a51bcd-ee12-48cd-bde7-f67fd7a6e77b', 'property_': 'warn', 'context': [<snowplow_tracker.self_describing_json.SelfDescribingJson object at 0xffff7a5473b0>]}
[0m15:57:43.059504 [debug] [MainThread]: Sending event: {'category': 'dbt', 'action': 'load_project', 'label': '01a51bcd-ee12-48cd-bde7-f67fd7a6e77b', 'context': [<snowplow_tracker.self_describing_json.SelfDescribingJson object at 0xffff79da7410>]}
[0m15:57:43.131876 [debug] [MainThread]: Wrote artifact WritableManifest to /opt/airflow/dbt/target/manifest.json
[0m15:57:43.135033 [debug] [MainThread]: Wrote artifact SemanticManifest to /opt/airflow/dbt/target/semantic_manifest.json
[0m15:57:43.148691 [debug] [MainThread]: Sending event: {'category': 'dbt', 'action': 'resource_counts', 'label': '01a51bcd-ee12-48cd-bde7-f67fd7a6e77b', 'context': [<snowplow_tracker.self_describing_json.SelfDescribingJson object at 0xffff7a64e840>]}
[0m15:57:43.149210 [info ] [MainThread]: Found 7 models, 20 data tests, 3 sources, 731 macros
[0m15:57:43.149664 [debug] [MainThread]: Sending event: {'category': 'dbt', 'action': 'runnable_timing', 'label': '01a51bcd-ee12-48cd-bde7-f67fd7a6e77b', 'context': [<snowplow_tracker.self_describing_json.SelfDescribingJson object at 0xffff7a9979b0>]}
[0m15:57:43.151060 [info ] [MainThread]: 
[0m15:57:43.151471 [info ] [MainThread]: Concurrency: 4 threads (target='dev')
[0m15:57:43.151797 [info ] [MainThread]: 
[0m15:57:43.152339 [debug] [MainThread]: Databricks adapter: DatabricksDBTConnection(session-id=None, name=master) - Creating connection
[0m15:57:43.152672 [debug] [MainThread]: Acquiring new databricks connection 'master'
[0m15:57:43.156678 [debug] [ThreadPool]: Databricks adapter: DatabricksDBTConnection(session-id=None, name=list_lakehouse) - Creating connection
[0m15:57:43.157183 [debug] [ThreadPool]: Acquiring new databricks connection 'list_lakehouse'
[0m15:57:43.157591 [debug] [ThreadPool]: Databricks adapter: DatabricksDBTConnection(session-id=None, name=list_lakehouse) - Creating connection
[0m15:57:43.164623 [debug] [ThreadPool]: Using databricks connection "list_lakehouse"
[0m15:57:43.165070 [debug] [ThreadPool]: Databricks adapter: DatabricksDBTConnection(session-id=None, name=list_lakehouse) - Creating connection
[0m15:57:43.165392 [debug] [ThreadPool]: Acquiring new databricks connection 'list_lakehouse'
[0m15:57:43.165986 [debug] [ThreadPool]: On list_lakehouse: /* {"app": "dbt", "dbt_version": "1.11.2", "dbt_databricks_version": "1.11.4", "databricks_sql_connector_version": "4.1.3", "profile_name": "wanderbricks", "target_name": "dev", "connection_name": "list_lakehouse"} */

    

  SHOW SCHEMAS IN `lakehouse`


  
[0m15:57:43.166488 [debug] [ThreadPool]: Acquiring new databricks connection 'list_lakehouse'
[0m15:57:43.168035 [debug] [ThreadPool]: Using databricks connection "list_lakehouse"
[0m15:57:43.168509 [debug] [ThreadPool]: Opening a new connection, currently in state init
[0m15:57:43.170146 [debug] [ThreadPool]: Using databricks connection "list_lakehouse"
[0m15:57:43.170555 [debug] [ThreadPool]: On list_lakehouse: /* {"app": "dbt", "dbt_version": "1.11.2", "dbt_databricks_version": "1.11.4", "databricks_sql_connector_version": "4.1.3", "profile_name": "wanderbricks", "target_name": "dev", "connection_name": "list_lakehouse"} */

    

  SHOW SCHEMAS IN `lakehouse`


  
[0m15:57:43.171243 [debug] [ThreadPool]: On list_lakehouse: /* {"app": "dbt", "dbt_version": "1.11.2", "dbt_databricks_version": "1.11.4", "databricks_sql_connector_version": "4.1.3", "profile_name": "wanderbricks", "target_name": "dev", "connection_name": "list_lakehouse"} */

    

  SHOW SCHEMAS IN `lakehouse`


  
[0m15:57:43.171901 [debug] [ThreadPool]: Opening a new connection, currently in state init
[0m15:57:43.172269 [debug] [ThreadPool]: Opening a new connection, currently in state init
[0m15:57:43.434541 [debug] [ThreadPool]: Databricks adapter: Connection(session-id=01f0f098-9893-1267-b7a5-bccd50553c82) - Created
[0m15:57:43.441431 [debug] [ThreadPool]: Databricks adapter: Connection(session-id=01f0f098-9893-188b-b62e-6bdb1e1b7b3d) - Created
[0m15:57:43.442243 [debug] [ThreadPool]: Databricks adapter: Connection(session-id=01f0f098-9892-1f51-bb6e-b95e75f0edf9) - Created
[0m15:57:43.708978 [debug] [ThreadPool]: SQL status: OK in 0.540 seconds
[0m15:57:43.711299 [debug] [ThreadPool]: SQL status: OK in 0.540 seconds
[0m15:57:43.712207 [debug] [ThreadPool]: SQL status: OK in 0.540 seconds
[0m15:57:43.717437 [debug] [ThreadPool]: Databricks adapter: Cursor(session-id=01f0f098-9892-1f51-bb6e-b95e75f0edf9, command-id=01f0f098-989d-1282-a309-8b286e2b56b4) - Closing
[0m15:57:43.718358 [debug] [ThreadPool]: Databricks adapter: Cursor(session-id=01f0f098-9893-188b-b62e-6bdb1e1b7b3d, command-id=01f0f098-989c-1e0b-b4ab-be9dc294d051) - Closing
[0m15:57:43.719120 [debug] [ThreadPool]: Databricks adapter: Cursor(session-id=01f0f098-9893-1267-b7a5-bccd50553c82, command-id=01f0f098-989b-17ec-b097-41af5cca39e9) - Closing
[0m15:57:43.719707 [debug] [ThreadPool]: On list_lakehouse: Close
[0m15:57:43.720769 [debug] [ThreadPool]: Databricks adapter: Connection(session-id=01f0f098-9892-1f51-bb6e-b95e75f0edf9) - Closing
[0m15:57:43.794536 [debug] [ThreadPool]: On list_lakehouse: Close
[0m15:57:43.796055 [debug] [ThreadPool]: Databricks adapter: Connection(session-id=01f0f098-9893-188b-b62e-6bdb1e1b7b3d) - Closing
[0m15:57:43.858019 [debug] [ThreadPool]: On list_lakehouse: Close
[0m15:57:43.858736 [debug] [ThreadPool]: Databricks adapter: Connection(session-id=01f0f098-9893-1267-b7a5-bccd50553c82) - Closing
[0m15:57:43.926386 [debug] [ThreadPool]: Databricks adapter: DatabricksDBTConnection(session-id=None, name=list_lakehouse_dev_staging) - Creating connection
[0m15:57:43.927366 [debug] [ThreadPool]: Databricks adapter: DatabricksDBTConnection(session-id=None, name=list_lakehouse_dev_star_schema) - Creating connection
[0m15:57:43.927716 [debug] [ThreadPool]: Acquiring new databricks connection 'list_lakehouse_dev_staging'
[0m15:57:43.928939 [debug] [ThreadPool]: Databricks adapter: DatabricksDBTConnection(session-id=None, name=list_lakehouse_dev_datamarts) - Creating connection
[0m15:57:43.929311 [debug] [ThreadPool]: Acquiring new databricks connection 'list_lakehouse_dev_star_schema'
[0m15:57:43.934364 [debug] [ThreadPool]: Using databricks connection "list_lakehouse_dev_staging"
[0m15:57:43.935004 [debug] [ThreadPool]: Acquiring new databricks connection 'list_lakehouse_dev_datamarts'
[0m15:57:43.937353 [debug] [ThreadPool]: Using databricks connection "list_lakehouse_dev_star_schema"
[0m15:57:43.938201 [debug] [ThreadPool]: On list_lakehouse_dev_staging: /* {"app": "dbt", "dbt_version": "1.11.2", "dbt_databricks_version": "1.11.4", "databricks_sql_connector_version": "4.1.3", "profile_name": "wanderbricks", "target_name": "dev", "connection_name": "list_lakehouse_dev_staging"} */

    
SELECT
  table_name,
  if(table_type IN ('EXTERNAL', 'MANAGED', 'MANAGED_SHALLOW_CLONE', 'EXTERNAL_SHALLOW_CLONE'), 'table', lower(table_type)) AS table_type,
  lower(data_source_format) AS file_format,
  table_owner,
  if(
    table_type IN (
      'EXTERNAL',
      'MANAGED',
      'MANAGED_SHALLOW_CLONE',
      'EXTERNAL_SHALLOW_CLONE'
    ),
    lower(table_type),
    NULL
  ) AS databricks_table_type
FROM `system`.`information_schema`.`tables`
WHERE table_catalog = 'lakehouse' 
  AND table_schema = 'dev_staging'

  
[0m15:57:43.941912 [debug] [ThreadPool]: On list_lakehouse_dev_star_schema: /* {"app": "dbt", "dbt_version": "1.11.2", "dbt_databricks_version": "1.11.4", "databricks_sql_connector_version": "4.1.3", "profile_name": "wanderbricks", "target_name": "dev", "connection_name": "list_lakehouse_dev_star_schema"} */

    
SELECT
  table_name,
  if(table_type IN ('EXTERNAL', 'MANAGED', 'MANAGED_SHALLOW_CLONE', 'EXTERNAL_SHALLOW_CLONE'), 'table', lower(table_type)) AS table_type,
  lower(data_source_format) AS file_format,
  table_owner,
  if(
    table_type IN (
      'EXTERNAL',
      'MANAGED',
      'MANAGED_SHALLOW_CLONE',
      'EXTERNAL_SHALLOW_CLONE'
    ),
    lower(table_type),
    NULL
  ) AS databricks_table_type
FROM `system`.`information_schema`.`tables`
WHERE table_catalog = 'lakehouse' 
  AND table_schema = 'dev_star_schema'

  
[0m15:57:43.947583 [debug] [ThreadPool]: Using databricks connection "list_lakehouse_dev_datamarts"
[0m15:57:43.948432 [debug] [ThreadPool]: Opening a new connection, currently in state init
[0m15:57:43.949820 [debug] [ThreadPool]: Opening a new connection, currently in state init
[0m15:57:43.950518 [debug] [ThreadPool]: On list_lakehouse_dev_datamarts: /* {"app": "dbt", "dbt_version": "1.11.2", "dbt_databricks_version": "1.11.4", "databricks_sql_connector_version": "4.1.3", "profile_name": "wanderbricks", "target_name": "dev", "connection_name": "list_lakehouse_dev_datamarts"} */

    
SELECT
  table_name,
  if(table_type IN ('EXTERNAL', 'MANAGED', 'MANAGED_SHALLOW_CLONE', 'EXTERNAL_SHALLOW_CLONE'), 'table', lower(table_type)) AS table_type,
  lower(data_source_format) AS file_format,
  table_owner,
  if(
    table_type IN (
      'EXTERNAL',
      'MANAGED',
      'MANAGED_SHALLOW_CLONE',
      'EXTERNAL_SHALLOW_CLONE'
    ),
    lower(table_type),
    NULL
  ) AS databricks_table_type
FROM `system`.`information_schema`.`tables`
WHERE table_catalog = 'lakehouse' 
  AND table_schema = 'dev_datamarts'

  
[0m15:57:43.954334 [debug] [ThreadPool]: Opening a new connection, currently in state init
[0m15:57:44.191079 [debug] [ThreadPool]: Databricks adapter: Connection(session-id=01f0f098-9907-1c99-8ac5-b24991849d86) - Created
[0m15:57:44.202059 [debug] [ThreadPool]: Databricks adapter: Connection(session-id=01f0f098-9908-1761-ba20-bfd47ce62b55) - Created
[0m15:57:44.207103 [debug] [ThreadPool]: Databricks adapter: Connection(session-id=01f0f098-9908-1482-bd0c-a776aef96a34) - Created
[0m15:57:44.551578 [debug] [ThreadPool]: SQL status: OK in 0.600 seconds
[0m15:57:44.555116 [debug] [ThreadPool]: Databricks adapter: Cursor(session-id=01f0f098-9908-1482-bd0c-a776aef96a34, command-id=01f0f098-9911-1c32-b5f5-0f70dae2d995) - Closing
[0m15:57:44.555771 [debug] [ThreadPool]: On list_lakehouse_dev_datamarts: Close
[0m15:57:44.556182 [debug] [ThreadPool]: Databricks adapter: Connection(session-id=01f0f098-9908-1482-bd0c-a776aef96a34) - Closing
[0m15:57:44.606371 [debug] [ThreadPool]: SQL status: OK in 0.660 seconds
[0m15:57:44.609275 [debug] [ThreadPool]: Databricks adapter: Cursor(session-id=01f0f098-9907-1c99-8ac5-b24991849d86, command-id=01f0f098-990f-127b-8726-fb3aaf238e90) - Closing
[0m15:57:44.628171 [debug] [ThreadPool]: On list_lakehouse_dev_star_schema: Close
[0m15:57:44.628648 [debug] [ThreadPool]: Databricks adapter: Connection(session-id=01f0f098-9907-1c99-8ac5-b24991849d86) - Closing
[0m15:57:44.631313 [debug] [ThreadPool]: SQL status: OK in 0.680 seconds
[0m15:57:44.632642 [debug] [ThreadPool]: Databricks adapter: Cursor(session-id=01f0f098-9908-1761-ba20-bfd47ce62b55, command-id=01f0f098-9910-1e25-a3a9-34182d772beb) - Closing
[0m15:57:44.691129 [debug] [ThreadPool]: On list_lakehouse_dev_staging: Close
[0m15:57:44.692666 [debug] [ThreadPool]: Databricks adapter: Connection(session-id=01f0f098-9908-1761-ba20-bfd47ce62b55) - Closing
[0m15:57:44.769616 [debug] [MainThread]: Sending event: {'category': 'dbt', 'action': 'runnable_timing', 'label': '01a51bcd-ee12-48cd-bde7-f67fd7a6e77b', 'context': [<snowplow_tracker.self_describing_json.SelfDescribingJson object at 0xffff7aa013d0>]}
[0m15:57:44.778043 [debug] [Thread-3 (]: Began running node model.wanderbricks.stg_bookings
[0m15:57:44.778894 [debug] [Thread-4 (]: Began running node model.wanderbricks.stg_properties
[0m15:57:44.779651 [debug] [Thread-5 (]: Began running node model.wanderbricks.stg_users
[0m15:57:44.780423 [info ] [Thread-3 (]: 1 of 7 START sql view model dev_staging.stg_bookings ........................... [RUN]
[0m15:57:44.781528 [info ] [Thread-4 (]: 2 of 7 START sql view model dev_staging.stg_properties ......................... [RUN]
[0m15:57:44.782339 [info ] [Thread-5 (]: 3 of 7 START sql view model dev_staging.stg_users .............................. [RUN]
[0m15:57:44.783211 [debug] [Thread-3 (]: Databricks adapter: DatabricksDBTConnection(session-id=None, name=model.wanderbricks.stg_bookings) - Creating connection
[0m15:57:44.783923 [debug] [Thread-4 (]: Databricks adapter: DatabricksDBTConnection(session-id=None, name=model.wanderbricks.stg_properties) - Creating connection
[0m15:57:44.784561 [debug] [Thread-5 (]: Databricks adapter: DatabricksDBTConnection(session-id=None, name=model.wanderbricks.stg_users) - Creating connection
[0m15:57:44.785180 [debug] [Thread-3 (]: Acquiring new databricks connection 'model.wanderbricks.stg_bookings'
[0m15:57:44.785779 [debug] [Thread-4 (]: Acquiring new databricks connection 'model.wanderbricks.stg_properties'
[0m15:57:44.786411 [debug] [Thread-5 (]: Acquiring new databricks connection 'model.wanderbricks.stg_users'
[0m15:57:44.787061 [debug] [Thread-3 (]: Began compiling node model.wanderbricks.stg_bookings
[0m15:57:44.787661 [debug] [Thread-4 (]: Began compiling node model.wanderbricks.stg_properties
[0m15:57:44.788168 [debug] [Thread-5 (]: Began compiling node model.wanderbricks.stg_users
[0m15:57:44.796456 [debug] [Thread-3 (]: Writing injected SQL for node "model.wanderbricks.stg_bookings"
[0m15:57:44.799305 [debug] [Thread-4 (]: Writing injected SQL for node "model.wanderbricks.stg_properties"
[0m15:57:44.802863 [debug] [Thread-5 (]: Writing injected SQL for node "model.wanderbricks.stg_users"
[0m15:57:44.806369 [debug] [Thread-5 (]: Began executing node model.wanderbricks.stg_users
[0m15:57:44.819371 [debug] [Thread-4 (]: Began executing node model.wanderbricks.stg_properties
[0m15:57:44.820100 [debug] [Thread-5 (]: MATERIALIZING VIEW
[0m15:57:44.820436 [debug] [Thread-3 (]: Began executing node model.wanderbricks.stg_bookings
[0m15:57:44.822162 [debug] [Thread-4 (]: MATERIALIZING VIEW
[0m15:57:44.824241 [warn ] [Thread-5 (]: [[33mWARNING[0m]: Use revamped materializations based on separating create and insert.  This allows more performant column comments, as well as new column features.
You may opt into the new behavior sooner by setting `flags.use_materialization_v2` to `True` in `dbt_project.yml`.
Visit https://docs.getdbt.com/reference/global-configs/behavior-changes for more information.
[0m15:57:44.827002 [debug] [Thread-3 (]: MATERIALIZING VIEW
[0m15:57:44.827864 [warn ] [Thread-4 (]: [[33mWARNING[0m]: Use revamped materializations based on separating create and insert.  This allows more performant column comments, as well as new column features.
You may opt into the new behavior sooner by setting `flags.use_materialization_v2` to `True` in `dbt_project.yml`.
Visit https://docs.getdbt.com/reference/global-configs/behavior-changes for more information.
[0m15:57:44.828680 [debug] [Thread-5 (]: Sending event: {'category': 'dbt', 'action': 'BehaviorChangeEvent', 'label': '01a51bcd-ee12-48cd-bde7-f67fd7a6e77b', 'context': [<snowplow_tracker.self_describing_json.SelfDescribingJson object at 0xffff79bbcbc0>]}
[0m15:57:44.829507 [warn ] [Thread-3 (]: [[33mWARNING[0m]: Use revamped materializations based on separating create and insert.  This allows more performant column comments, as well as new column features.
You may opt into the new behavior sooner by setting `flags.use_materialization_v2` to `True` in `dbt_project.yml`.
Visit https://docs.getdbt.com/reference/global-configs/behavior-changes for more information.
[0m15:57:44.830213 [debug] [Thread-4 (]: Sending event: {'category': 'dbt', 'action': 'BehaviorChangeEvent', 'label': '01a51bcd-ee12-48cd-bde7-f67fd7a6e77b', 'context': [<snowplow_tracker.self_describing_json.SelfDescribingJson object at 0xffff79bc6510>]}
[0m15:57:44.841801 [debug] [Thread-3 (]: Sending event: {'category': 'dbt', 'action': 'BehaviorChangeEvent', 'label': '01a51bcd-ee12-48cd-bde7-f67fd7a6e77b', 'context': [<snowplow_tracker.self_describing_json.SelfDescribingJson object at 0xffff79bc6360>]}
[0m15:57:44.852787 [debug] [Thread-4 (]: Creating view `lakehouse`.`dev_staging`.`stg_properties`
[0m15:57:44.857292 [debug] [Thread-5 (]: Creating view `lakehouse`.`dev_staging`.`stg_users`
[0m15:57:44.859130 [debug] [Thread-3 (]: Creating view `lakehouse`.`dev_staging`.`stg_bookings`
[0m15:57:44.867519 [debug] [Thread-4 (]: Writing runtime sql for node "model.wanderbricks.stg_properties"
[0m15:57:44.868175 [debug] [Thread-5 (]: Writing runtime sql for node "model.wanderbricks.stg_users"
[0m15:57:44.868958 [debug] [Thread-3 (]: Writing runtime sql for node "model.wanderbricks.stg_bookings"
[0m15:57:44.871977 [debug] [Thread-5 (]: Using databricks connection "model.wanderbricks.stg_users"
[0m15:57:44.872410 [debug] [Thread-4 (]: Using databricks connection "model.wanderbricks.stg_properties"
[0m15:57:44.872756 [debug] [Thread-5 (]: On model.wanderbricks.stg_users: /* {"app": "dbt", "dbt_version": "1.11.2", "dbt_databricks_version": "1.11.4", "databricks_sql_connector_version": "4.1.3", "profile_name": "wanderbricks", "target_name": "dev", "node_id": "model.wanderbricks.stg_users"} */

  
  
  create or replace view `lakehouse`.`dev_staging`.`stg_users`
  
  as (
    with source as (
    select * from `samples`.`wanderbricks`.`users`
),

renamed as (
    select
        user_id,
        email,
        name,
        country,
        user_type,
        created_at,
        is_business,
        company_name
    from source
)

select * from renamed
  )

[0m15:57:44.873056 [debug] [Thread-3 (]: Using databricks connection "model.wanderbricks.stg_bookings"
[0m15:57:44.873299 [debug] [Thread-4 (]: On model.wanderbricks.stg_properties: /* {"app": "dbt", "dbt_version": "1.11.2", "dbt_databricks_version": "1.11.4", "databricks_sql_connector_version": "4.1.3", "profile_name": "wanderbricks", "target_name": "dev", "node_id": "model.wanderbricks.stg_properties"} */

  
  
  create or replace view `lakehouse`.`dev_staging`.`stg_properties`
  
  as (
    with source as (
    select * from `samples`.`wanderbricks`.`properties`
),

renamed as (
    select
        property_id,
        host_id,
        destination_id,
        title,
        description,
        base_price,
        property_type,
        max_guests,
        bedrooms,
        bathrooms,
        property_latitude,
        property_longitude,
        created_at
    from source
)

select * from renamed
  )

[0m15:57:44.873655 [debug] [Thread-5 (]: Opening a new connection, currently in state init
[0m15:57:44.873985 [debug] [Thread-3 (]: On model.wanderbricks.stg_bookings: /* {"app": "dbt", "dbt_version": "1.11.2", "dbt_databricks_version": "1.11.4", "databricks_sql_connector_version": "4.1.3", "profile_name": "wanderbricks", "target_name": "dev", "node_id": "model.wanderbricks.stg_bookings"} */

  
  
  create or replace view `lakehouse`.`dev_staging`.`stg_bookings`
  
  as (
    with source as (
    select * from `samples`.`wanderbricks`.`bookings`
),

renamed as (
    select
        booking_id,
        user_id,
        property_id,
        check_in,
        check_out,
        guests_count,
        total_amount,
        status,
        created_at,
        updated_at
    from source
)

select * from renamed
  )

[0m15:57:44.874286 [debug] [Thread-4 (]: Opening a new connection, currently in state init
[0m15:57:44.874988 [debug] [Thread-3 (]: Opening a new connection, currently in state init
[0m15:57:45.112158 [debug] [Thread-5 (]: Databricks adapter: Connection(session-id=01f0f098-9994-1462-9486-639edd7ae042) - Created
[0m15:57:45.118804 [debug] [Thread-4 (]: Databricks adapter: Connection(session-id=01f0f098-9994-1580-9fef-f5602df50855) - Created
[0m15:57:45.120623 [debug] [Thread-3 (]: Databricks adapter: Connection(session-id=01f0f098-9994-16ae-9043-fadd4626e79e) - Created
[0m15:57:45.931893 [debug] [Thread-3 (]: SQL status: OK in 1.040 seconds
[0m15:57:45.927037 [debug] [Thread-4 (]: SQL status: OK in 1.040 seconds
[0m15:57:45.939069 [debug] [Thread-3 (]: Databricks adapter: Cursor(session-id=01f0f098-9994-16ae-9043-fadd4626e79e, command-id=01f0f098-999e-16d8-9c0b-72422cdda8c6) - Closing
[0m15:57:45.941669 [debug] [Thread-4 (]: Databricks adapter: Cursor(session-id=01f0f098-9994-1580-9fef-f5602df50855, command-id=01f0f098-999e-16fd-a1cb-e7c6b3d0a05b) - Closing
[0m15:57:46.003506 [debug] [Thread-3 (]: Applying tags to relation None
[0m15:57:46.004725 [debug] [Thread-4 (]: Applying tags to relation None
[0m15:57:46.029860 [debug] [Thread-3 (]: On model.wanderbricks.stg_bookings: Close
[0m15:57:46.032909 [debug] [Thread-3 (]: Databricks adapter: Connection(session-id=01f0f098-9994-16ae-9043-fadd4626e79e) - Closing
[0m15:57:46.118597 [debug] [Thread-4 (]: On model.wanderbricks.stg_properties: Close
[0m15:57:46.120645 [debug] [Thread-4 (]: Databricks adapter: Connection(session-id=01f0f098-9994-1580-9fef-f5602df50855) - Closing
[0m15:57:46.248565 [debug] [Thread-5 (]: SQL status: OK in 1.370 seconds
[0m15:57:46.251998 [debug] [Thread-3 (]: Sending event: {'category': 'dbt', 'action': 'run_model', 'label': '01a51bcd-ee12-48cd-bde7-f67fd7a6e77b', 'context': [<snowplow_tracker.self_describing_json.SelfDescribingJson object at 0xffff79ca8f20>]}
[0m15:57:46.252334 [debug] [Thread-4 (]: Sending event: {'category': 'dbt', 'action': 'run_model', 'label': '01a51bcd-ee12-48cd-bde7-f67fd7a6e77b', 'context': [<snowplow_tracker.self_describing_json.SelfDescribingJson object at 0xffff7a9dd9a0>]}
[0m15:57:46.254426 [debug] [Thread-5 (]: Databricks adapter: Cursor(session-id=01f0f098-9994-1462-9486-639edd7ae042, command-id=01f0f098-999b-1c25-a064-f543544ac82a) - Closing
[0m15:57:46.262423 [info ] [Thread-3 (]: 1 of 7 OK created sql view model dev_staging.stg_bookings ...................... [[32mOK[0m in 1.46s]
[0m15:57:46.264116 [info ] [Thread-4 (]: 2 of 7 OK created sql view model dev_staging.stg_properties .................... [[32mOK[0m in 1.45s]
[0m15:57:46.271360 [debug] [Thread-5 (]: Applying tags to relation None
[0m15:57:46.274428 [debug] [Thread-3 (]: Finished running node model.wanderbricks.stg_bookings
[0m15:57:46.276101 [debug] [Thread-4 (]: Finished running node model.wanderbricks.stg_properties
[0m15:57:46.279947 [debug] [Thread-5 (]: On model.wanderbricks.stg_users: Close
[0m15:57:46.290602 [debug] [Thread-5 (]: Databricks adapter: Connection(session-id=01f0f098-9994-1462-9486-639edd7ae042) - Closing
[0m15:57:46.294348 [debug] [Thread-6 (]: Began running node model.wanderbricks.fct_bookings
[0m15:57:46.295558 [debug] [Thread-3 (]: Began running node model.wanderbricks.dim_properties
[0m15:57:46.297889 [info ] [Thread-6 (]: 4 of 7 START sql table model dev_star_schema.fct_bookings ...................... [RUN]
[0m15:57:46.299158 [info ] [Thread-3 (]: 5 of 7 START sql table model dev_star_schema.dim_properties .................... [RUN]
[0m15:57:46.363476 [debug] [Thread-6 (]: Databricks adapter: DatabricksDBTConnection(session-id=None, name=model.wanderbricks.fct_bookings) - Creating connection
[0m15:57:46.363932 [debug] [Thread-3 (]: Databricks adapter: DatabricksDBTConnection(session-id=None, name=model.wanderbricks.dim_properties) - Creating connection
[0m15:57:46.364535 [debug] [Thread-5 (]: Sending event: {'category': 'dbt', 'action': 'run_model', 'label': '01a51bcd-ee12-48cd-bde7-f67fd7a6e77b', 'context': [<snowplow_tracker.self_describing_json.SelfDescribingJson object at 0xffff7a6582c0>]}
[0m15:57:46.365946 [debug] [Thread-6 (]: Acquiring new databricks connection 'model.wanderbricks.fct_bookings'
[0m15:57:46.367025 [debug] [Thread-3 (]: Acquiring new databricks connection 'model.wanderbricks.dim_properties'
[0m15:57:46.368312 [info ] [Thread-5 (]: 3 of 7 OK created sql view model dev_staging.stg_users ......................... [[32mOK[0m in 1.58s]
[0m15:57:46.369357 [debug] [Thread-6 (]: Began compiling node model.wanderbricks.fct_bookings
[0m15:57:46.369860 [debug] [Thread-3 (]: Began compiling node model.wanderbricks.dim_properties
[0m15:57:46.370536 [debug] [Thread-5 (]: Finished running node model.wanderbricks.stg_users
[0m15:57:46.381048 [debug] [Thread-6 (]: Writing injected SQL for node "model.wanderbricks.fct_bookings"
[0m15:57:46.385993 [debug] [Thread-3 (]: Writing injected SQL for node "model.wanderbricks.dim_properties"
[0m15:57:46.389797 [debug] [Thread-4 (]: Began running node model.wanderbricks.dim_users
[0m15:57:46.391525 [info ] [Thread-4 (]: 6 of 7 START sql table model dev_star_schema.dim_users ......................... [RUN]
[0m15:57:46.392386 [debug] [Thread-4 (]: Databricks adapter: DatabricksDBTConnection(session-id=None, name=model.wanderbricks.dim_users) - Creating connection
[0m15:57:46.392714 [debug] [Thread-6 (]: Began executing node model.wanderbricks.fct_bookings
[0m15:57:46.393059 [debug] [Thread-4 (]: Acquiring new databricks connection 'model.wanderbricks.dim_users'
[0m15:57:46.405041 [debug] [Thread-4 (]: Began compiling node model.wanderbricks.dim_users
[0m15:57:46.405405 [debug] [Thread-3 (]: Began executing node model.wanderbricks.dim_properties
[0m15:57:46.422593 [debug] [Thread-4 (]: Writing injected SQL for node "model.wanderbricks.dim_users"
[0m15:57:46.422999 [debug] [Thread-6 (]: MATERIALIZING TABLE
[0m15:57:46.424943 [debug] [Thread-3 (]: MATERIALIZING TABLE
[0m15:57:46.457255 [debug] [Thread-6 (]: Writing runtime sql for node "model.wanderbricks.fct_bookings"
[0m15:57:46.457892 [debug] [Thread-4 (]: Began executing node model.wanderbricks.dim_users
[0m15:57:46.463702 [debug] [Thread-4 (]: MATERIALIZING TABLE
[0m15:57:46.470127 [debug] [Thread-4 (]: Writing runtime sql for node "model.wanderbricks.dim_users"
[0m15:57:46.480850 [debug] [Thread-3 (]: Writing runtime sql for node "model.wanderbricks.dim_properties"
[0m15:57:46.483411 [debug] [Thread-6 (]: Using databricks connection "model.wanderbricks.fct_bookings"
[0m15:57:46.484186 [debug] [Thread-4 (]: Using databricks connection "model.wanderbricks.dim_users"
[0m15:57:46.484924 [debug] [Thread-6 (]: On model.wanderbricks.fct_bookings: /* {"app": "dbt", "dbt_version": "1.11.2", "dbt_databricks_version": "1.11.4", "databricks_sql_connector_version": "4.1.3", "profile_name": "wanderbricks", "target_name": "dev", "node_id": "model.wanderbricks.fct_bookings"} */

  
    
        create or replace table `lakehouse`.`dev_star_schema`.`fct_bookings`
      
      
    using delta
  
      
      
      
      
      
      
      
      as
      with stg_bookings as (
    select * from `lakehouse`.`dev_staging`.`stg_bookings`
)

select
    booking_id,
    user_id,
    property_id,
    check_in,
    check_out,
    guests_count,
    total_amount,
    status,
    created_at,
    updated_at
from stg_bookings
  
[0m15:57:46.485378 [debug] [Thread-3 (]: Using databricks connection "model.wanderbricks.dim_properties"
[0m15:57:46.485642 [debug] [Thread-4 (]: On model.wanderbricks.dim_users: /* {"app": "dbt", "dbt_version": "1.11.2", "dbt_databricks_version": "1.11.4", "databricks_sql_connector_version": "4.1.3", "profile_name": "wanderbricks", "target_name": "dev", "node_id": "model.wanderbricks.dim_users"} */

  
    
        create or replace table `lakehouse`.`dev_star_schema`.`dim_users`
      
      
    using delta
  
      
      
      
      
      
      
      
      as
      with stg_users as (
    select * from `lakehouse`.`dev_staging`.`stg_users`
)

select
    user_id,
    email,
    name,
    country,
    user_type,
    created_at,
    is_business,
    company_name
from stg_users
  
[0m15:57:46.486046 [debug] [Thread-6 (]: Opening a new connection, currently in state init
[0m15:57:46.486382 [debug] [Thread-3 (]: On model.wanderbricks.dim_properties: /* {"app": "dbt", "dbt_version": "1.11.2", "dbt_databricks_version": "1.11.4", "databricks_sql_connector_version": "4.1.3", "profile_name": "wanderbricks", "target_name": "dev", "node_id": "model.wanderbricks.dim_properties"} */

  
    
        create or replace table `lakehouse`.`dev_star_schema`.`dim_properties`
      
      
    using delta
  
      
      
      
      
      
      
      
      as
      with stg_properties as (
    select * from `lakehouse`.`dev_staging`.`stg_properties`
)

select
    property_id,
    host_id,
    destination_id,
    title,
    description,
    base_price,
    property_type,
    max_guests,
    bedrooms,
    bathrooms,
    property_latitude,
    property_longitude,
    created_at
from stg_properties
  
[0m15:57:46.486737 [debug] [Thread-4 (]: Opening a new connection, currently in state init
[0m15:57:46.487742 [debug] [Thread-3 (]: Opening a new connection, currently in state init
[0m15:57:46.767261 [debug] [Thread-6 (]: Databricks adapter: Connection(session-id=01f0f098-9a90-17e2-acdd-772c1e454ef1) - Created
[0m15:57:46.771778 [debug] [Thread-3 (]: Databricks adapter: Connection(session-id=01f0f098-9a90-17f2-a80e-37d0be9dc5b4) - Created
[0m15:57:46.773734 [debug] [Thread-4 (]: Databricks adapter: Connection(session-id=01f0f098-9a90-1b38-9361-49223bf9762f) - Created
[0m15:57:50.190050 [debug] [Thread-4 (]: SQL status: OK in 3.700 seconds
[0m15:57:50.196401 [debug] [Thread-4 (]: Databricks adapter: Cursor(session-id=01f0f098-9a90-1b38-9361-49223bf9762f, command-id=01f0f098-9a99-1093-b809-d2fa47b9815b) - Closing
[0m15:57:50.210330 [debug] [Thread-4 (]: Applying tags to relation None
[0m15:57:50.226013 [debug] [Thread-4 (]: On model.wanderbricks.dim_users: Close
[0m15:57:50.226926 [debug] [Thread-4 (]: Databricks adapter: Connection(session-id=01f0f098-9a90-1b38-9361-49223bf9762f) - Closing
[0m15:57:50.298162 [debug] [Thread-4 (]: Sending event: {'category': 'dbt', 'action': 'run_model', 'label': '01a51bcd-ee12-48cd-bde7-f67fd7a6e77b', 'context': [<snowplow_tracker.self_describing_json.SelfDescribingJson object at 0xffff79c11fa0>]}
[0m15:57:50.300206 [info ] [Thread-4 (]: 6 of 7 OK created sql table model dev_star_schema.dim_users .................... [[32mOK[0m in 3.90s]
[0m15:57:50.301334 [debug] [Thread-4 (]: Finished running node model.wanderbricks.dim_users
[0m15:57:50.321180 [debug] [Thread-6 (]: SQL status: OK in 3.840 seconds
[0m15:57:50.323595 [debug] [Thread-6 (]: Databricks adapter: Cursor(session-id=01f0f098-9a90-17e2-acdd-772c1e454ef1, command-id=01f0f098-9a98-1b2e-a0e3-0c837184b798) - Closing
[0m15:57:50.324489 [debug] [Thread-6 (]: Applying tags to relation None
[0m15:57:50.326019 [debug] [Thread-6 (]: On model.wanderbricks.fct_bookings: Close
[0m15:57:50.326542 [debug] [Thread-6 (]: Databricks adapter: Connection(session-id=01f0f098-9a90-17e2-acdd-772c1e454ef1) - Closing
[0m15:57:50.375242 [debug] [Thread-3 (]: SQL status: OK in 3.890 seconds
[0m15:57:50.376366 [debug] [Thread-3 (]: Databricks adapter: Cursor(session-id=01f0f098-9a90-17f2-a80e-37d0be9dc5b4, command-id=01f0f098-9a98-1c2c-998f-8ce4d70baa07) - Closing
[0m15:57:50.377695 [debug] [Thread-3 (]: Applying tags to relation None
[0m15:57:50.400894 [debug] [Thread-3 (]: On model.wanderbricks.dim_properties: Close
[0m15:57:50.401570 [debug] [Thread-3 (]: Databricks adapter: Connection(session-id=01f0f098-9a90-17f2-a80e-37d0be9dc5b4) - Closing
[0m15:57:50.468329 [debug] [Thread-6 (]: Sending event: {'category': 'dbt', 'action': 'run_model', 'label': '01a51bcd-ee12-48cd-bde7-f67fd7a6e77b', 'context': [<snowplow_tracker.self_describing_json.SelfDescribingJson object at 0xffff79c04050>]}
[0m15:57:50.469228 [debug] [Thread-3 (]: Sending event: {'category': 'dbt', 'action': 'run_model', 'label': '01a51bcd-ee12-48cd-bde7-f67fd7a6e77b', 'context': [<snowplow_tracker.self_describing_json.SelfDescribingJson object at 0xffff79c0e420>]}
[0m15:57:50.469902 [info ] [Thread-6 (]: 4 of 7 OK created sql table model dev_star_schema.fct_bookings ................. [[32mOK[0m in 4.17s]
[0m15:57:50.471100 [debug] [Thread-6 (]: Finished running node model.wanderbricks.fct_bookings
[0m15:57:50.470604 [info ] [Thread-3 (]: 5 of 7 OK created sql table model dev_star_schema.dim_properties ............... [[32mOK[0m in 4.17s]
[0m15:57:50.472139 [debug] [Thread-3 (]: Finished running node model.wanderbricks.dim_properties
[0m15:57:50.474550 [debug] [Thread-5 (]: Began running node model.wanderbricks.dm_monthly_bookings
[0m15:57:50.475365 [info ] [Thread-5 (]: 7 of 7 START sql table model dev_datamarts.dm_monthly_bookings ................. [RUN]
[0m15:57:50.476941 [debug] [Thread-5 (]: Databricks adapter: DatabricksDBTConnection(session-id=None, name=model.wanderbricks.dm_monthly_bookings) - Creating connection
[0m15:57:50.477576 [debug] [Thread-5 (]: Acquiring new databricks connection 'model.wanderbricks.dm_monthly_bookings'
[0m15:57:50.478167 [debug] [Thread-5 (]: Began compiling node model.wanderbricks.dm_monthly_bookings
[0m15:57:50.493183 [debug] [Thread-5 (]: Writing injected SQL for node "model.wanderbricks.dm_monthly_bookings"
[0m15:57:50.496886 [debug] [Thread-5 (]: Began executing node model.wanderbricks.dm_monthly_bookings
[0m15:57:50.499610 [debug] [Thread-5 (]: MATERIALIZING TABLE
[0m15:57:50.501696 [debug] [Thread-5 (]: Writing runtime sql for node "model.wanderbricks.dm_monthly_bookings"
[0m15:57:50.504236 [debug] [Thread-5 (]: Using databricks connection "model.wanderbricks.dm_monthly_bookings"
[0m15:57:50.504677 [debug] [Thread-5 (]: On model.wanderbricks.dm_monthly_bookings: /* {"app": "dbt", "dbt_version": "1.11.2", "dbt_databricks_version": "1.11.4", "databricks_sql_connector_version": "4.1.3", "profile_name": "wanderbricks", "target_name": "dev", "node_id": "model.wanderbricks.dm_monthly_bookings"} */

  
    
        create or replace table `lakehouse`.`dev_datamarts`.`dm_monthly_bookings`
      
      
    using delta
  
      
      
      
      
      
      comment 'Aggregated monthly bookings with property details and user metrics'
      
      as
      with bookings as (
    select * from `lakehouse`.`dev_star_schema`.`fct_bookings`
),

properties as (
    select * from `lakehouse`.`dev_star_schema`.`dim_properties`
),

users as (
    select * from `lakehouse`.`dev_star_schema`.`dim_users`
),

joined as (
    select
        date_trunc('month', bookings.check_in) as booking_month,
        properties.title as property_title,
        properties.property_type,
        bookings.total_amount,
        bookings.user_id
    from bookings
    left join properties on bookings.property_id = properties.property_id
),

aggregated as (
    select
        booking_month,
        property_title,
        property_type,
        count(distinct user_id) as unique_users,
        count(*) as total_bookings,
        sum(total_amount) as total_revenue,
        avg(total_amount) as avg_booking_amount,
        min(total_amount) as min_booking_amount,
        max(total_amount) as max_booking_amount
    from joined
    group by 1, 2, 3
)

select * from aggregated
  
[0m15:57:50.505114 [debug] [Thread-5 (]: Opening a new connection, currently in state init
[0m15:57:50.688731 [debug] [Thread-5 (]: Databricks adapter: Connection(session-id=01f0f098-9ce5-1802-ae90-fae820244a30) - Created
[0m15:57:53.337237 [debug] [Thread-5 (]: SQL status: OK in 2.830 seconds
[0m15:57:53.340576 [debug] [Thread-5 (]: Databricks adapter: Cursor(session-id=01f0f098-9ce5-1802-ae90-fae820244a30, command-id=01f0f098-9cee-1e2c-8401-10b23ada4b56) - Closing
[0m15:57:53.344533 [debug] [Thread-5 (]: Applying tags to relation None
[0m15:57:53.353743 [debug] [Thread-5 (]: Using databricks connection "model.wanderbricks.dm_monthly_bookings"
[0m15:57:53.355226 [debug] [Thread-5 (]: On model.wanderbricks.dm_monthly_bookings: /* {"app": "dbt", "dbt_version": "1.11.2", "dbt_databricks_version": "1.11.4", "databricks_sql_connector_version": "4.1.3", "profile_name": "wanderbricks", "target_name": "dev", "node_id": "model.wanderbricks.dm_monthly_bookings"} */

    
  DESCRIBE TABLE EXTENDED `lakehouse`.`dev_datamarts`.`dm_monthly_bookings` AS JSON

  
[0m15:57:53.624009 [debug] [Thread-5 (]: SQL status: OK in 0.270 seconds
[0m15:57:53.632622 [debug] [Thread-5 (]: Databricks adapter: Cursor(session-id=01f0f098-9ce5-1802-ae90-fae820244a30, command-id=01f0f098-9e85-1a6b-83e4-4fa9e934917e) - Closing
[0m15:57:53.641131 [debug] [Thread-5 (]: Using databricks connection "model.wanderbricks.dm_monthly_bookings"
[0m15:57:53.642005 [debug] [Thread-5 (]: On model.wanderbricks.dm_monthly_bookings: /* {"app": "dbt", "dbt_version": "1.11.2", "dbt_databricks_version": "1.11.4", "databricks_sql_connector_version": "4.1.3", "profile_name": "wanderbricks", "target_name": "dev", "node_id": "model.wanderbricks.dm_monthly_bookings"} */

    COMMENT ON COLUMN `lakehouse`.`dev_datamarts`.`dm_monthly_bookings`.`booking_month` IS 'Month of the booking'
  
[0m15:57:54.482798 [debug] [Thread-5 (]: SQL status: OK in 0.840 seconds
[0m15:57:54.490648 [debug] [Thread-5 (]: Databricks adapter: Cursor(session-id=01f0f098-9ce5-1802-ae90-fae820244a30, command-id=01f0f098-9eb6-19a2-881b-cfda4b6fde50) - Closing
[0m15:57:54.497361 [debug] [Thread-5 (]: Using databricks connection "model.wanderbricks.dm_monthly_bookings"
[0m15:57:54.498134 [debug] [Thread-5 (]: On model.wanderbricks.dm_monthly_bookings: /* {"app": "dbt", "dbt_version": "1.11.2", "dbt_databricks_version": "1.11.4", "databricks_sql_connector_version": "4.1.3", "profile_name": "wanderbricks", "target_name": "dev", "node_id": "model.wanderbricks.dm_monthly_bookings"} */

    COMMENT ON COLUMN `lakehouse`.`dev_datamarts`.`dm_monthly_bookings`.`property_title` IS 'Title of the property'
  
[0m15:57:55.146158 [debug] [Thread-5 (]: SQL status: OK in 0.650 seconds
[0m15:57:55.149343 [debug] [Thread-5 (]: Databricks adapter: Cursor(session-id=01f0f098-9ce5-1802-ae90-fae820244a30, command-id=01f0f098-9f34-11d9-8d91-dcc3fdd3b016) - Closing
[0m15:57:55.150912 [debug] [Thread-5 (]: Using databricks connection "model.wanderbricks.dm_monthly_bookings"
[0m15:57:55.152609 [debug] [Thread-5 (]: On model.wanderbricks.dm_monthly_bookings: /* {"app": "dbt", "dbt_version": "1.11.2", "dbt_databricks_version": "1.11.4", "databricks_sql_connector_version": "4.1.3", "profile_name": "wanderbricks", "target_name": "dev", "node_id": "model.wanderbricks.dm_monthly_bookings"} */

    COMMENT ON COLUMN `lakehouse`.`dev_datamarts`.`dm_monthly_bookings`.`property_type` IS 'Type of the property'
  
[0m15:57:55.873970 [debug] [Thread-5 (]: SQL status: OK in 0.720 seconds
[0m15:57:55.876625 [debug] [Thread-5 (]: Databricks adapter: Cursor(session-id=01f0f098-9ce5-1802-ae90-fae820244a30, command-id=01f0f098-9f98-14e6-afd4-565da59d3bda) - Closing
[0m15:57:55.877423 [debug] [Thread-5 (]: Using databricks connection "model.wanderbricks.dm_monthly_bookings"
[0m15:57:55.879192 [debug] [Thread-5 (]: On model.wanderbricks.dm_monthly_bookings: /* {"app": "dbt", "dbt_version": "1.11.2", "dbt_databricks_version": "1.11.4", "databricks_sql_connector_version": "4.1.3", "profile_name": "wanderbricks", "target_name": "dev", "node_id": "model.wanderbricks.dm_monthly_bookings"} */

    COMMENT ON COLUMN `lakehouse`.`dev_datamarts`.`dm_monthly_bookings`.`unique_users` IS 'Number of unique users who made bookings'
  
[0m15:57:56.555264 [debug] [Thread-5 (]: SQL status: OK in 0.670 seconds
[0m15:57:56.558549 [debug] [Thread-5 (]: Databricks adapter: Cursor(session-id=01f0f098-9ce5-1802-ae90-fae820244a30, command-id=01f0f098-a007-19ff-9b46-ea4a16a93d81) - Closing
[0m15:57:56.560711 [debug] [Thread-5 (]: Using databricks connection "model.wanderbricks.dm_monthly_bookings"
[0m15:57:56.561446 [debug] [Thread-5 (]: On model.wanderbricks.dm_monthly_bookings: /* {"app": "dbt", "dbt_version": "1.11.2", "dbt_databricks_version": "1.11.4", "databricks_sql_connector_version": "4.1.3", "profile_name": "wanderbricks", "target_name": "dev", "node_id": "model.wanderbricks.dm_monthly_bookings"} */

    COMMENT ON COLUMN `lakehouse`.`dev_datamarts`.`dm_monthly_bookings`.`total_bookings` IS 'Total number of bookings'
  
[0m15:57:57.217223 [debug] [Thread-5 (]: SQL status: OK in 0.660 seconds
[0m15:57:57.218619 [debug] [Thread-5 (]: Databricks adapter: Cursor(session-id=01f0f098-9ce5-1802-ae90-fae820244a30, command-id=01f0f098-a06e-1c9c-95df-13087e0d03ec) - Closing
[0m15:57:57.219509 [debug] [Thread-5 (]: Using databricks connection "model.wanderbricks.dm_monthly_bookings"
[0m15:57:57.219969 [debug] [Thread-5 (]: On model.wanderbricks.dm_monthly_bookings: /* {"app": "dbt", "dbt_version": "1.11.2", "dbt_databricks_version": "1.11.4", "databricks_sql_connector_version": "4.1.3", "profile_name": "wanderbricks", "target_name": "dev", "node_id": "model.wanderbricks.dm_monthly_bookings"} */

    COMMENT ON COLUMN `lakehouse`.`dev_datamarts`.`dm_monthly_bookings`.`total_revenue` IS 'Total revenue from bookings'
  
[0m15:57:58.118038 [debug] [Thread-5 (]: SQL status: OK in 0.900 seconds
[0m15:57:58.127274 [debug] [Thread-5 (]: Databricks adapter: Cursor(session-id=01f0f098-9ce5-1802-ae90-fae820244a30, command-id=01f0f098-a0d4-1396-9ae6-d76f48790f15) - Closing
[0m15:57:58.131681 [debug] [Thread-5 (]: Using databricks connection "model.wanderbricks.dm_monthly_bookings"
[0m15:57:58.132585 [debug] [Thread-5 (]: On model.wanderbricks.dm_monthly_bookings: /* {"app": "dbt", "dbt_version": "1.11.2", "dbt_databricks_version": "1.11.4", "databricks_sql_connector_version": "4.1.3", "profile_name": "wanderbricks", "target_name": "dev", "node_id": "model.wanderbricks.dm_monthly_bookings"} */

    COMMENT ON COLUMN `lakehouse`.`dev_datamarts`.`dm_monthly_bookings`.`avg_booking_amount` IS 'Average booking amount'
  
[0m15:57:58.794508 [debug] [Thread-5 (]: SQL status: OK in 0.660 seconds
[0m15:57:58.799270 [debug] [Thread-5 (]: Databricks adapter: Cursor(session-id=01f0f098-9ce5-1802-ae90-fae820244a30, command-id=01f0f098-a15f-1b29-90b0-d85b4ef4f417) - Closing
[0m15:57:58.801573 [debug] [Thread-5 (]: Using databricks connection "model.wanderbricks.dm_monthly_bookings"
[0m15:57:58.802225 [debug] [Thread-5 (]: On model.wanderbricks.dm_monthly_bookings: /* {"app": "dbt", "dbt_version": "1.11.2", "dbt_databricks_version": "1.11.4", "databricks_sql_connector_version": "4.1.3", "profile_name": "wanderbricks", "target_name": "dev", "node_id": "model.wanderbricks.dm_monthly_bookings"} */

    COMMENT ON COLUMN `lakehouse`.`dev_datamarts`.`dm_monthly_bookings`.`min_booking_amount` IS 'Minimum booking amount'
  
[0m15:57:59.425306 [debug] [Thread-5 (]: SQL status: OK in 0.620 seconds
[0m15:57:59.426543 [debug] [Thread-5 (]: Databricks adapter: Cursor(session-id=01f0f098-9ce5-1802-ae90-fae820244a30, command-id=01f0f098-a1c4-1eb5-a19f-5bdf2335f8c0) - Closing
[0m15:57:59.427425 [debug] [Thread-5 (]: Using databricks connection "model.wanderbricks.dm_monthly_bookings"
[0m15:57:59.428083 [debug] [Thread-5 (]: On model.wanderbricks.dm_monthly_bookings: /* {"app": "dbt", "dbt_version": "1.11.2", "dbt_databricks_version": "1.11.4", "databricks_sql_connector_version": "4.1.3", "profile_name": "wanderbricks", "target_name": "dev", "node_id": "model.wanderbricks.dm_monthly_bookings"} */

    COMMENT ON COLUMN `lakehouse`.`dev_datamarts`.`dm_monthly_bookings`.`max_booking_amount` IS 'Maximum booking amount'
  
[0m15:58:00.098752 [debug] [Thread-5 (]: SQL status: OK in 0.670 seconds
[0m15:58:00.099956 [debug] [Thread-5 (]: Databricks adapter: Cursor(session-id=01f0f098-9ce5-1802-ae90-fae820244a30, command-id=01f0f098-a224-1782-8440-0b6a60557fa9) - Closing
[0m15:58:00.104436 [debug] [Thread-5 (]: On model.wanderbricks.dm_monthly_bookings: Close
[0m15:58:00.105016 [debug] [Thread-5 (]: Databricks adapter: Connection(session-id=01f0f098-9ce5-1802-ae90-fae820244a30) - Closing
[0m15:58:00.179068 [debug] [Thread-5 (]: Sending event: {'category': 'dbt', 'action': 'run_model', 'label': '01a51bcd-ee12-48cd-bde7-f67fd7a6e77b', 'context': [<snowplow_tracker.self_describing_json.SelfDescribingJson object at 0xffff79bea000>]}
[0m15:58:00.180868 [info ] [Thread-5 (]: 7 of 7 OK created sql table model dev_datamarts.dm_monthly_bookings ............ [[32mOK[0m in 9.70s]
[0m15:58:00.184466 [debug] [Thread-5 (]: Finished running node model.wanderbricks.dm_monthly_bookings
[0m15:58:00.193335 [debug] [MainThread]: Databricks adapter: DatabricksDBTConnection(session-id=None, name=master) - Creating connection
[0m15:58:00.194718 [debug] [MainThread]: Acquiring new databricks connection 'master'
[0m15:58:00.196711 [info ] [MainThread]: 
[0m15:58:00.197573 [info ] [MainThread]: Finished running 4 table models, 3 view models in 0 hours 0 minutes and 17.04 seconds (17.04s).
[0m15:58:00.201840 [debug] [MainThread]: Command end result
[0m15:58:00.401058 [debug] [MainThread]: Wrote artifact WritableManifest to /opt/airflow/dbt/target/manifest.json
[0m15:58:00.413312 [debug] [MainThread]: Wrote artifact SemanticManifest to /opt/airflow/dbt/target/semantic_manifest.json
[0m15:58:00.423808 [debug] [MainThread]: Wrote artifact RunExecutionResult to /opt/airflow/dbt/target/run_results.json
[0m15:58:00.424595 [info ] [MainThread]: 
[0m15:58:00.425923 [info ] [MainThread]: [32mCompleted successfully[0m
[0m15:58:00.426884 [info ] [MainThread]: 
[0m15:58:00.427399 [info ] [MainThread]: Done. PASS=7 WARN=0 ERROR=0 SKIP=0 NO-OP=0 TOTAL=7
[0m15:58:00.429097 [warn ] [MainThread]: [[33mWARNING[0m][DeprecationsSummary]: Deprecated functionality
Summary of encountered deprecations:
- MissingPlusPrefixDeprecation: 6 occurrences
- MissingArgumentsPropertyInGenericTestDeprecation: 4 occurrences
To see all deprecation instances instead of just the first occurrence of each,
run command again with the `--show-all-deprecations` flag. You may also need to
run with `--no-partial-parse` as some deprecations are only encountered during
parsing.
[0m15:58:00.434290 [debug] [MainThread]: Resource report: {"command_name": "run", "command_success": true, "command_wall_clock_time": 19.121365, "process_in_blocks": "0", "process_kernel_time": 0.60999, "process_mem_max_rss": "262796", "process_out_blocks": "5387", "process_user_time": 5.549194}
[0m15:58:00.435105 [debug] [MainThread]: Command `dbt run` succeeded at 15:58:00.434967 after 19.12 seconds
[0m15:58:00.435901 [debug] [MainThread]: Sending event: {'category': 'dbt', 'action': 'invocation', 'label': 'end', 'context': [<snowplow_tracker.self_describing_json.SelfDescribingJson object at 0xffff92953bc0>, <snowplow_tracker.self_describing_json.SelfDescribingJson object at 0xffff79cd01a0>, <snowplow_tracker.self_describing_json.SelfDescribingJson object at 0xffff7c48ba70>]}
[0m15:58:00.436400 [debug] [MainThread]: Flushing usage events
[0m15:58:01.141777 [debug] [MainThread]: An error was encountered while trying to flush usage events
